Time [s],Voltage [V],Capacity [A.h],Chemistry,Battery_ID
0.0,3.523650889254691,0.0,LFP,1
0.0024226101547949,3.5169789919379832,1.5300235555241607e-06,LFP,1
0.0048452203095898,3.515802702853359,3.0600471110483214e-06,LFP,1
0.0096904406191797,3.5185998233414253,6.120094222096643e-06,LFP,1
0.0193808812383595,3.509347036085758,1.2240188444193285e-05,LFP,1
0.0387617624767191,3.5136947968695997,2.448037688838657e-05,LFP,1
0.0775235249534382,3.5169361645830564,4.896075377677314e-05,LFP,1
0.1550470499068764,3.5086504437486745,9.79215075535463e-05,LFP,1
0.2325705748603146,3.504292171116832,0.00014688226133026348,LFP,1
0.3876176247671911,3.493934182049487,0.0002448037688838054,LFP,1
0.5426646746740675,3.481198178450527,0.00034272527643734735,LFP,1
0.697711724580944,3.4781223556729532,0.0004406467839908893,LFP,1
0.8527587744878204,3.4758596627097473,0.0005385682915444312,LFP,1
1.0078058243946968,3.4707945551615778,0.0006364897990979732,LFP,1
1.1628528743015734,3.4555107296698413,0.0007344113066515151,LFP,1
1.4729469741153265,3.457783026894222,0.0009302543217585991,LFP,1
1.7830410739290792,3.447159740831598,0.0011260973368657817,LFP,1
2.093135173742832,3.4348312553322207,0.0013219403519728655,LFP,1
2.403229273556585,3.4357497260192664,0.0015177833670799495,LFP,1
2.713323373370338,3.438325236099468,0.0017136263821870333,LFP,1
3.333511572997844,3.424190495696511,0.002105312412401201,LFP,1
3.9536997726253498,3.412977494041464,0.0024969984426153687,LFP,1
4.573887972252855,3.408053179914867,0.0028886844728295367,LFP,1
5.194076171880361,3.401778277953854,0.0032803705030437047,LFP,1
5.814264371507868,3.3909536191029104,0.003672056533257971,LFP,1
6.434452571135374,3.3892265040917,0.004063742563472138,LFP,1
7.05464077076288,3.3886422235379987,0.004455428593686307,LFP,1
8.295017170017893,3.380068081453044,0.005238800654114642,LFP,1
9.535393569272903,3.3666934522700664,0.006022172714543077,LFP,1
10.775769968527918,3.3625788451934677,0.006805544774971412,LFP,1
12.01614636778293,3.3559801963737352,0.007588916835399748,LFP,1
13.256522767037945,3.3555288502224223,0.008372288895828181,LFP,1
15.737275565547966,3.3453221182149675,0.009939033016684853,LFP,1
18.21802836405799,3.3240958533082794,0.011505777137541622,LFP,1
20.69878116256801,3.319224421337531,0.013072521258398393,LFP,1
23.179533961078036,3.31619857723515,0.014639265379255162,LFP,1
25.66028675958806,3.3088495694906137,0.01620600950011183,LFP,1
28.14103955809809,3.3040806942923844,0.0177727536209686,LFP,1
30.62179235660811,3.290957187635065,0.019339497741825373,LFP,1
33.102545155118136,3.2953592690400826,0.020906241862682046,LFP,1
38.064050752138186,3.277529398935219,0.024039730104395585,LFP,1
43.02555634915824,3.2881687624783633,0.027173218346109026,LFP,1
47.98706194617829,3.278585161611798,0.030306706587822564,LFP,1
52.94856754319834,3.2629637868503676,0.03344019482953601,LFP,1
57.91007314021839,3.261043196084079,0.036573683071249447,LFP,1
62.87157873723844,3.264568300986974,0.03970717131296299,LFP,1
67.83308433425849,3.259361270836744,0.042840659554676426,LFP,1
72.79458993127854,3.260722325716001,0.04597414779638997,LFP,1
77.75609552829859,3.25135083864349,0.049107636038103405,LFP,1
82.71760112531864,3.2553407503975538,0.05224112427981684,LFP,1
87.67910672233869,3.251783935586575,0.055374612521530385,LFP,1
97.60211791637876,3.247411251914126,0.06164158900495737,LFP,1
107.52512911041887,3.246599848822724,0.06790856548838425,LFP,1
117.44814030445896,3.244726336318342,0.07417554197181123,LFP,1
127.37115149849907,3.2458963564875867,0.08044251845523821,LFP,1
137.29416269253915,3.2427760208539573,0.08670949493866519,LFP,1
147.21717388657927,3.251522691582466,0.09297647142209217,LFP,1
167.06319627465945,3.2458302981437623,0.10551042438894605,LFP,1
186.90921866273965,3.2425963061029135,0.1180443773558,LFP,1
206.75524105081985,3.2456859206419133,0.13057833032265395,LFP,1
226.60126343890005,3.2509050913661457,0.1431122832895078,LFP,1
266.2933082150604,3.2530207335180914,0.16818018922321565,LFP,1
305.9853529912208,3.2544654477996664,0.19324809515692346,LFP,1
345.6773977673812,3.242322520477038,0.2183160010906314,LFP,1
385.3694425435416,3.2416242212982804,0.2433839070243392,LFP,1
425.061487319702,3.2357956464660966,0.26845181295804704,LFP,1
464.7535320958624,3.2228124877510633,0.2935197188917549,LFP,1
544.1376216481831,3.215261668594749,0.3436555307591706,LFP,1
623.5217112005039,3.2108069867153755,0.39379134262658627,LFP,1
702.9058007528247,3.2024658999236557,0.4439271544940019,LFP,1
782.2898903051455,3.1944845546854728,0.4940629663614176,LFP,1
861.6739798574663,3.2054771045918184,0.5441987782288333,LFP,1
941.0580694097872,3.2057350071489523,0.594334590096249,LFP,1
1020.442158962108,3.203546110819724,0.6444704019636647,LFP,1
1179.2103380667495,3.2053415430423247,0.744742025698496,LFP,1
1337.978517171391,3.2080749549031435,0.8450136494333274,LFP,1
1496.7466962760327,3.185234747177548,0.9452852731681587,LFP,1
1655.5148753806743,3.186719126757783,1.0455568969029905,LFP,1
1814.283054485316,3.1718409926560027,1.1458285206378216,LFP,1
1973.0512335899575,3.1272625362393383,1.246100144372653,LFP,1
2131.819412694599,3.1131596263871897,1.3463717681074843,LFP,1
2290.5875917992407,3.1018484109223303,1.4466433918423154,LFP,1
2608.123950008524,2.949801993474377,1.6471866393119787,LFP,1
2893.9066723968785,2.6446440789140246,1.827675562034675,LFP,1
2941.9693959033148,2.505825719611733,1.858030053433939,LFP,1
0.0,3.5120603352336155,0.0,LFP,2
0.0024226101547949,3.5183137416626855,1.283716016657828e-06,LFP,2
0.0048452203095898,3.516858076341881,2.567432033315656e-06,LFP,2
0.0096904406191797,3.5208340105482128,5.134864066631312e-06,LFP,2
0.0193808812383595,3.5137408075597683,1.0269728133262624e-05,LFP,2
0.0387617624767191,3.5124756433020186,2.0539456266525248e-05,LFP,2
0.0775235249534382,3.510536279299709,4.1078912533050495e-05,LFP,2
0.1550470499068764,3.51009917371562,8.2157825066101e-05,LFP,2
0.2325705748603146,3.497569668298314,0.00012323673759910455,LFP,2
0.3876176247671911,3.4857234709413847,0.00020539456266520189,LFP,2
0.5426646746740675,3.501432301604891,0.00028755238773129927,LFP,2
0.697711724580944,3.4785548693938764,0.0003697102127973966,LFP,2
0.8527587744878204,3.4660643521265126,0.00045186803786349393,LFP,2
1.0078058243946968,3.464130543526271,0.0005340258629295913,LFP,2
1.1628528743015734,3.4662363372070275,0.0006161836879956887,LFP,2
1.4729469741153265,3.4509760326219765,0.0007804993381278834,LFP,2
1.7830410739290792,3.445202485719718,0.0009448149882601611,LFP,2
2.093135173742832,3.4408177975220156,0.0011091306383923555,LFP,2
2.403229273556585,3.4266013680930003,0.0012734462885245503,LFP,2
2.713323373370338,3.4229212969982585,0.001437761938656745,LFP,2
3.333511572997844,3.4200479164268693,0.0017663932389211344,LFP,2
3.9536997726253498,3.40962459109817,0.002095024539185524,LFP,2
4.573887972252855,3.4110030020937367,0.0024236558394499135,LFP,2
5.194076171880361,3.3968071275381084,0.002752287139714303,LFP,2
5.814264371507868,3.4024910024343176,0.003080918439978775,LFP,2
6.434452571135374,3.3903597251230786,0.003409549740243164,LFP,2
7.05464077076288,3.3829863203735653,0.0037381810405075536,LFP,2
8.295017170017893,3.377604982320053,0.004395443641036333,LFP,2
9.535393569272903,3.365025861136417,0.005052706241565195,LFP,2
10.775769968527918,3.3541527559703312,0.005709968842093974,LFP,2
12.01614636778293,3.350562988784348,0.006367231442622753,LFP,2
13.256522767037945,3.3426205661959485,0.007024494043151613,LFP,2
15.737275565547966,3.33496626789046,0.008339019244209172,LFP,2
18.21802836405799,3.325002923707165,0.009653544445266811,LFP,2
20.69878116256801,3.3160386186318282,0.010968069646324453,LFP,2
23.179533961078036,3.311934528048049,0.012282594847382092,LFP,2
25.66028675958806,3.2988087612707737,0.013597120048439649,LFP,2
28.14103955809809,3.3048114471412857,0.01491164524949729,LFP,2
30.62179235660811,3.290496358565349,0.01622617045055493,LFP,2
33.102545155118136,3.2977765063957185,0.01754069565161249,LFP,2
38.064050752138186,3.2808683961936866,0.02016974605372777,LFP,2
43.02555634915824,3.286890463841656,0.02279879645584297,LFP,2
47.98706194617829,3.2721050580328965,0.02542784685795825,LFP,2
52.94856754319834,3.268266969192956,0.02805689726007345,LFP,2
57.91007314021839,3.2679815283952545,0.030685947662188646,LFP,2
62.87157873723844,3.261624645129506,0.03331499806430393,LFP,2
67.83308433425849,3.2596793692960104,0.035944048466419125,LFP,2
72.79458993127854,3.2477839549323253,0.038573098868534404,LFP,2
77.75609552829859,3.2546365508789337,0.04120214927064961,LFP,2
82.71760112531864,3.251995215744613,0.0438311996727648,LFP,2
87.67910672233869,3.2550244994162076,0.04646025007488008,LFP,2
97.60211791637876,3.2445374089683288,0.051718350879110565,LFP,2
107.52512911041887,3.2492034926997357,0.056976451683340965,LFP,2
117.44814030445896,3.2542873617138293,0.06223455248757143,LFP,2
127.37115149849907,3.246303540904126,0.06749265329180192,LFP,2
137.29416269253915,3.25309407659599,0.07275075409603239,LFP,2
147.21717388657927,3.234023185682439,0.07800885490026288,LFP,2
167.06319627465945,3.24049824777315,0.08852505650872376,LFP,2
186.90921866273965,3.253340125888507,0.09904125811718471,LFP,2
206.75524105081985,3.245111058633364,0.10955745972564566,LFP,2
226.60126343890005,3.2495223131773723,0.12007366133410655,LFP,2
266.2933082150604,3.2570891102292894,0.1411060645510284,LFP,2
305.9853529912208,3.2520831091213798,0.1621384677679502,LFP,2
345.6773977673812,3.2422151307773173,0.18317087098487214,LFP,2
385.3694425435416,3.236759147398576,0.20420327420179396,LFP,2
425.061487319702,3.227433439468192,0.22523567741871578,LFP,2
464.7535320958624,3.2276311940156623,0.24626808063563763,LFP,2
544.1376216481831,3.219277319514391,0.28833288706948135,LFP,2
623.5217112005039,3.2003665570413937,0.3303976935033251,LFP,2
702.9058007528247,3.1962058683028087,0.37246249993716873,LFP,2
782.2898903051455,3.1987536698379158,0.4145273063710125,LFP,2
861.6739798574663,3.207009385414012,0.4565921128048562,LFP,2
941.0580694097872,3.2023696855500683,0.49865691923869987,LFP,2
1020.442158962108,3.200376781192239,0.5407217256725435,LFP,2
1179.2103380667495,3.201411623857011,0.6248513385402309,LFP,2
1337.978517171391,3.2037721056296706,0.7089809514079184,LFP,2
1496.7466962760327,3.188247056340017,0.7931105642756057,LFP,2
1655.5148753806743,3.18811804775563,0.8772401771432934,LFP,2
1814.283054485316,3.1636220720956953,0.9613697900109807,LFP,2
1973.0512335899575,3.1412626994607376,1.045499402878668,LFP,2
2131.819412694599,3.1209525413211523,1.1296290157463553,LFP,2
2290.5875917992407,3.0962031623630497,1.2137586286140427,LFP,2
2608.123950008524,2.9504146101566113,1.3820178543494177,LFP,2
2893.9066723968785,2.6375731574917904,1.533451157511255,LFP,2
2941.9693959033148,2.49985004559773,1.558919096645949,LFP,2
0.0,3.5153836785583557,0.0,LFP,3
0.0024226101547949,3.52375659034424,1.288328455425555e-06,LFP,3
0.0048452203095898,3.5133401674823173,2.57665691085111e-06,LFP,3
0.0096904406191797,3.5064597767619903,5.15331382170222e-06,LFP,3
0.0193808812383595,3.506084636473285,1.030662764340444e-05,LFP,3
0.0387617624767191,3.5173724808167925,2.061325528680888e-05,LFP,3
0.0775235249534382,3.5079545836649935,4.122651057361776e-05,LFP,3
0.1550470499068764,3.5162972174574088,8.245302114723552e-05,LFP,3
0.2325705748603146,3.5027144587743146,0.00012367953172080619,LFP,3
0.3876176247671911,3.4850595055215394,0.000206132552868038,LFP,3
0.5426646746740675,3.480289602457056,0.0002885855740152699,LFP,3
0.697711724580944,3.4724402984481118,0.00037103859516250177,LFP,3
0.8527587744878204,3.472137094256587,0.0004534916163097336,LFP,3
1.0078058243946968,3.4653059866621194,0.0005359446374569655,LFP,3
1.1628528743015734,3.47163769541616,0.0006183976586041974,LFP,3
1.4729469741153265,3.460321271538063,0.0007833037008986611,LFP,3
1.7830410739290792,3.4553342048370723,0.0009482097431932081,LFP,3
2.093135173742832,3.4363880760945884,0.0011131157854876717,LFP,3
2.403229273556585,3.4315511999176653,0.0012780218277821354,LFP,3
2.713323373370338,3.421047745247147,0.0014429278700765992,LFP,3
3.333511572997844,3.423714146644714,0.0017727399546655267,LFP,3
3.9536997726253498,3.4157259031332927,0.002102552039254454,LFP,3
4.573887972252855,3.4109893629865735,0.0024323641238433815,LFP,3
5.194076171880361,3.3940087741858886,0.002762176208432309,LFP,3
5.814264371507868,3.3923854282226644,0.00309198829302132,LFP,3
6.434452571135374,3.39488691637493,0.003421800377610247,LFP,3
7.05464077076288,3.3856411335526237,0.0037516124621991744,LFP,3
8.295017170017893,3.389476865095335,0.0044112366313770295,LFP,3
9.535393569272903,3.3580153669767103,0.005070860800554968,LFP,3
10.775769968527918,3.3600406334000352,0.005730484969732823,LFP,3
12.01614636778293,3.3610228587945663,0.006390109138910678,LFP,3
13.256522767037945,3.3552522790252466,0.007049733308088615,LFP,3
15.737275565547966,3.3369997982242845,0.008368981646444326,LFP,3
18.21802836405799,3.3312841294200073,0.009688229984800118,LFP,3
20.69878116256801,3.3167395426522095,0.011007478323155911,LFP,3
23.179533961078036,3.3104512325127535,0.012326726661511704,LFP,3
25.66028675958806,3.305688449623582,0.013645974999867413,LFP,3
28.14103955809809,3.3020816723723208,0.014965223338223208,LFP,3
30.62179235660811,3.2999770065084806,0.016284471676579,LFP,3
33.102545155118136,3.291601617120223,0.01760372001493471,LFP,3
38.064050752138186,3.2892655445433934,0.020242216691646296,LFP,3
43.02555634915824,3.2807678638653575,0.0228807133683578,LFP,3
47.98706194617829,3.273902484675925,0.025519210045069386,LFP,3
52.94856754319834,3.2799980275822915,0.02815770672178089,LFP,3
57.91007314021839,3.2679426715936954,0.03079620339849239,LFP,3
62.87157873723844,3.2681139178071636,0.03343470007520398,LFP,3
67.83308433425849,3.2593495950234654,0.036073196751915476,LFP,3
72.79458993127854,3.269233470546479,0.03871169342862707,LFP,3
77.75609552829859,3.250363496761147,0.041350190105338566,LFP,3
82.71760112531864,3.2561328352147547,0.04398868678205007,LFP,3
87.67910672233869,3.243838816500008,0.046627183458761656,LFP,3
97.60211791637876,3.2494395613657545,0.051904176812184746,LFP,3
107.52512911041887,3.258682400334098,0.05718117016560775,LFP,3
117.44814030445896,3.2443522706890993,0.062458163519030836,LFP,3
127.37115149849907,3.2432283351219984,0.06773515687245393,LFP,3
137.29416269253915,3.2497884310565524,0.07301215022587701,LFP,3
147.21717388657927,3.2450337151506936,0.07828914357930011,LFP,3
167.06319627465945,3.2465855114238296,0.08884313028614621,LFP,3
186.90921866273965,3.24811797173815,0.09939711699299239,LFP,3
206.75524105081985,3.2475717024617516,0.10995110369983856,LFP,3
226.60126343890005,3.2509441012950258,0.12050509040668465,LFP,3
266.2933082150604,3.2483997306690946,0.14161306382037694,LFP,3
305.9853529912208,3.2374632885092205,0.1627210372340692,LFP,3
345.6773977673812,3.244000728205863,0.18382901064776155,LFP,3
385.3694425435416,3.2350156678389475,0.20493698406145383,LFP,3
425.061487319702,3.2305021101593128,0.22604495747514608,LFP,3
464.7535320958624,3.2213812059091853,0.24715293088883838,LFP,3
544.1376216481831,3.212998846433542,0.289368877716223,LFP,3
623.5217112005039,3.2084410621608863,0.33158482454360755,LFP,3
702.9058007528247,3.2097313503377496,0.3738007713709921,LFP,3
782.2898903051455,3.211541078180497,0.4160167181983767,LFP,3
861.6739798574663,3.2042543297448054,0.45823266502576127,LFP,3
941.0580694097872,3.207183740932244,0.5004486118531458,LFP,3
1020.442158962108,3.2080120598815793,0.5426645586805304,LFP,3
1179.2103380667495,3.202651602792995,0.6270964523352995,LFP,3
1337.978517171391,3.201855368488001,0.7115283459900688,LFP,3
1496.7466962760327,3.1984105209870997,0.7959602396448378,LFP,3
1655.5148753806743,3.1886568372396935,0.8803921332996073,LFP,3
1814.283054485316,3.154415302554944,0.9648240269543763,LFP,3
1973.0512335899575,3.1403069586435683,1.0492559206091454,LFP,3
2131.819412694599,3.1136929236938506,1.1336878142639146,LFP,3
2290.5875917992407,3.100169446123825,1.2181197079186836,LFP,3
2608.123950008524,2.9593563611468676,1.3869834952282223,LFP,3
2893.9066723968785,2.6437759968936683,1.5389609038068066,LFP,3
2941.9693959033148,2.494439497752127,1.5645203501816336,LFP,3
0.0,3.5204410689506744,0.0,LFP,4
0.0024226101547949,3.51835930370093,1.527647790277823e-06,LFP,4
0.0048452203095898,3.515676641897298,3.055295580555646e-06,LFP,4
0.0096904406191797,3.513590366828671,6.110591161111292e-06,LFP,4
0.0193808812383595,3.514949285857281,1.2221182322222583e-05,LFP,4
0.0387617624767191,3.514239101129988,2.4442364644445167e-05,LFP,4
0.0775235249534382,3.5196755347241706,4.888472928889033e-05,LFP,4
0.1550470499068764,3.5103408851845814,9.776945857778068e-05,LFP,4
0.2325705748603146,3.495865577033709,0.00014665418786661516,LFP,4
0.3876176247671911,3.4842718091763167,0.00024442364644439147,LFP,4
0.5426646746740675,3.4878991881554797,0.00034219310502216785,LFP,4
0.697711724580944,3.479760909286324,0.0004399625635999441,LFP,4
0.8527587744878204,3.473220874120399,0.0005377320221777205,LFP,4
1.0078058243946968,3.4796742356686288,0.0006355014807554968,LFP,4
1.1628528743015734,3.462564614907108,0.0007332709393332732,LFP,4
1.4729469741153265,3.4554391093426715,0.0009288098564888259,LFP,4
1.7830410739290792,3.4576607533644226,0.0011243487736444773,LFP,4
2.093135173742832,3.440441045258024,0.0013198876908000299,LFP,4
2.403229273556585,3.442346509179236,0.0015154266079555826,LFP,4
2.713323373370338,3.4338946251816798,0.0017109655251111352,LFP,4
3.333511572997844,3.42358986889323,0.0021020433594222407,LFP,4
3.9536997726253498,3.414546685135736,0.002493121193733346,LFP,4
4.573887972252855,3.402742201648825,0.0028841990280444514,LFP,4
5.194076171880361,3.40021400534549,0.003275276862355557,LFP,4
5.814264371507868,3.4019302447458966,0.003666354696666761,LFP,4
6.434452571135374,3.38265769687892,0.0040574325309778655,LFP,4
7.05464077076288,3.3856371820688747,0.004448510365288971,LFP,4
8.295017170017893,3.362895143025297,0.005230666033911182,LFP,4
9.535393569272903,3.360297623063033,0.006012821702533491,LFP,4
10.775769968527918,3.3495285347304002,0.006794977371155702,LFP,4
12.01614636778293,3.3525007412150476,0.007577133039777913,LFP,4
13.256522767037945,3.3513342369505295,0.008359288708400222,LFP,4
15.737275565547966,3.340303798286023,0.009923600045644644,LFP,4
18.21802836405799,3.323743298937013,0.011487911382889163,LFP,4
20.69878116256801,3.3253091446157255,0.013052222720133684,LFP,4
23.179533961078036,3.312261430198843,0.014616534057378203,LFP,4
25.66028675958806,3.3105952999717925,0.016180845394622625,LFP,4
28.14103955809809,3.296130935223128,0.017745156731867145,LFP,4
30.62179235660811,3.2966851056866844,0.019309468069111668,LFP,4
33.102545155118136,3.2877609499817693,0.02087377940635609,LFP,4
38.064050752138186,3.2861799154833706,0.02400240208084513,LFP,4
43.02555634915824,3.2861899068882137,0.02713102475533407,LFP,4
47.98706194617829,3.272504636287418,0.03025964742982311,LFP,4
52.94856754319834,3.2660914891235615,0.03338827010431205,LFP,4
57.91007314021839,3.269980092327552,0.03651689277880099,LFP,4
62.87157873723844,3.2606450472243687,0.03964551545329004,LFP,4
67.83308433425849,3.260378424581966,0.04277413812777897,LFP,4
72.79458993127854,3.263056290583958,0.04590276080226802,LFP,4
77.75609552829859,3.2528561717723106,0.04903138347675696,LFP,4
82.71760112531864,3.261424507011308,0.05216000615124589,LFP,4
87.67910672233869,3.25391260757107,0.05528862882573494,LFP,4
97.60211791637876,3.252098768087115,0.06154587417471292,LFP,4
107.52512911041887,3.2578733008336673,0.06780311952369081,LFP,4
117.44814030445896,3.247351740020096,0.07406036487266877,LFP,4
127.37115149849907,3.2425512475760185,0.08031761022164677,LFP,4
137.29416269253915,3.2425366516038028,0.08657485557062475,LFP,4
147.21717388657927,3.243679806278611,0.09283210091960273,LFP,4
167.06319627465945,3.2474733411454975,0.1053465916175586,LFP,4
186.90921866273965,3.246367415719483,0.11786108231551456,LFP,4
206.75524105081985,3.2361115190686705,0.13037557301347052,LFP,4
226.60126343890005,3.2492755902854626,0.14289006371142637,LFP,4
266.2933082150604,3.2473691058502876,0.16791904510733824,LFP,4
305.9853529912208,3.2457109550625542,0.19294802650325005,LFP,4
345.6773977673812,3.238624235451441,0.21797700789916197,LFP,4
385.3694425435416,3.241907212818186,0.24300598929507378,LFP,4
425.061487319702,3.224422971501234,0.2680349706909856,LFP,4
464.7535320958624,3.2339493750317203,0.29306395208689745,LFP,4
544.1376216481831,3.218271257071768,0.3431219148787212,LFP,4
623.5217112005039,3.2077733592448685,0.3931798776705449,LFP,4
702.9058007528247,3.2050587146637404,0.4432378404623685,LFP,4
782.2898903051455,3.219365550349185,0.49329580325419226,LFP,4
861.6739798574663,3.1978370172464796,0.5433537660460159,LFP,4
941.0580694097872,3.2000663755909042,0.5934117288378397,LFP,4
1020.442158962108,3.2037358601123405,0.6434696916296634,LFP,4
1179.2103380667495,3.2067848071562572,0.7435856172133107,LFP,4
1337.978517171391,3.2080855712507006,0.8437015427969581,LFP,4
1496.7466962760327,3.202194963134363,0.9438174683806054,LFP,4
1655.5148753806743,3.1732235558596105,1.0439333939642532,LFP,4
1814.283054485316,3.1687089934959505,1.1440493195479005,LFP,4
1973.0512335899575,3.141374009936859,1.2441652451315477,LFP,4
2131.819412694599,3.1198908655487014,1.3442811707151952,LFP,4
2290.5875917992407,3.1016360406472234,1.4443970962988424,LFP,4
2608.123950008524,2.951422436053763,1.6446289474661375,LFP,4
2893.9066723968785,2.641123158938841,1.8248376135167026,LFP,4
2941.9693959033148,2.497707794802079,1.85514497155944,LFP,4
0.0,3.5246345056381694,0.0,LFP,5
0.0024226101547949,3.5250377913092277,1.3897831552657316e-06,LFP,5
0.0048452203095898,3.5157433797318305,2.779566310531463e-06,LFP,5
0.0096904406191797,3.5150301784923648,5.559132621062926e-06,LFP,5
0.0193808812383595,3.5119107840794257,1.1118265242125853e-05,LFP,5
0.0387617624767191,3.5191659020716837,2.2236530484251706e-05,LFP,5
0.0775235249534382,3.512460146194748,4.447306096850341e-05,LFP,5
0.1550470499068764,3.504487424259632,8.894612193700684e-05,LFP,5
0.2325705748603146,3.4905032666640223,0.00013341918290545943,LFP,5
0.3876176247671911,3.497002528622376,0.00022236530484246228,LFP,5
0.5426646746740675,3.4730178628510897,0.0003113114267794652,LFP,5
0.697711724580944,3.467094120825667,0.00040025754871646804,LFP,5
0.8527587744878204,3.4718982411050554,0.0004892036706534709,LFP,5
1.0078058243946968,3.47683419084252,0.0005781497925904739,LFP,5
1.1628528743015734,3.4675183986087292,0.0006670959145274767,LFP,5
1.4729469741153265,3.452354850512891,0.0008449881584014825,LFP,5
1.7830410739290792,3.449839741636768,0.0010228804022755782,LFP,5
2.093135173742832,3.445367119453584,0.0012007726461495838,LFP,5
2.403229273556585,3.434545768553985,0.0013786648900235895,LFP,5
2.713323373370338,3.4331623274446277,0.0015565571338975953,LFP,5
3.333511572997844,3.41819030097662,0.0019123416216456069,LFP,5
3.9536997726253498,3.4088841875997886,0.0022681261093936184,LFP,5
4.573887972252855,3.414545024758116,0.00262391059714163,LFP,5
5.194076171880361,3.3965540045827,0.002979695084889642,LFP,5
5.814264371507868,3.3846210849953087,0.003335479572637743,LFP,5
6.434452571135374,3.3814018731916553,0.003691264060385754,LFP,5
7.05464077076288,3.3780198478654464,0.004047048548133766,LFP,5
8.295017170017893,3.374527331416709,0.004758617523629789,LFP,5
9.535393569272903,3.372473959260244,0.005470186499125902,LFP,5
10.775769968527918,3.3683079745169864,0.006181755474621925,LFP,5
12.01614636778293,3.353078981986941,0.006893324450117948,LFP,5
13.256522767037945,3.355678104219144,0.00760489342561406,LFP,5
15.737275565547966,3.334264872640472,0.009028031376606106,LFP,5
18.21802836405799,3.3288816296144197,0.010451169327598242,LFP,5
20.69878116256801,3.31828824280242,0.011874307278590379,LFP,5
23.179533961078036,3.311160947345916,0.013297445229582514,LFP,5
25.66028675958806,3.3068227288247836,0.01472058318057456,LFP,5
28.14103955809809,3.3014007794282105,0.016143721131566695,LFP,5
30.62179235660811,3.2921888451866734,0.017566859082558832,LFP,5
33.102545155118136,3.2864361669239295,0.01898999703355088,LFP,5
38.064050752138186,3.2938047411081985,0.02183627293553515,LFP,5
43.02555634915824,3.274209382147912,0.024682548837519334,LFP,5
47.98706194617829,3.2774214736452327,0.027528824739503605,LFP,5
52.94856754319834,3.277507681914397,0.03037510064148779,LFP,5
57.91007314021839,3.2518506618328997,0.033221376543471966,LFP,5
62.87157873723844,3.272810738229394,0.03606765244545624,LFP,5
67.83308433425849,3.2653417548984334,0.038913928347440424,LFP,5
72.79458993127854,3.2549963319595436,0.0417602042494247,LFP,5
77.75609552829859,3.2610661249524755,0.044606480151408875,LFP,5
82.71760112531864,3.259014438073388,0.04745275605339305,LFP,5
87.67910672233869,3.2551819734978813,0.05029903195537733,LFP,5
97.60211791637876,3.2566372964875834,0.055991583759345785,LFP,5
107.52512911041887,3.242058651583351,0.06168413556331415,LFP,5
117.44814030445896,3.240348617300422,0.0673766873672826,LFP,5
127.37115149849907,3.2529597619059736,0.07306923917125106,LFP,5
137.29416269253915,3.2567209896550837,0.0787617909752195,LFP,5
147.21717388657927,3.260251951867532,0.08445434277918797,LFP,5
167.06319627465945,3.241226681744238,0.09583944638712479,LFP,5
186.90921866273965,3.238967515580467,0.1072245499950617,LFP,5
206.75524105081985,3.238858512242735,0.11860965360299859,LFP,5
226.60126343890005,3.247333932744592,0.12999475721093542,LFP,5
266.2933082150604,3.250729399934794,0.15276496442680915,LFP,5
305.9853529912208,3.243192267056165,0.17553517164268287,LFP,5
345.6773977673812,3.241398874055363,0.19830537885855667,LFP,5
385.3694425435416,3.2353489632196113,0.2210755860744304,LFP,5
425.061487319702,3.231331750251303,0.24384579329030412,LFP,5
464.7535320958624,3.226224509789467,0.26661600050617784,LFP,5
544.1376216481831,3.2173446742233973,0.3121564149379254,LFP,5
623.5217112005039,3.208423218734402,0.3576968293696729,LFP,5
702.9058007528247,3.2079733349208026,0.4032372438014203,LFP,5
782.2898903051455,3.2113181702790983,0.44877765823316784,LFP,5
861.6739798574663,3.208297536072981,0.49431807266491534,LFP,5
941.0580694097872,3.2052025970084084,0.5398584870966628,LFP,5
1020.442158962108,3.211295568882786,0.5853989015284102,LFP,5
1179.2103380667495,3.200683288528949,0.6764797303919052,LFP,5
1337.978517171391,3.19799687083589,0.7675605592554002,LFP,5
1496.7466962760327,3.195035484880811,0.8586413881188951,LFP,5
1655.5148753806743,3.188455140626895,0.9497222169823905,LFP,5
1814.283054485316,3.164215524619122,1.0408030458458852,LFP,5
1973.0512335899575,3.143320680970615,1.1318838747093802,LFP,5
2131.819412694599,3.119354540488853,1.2229647035728752,LFP,5
2290.5875917992407,3.0898545636647694,1.31404553243637,LFP,5
2608.123950008524,2.967115075008402,1.4962071901633602,LFP,5
2893.9066723968785,2.631876889400775,1.660152682117651,LFP,5
2941.9693959033148,2.506232080082672,1.687724911761464,LFP,5
0.0,3.5282310923068403,0.0,LFP,6
0.0024226101547949,3.504050101177156,1.4616309248662592e-06,LFP,6
0.0048452203095898,3.5193014990990914,2.9232618497325184e-06,LFP,6
0.0096904406191797,3.5240528751301854,5.846523699465037e-06,LFP,6
0.0193808812383595,3.5147999266271186,1.1693047398930073e-05,LFP,6
0.0387617624767191,3.520652483693562,2.3386094797860147e-05,LFP,6
0.0775235249534382,3.505950960034,4.6772189595720294e-05,LFP,6
0.1550470499068764,3.508485299392755,9.35443791914406e-05,LFP,6
0.2325705748603146,3.497916308094883,0.00014031656878710745,LFP,6
0.3876176247671911,3.483334361079966,0.00023386094797854385,LFP,6
0.5426646746740675,3.4887788967668483,0.0003274053271699803,LFP,6
0.697711724580944,3.473920227505053,0.00042094970636141673,LFP,6
0.8527587744878204,3.478551118447614,0.0005144940855528532,LFP,6
1.0078058243946968,3.4654256978061433,0.0006080384647442896,LFP,6
1.1628528743015734,3.4683333215575476,0.0007015828439357261,LFP,6
1.4729469741153265,3.460406349287286,0.000888671602318599,LFP,6
1.7830410739290792,3.443738318619912,0.0010757603607015663,LFP,6
2.093135173742832,3.4272106016268764,0.001262849119084439,LFP,6
2.403229273556585,3.4395284826982815,0.001449937877467312,LFP,6
2.713323373370338,3.429506141899123,0.001637026635850185,LFP,6
3.333511572997844,3.4163911241720486,0.0020112041526159307,LFP,6
3.9536997726253498,3.402692746245136,0.0023853816693816766,LFP,6
4.573887972252855,3.400245719309853,0.0027595591861474225,LFP,6
5.194076171880361,3.3958594180005575,0.003133736702913168,LFP,6
5.814264371507868,3.3988917835098538,0.003507914219679008,LFP,6
6.434452571135374,3.386370304158584,0.0038820917364447535,LFP,6
7.05464077076288,3.3787478916951996,0.0042562692532104995,LFP,6
8.295017170017893,3.368990454350269,0.005004624286741991,LFP,6
9.535393569272903,3.376443233386866,0.005752979320273577,LFP,6
10.775769968527918,3.367970997614835,0.006501334353805069,LFP,6
12.01614636778293,3.3580953717314515,0.0072496893873365605,LFP,6
13.256522767037945,3.3521937388164056,0.007998044420868145,LFP,6
15.737275565547966,3.3362815847843525,0.009494754487931129,LFP,6
18.21802836405799,3.327985451006454,0.010991464554994206,LFP,6
20.69878116256801,3.3203090285159944,0.012488174622057285,LFP,6
23.179533961078036,3.315595783520528,0.013984884689120361,LFP,6
25.66028675958806,3.3088402143506364,0.015481594756183343,LFP,6
28.14103955809809,3.3024808907601773,0.016978304823246422,LFP,6
30.62179235660811,3.290097830645342,0.0184750148903095,LFP,6
33.102545155118136,3.2961697152374376,0.019971724957372483,LFP,6
38.064050752138186,3.282423940876563,0.022965145091498638,LFP,6
43.02555634915824,3.2803948098061606,0.0259585652256247,LFP,6
47.98706194617829,3.276064381354235,0.028951985359750854,LFP,6
52.94856754319834,3.2711442717666275,0.031945405493876915,LFP,6
57.91007314021839,3.2685546231303286,0.034938825628002976,LFP,6
62.87157873723844,3.267000442941767,0.03793224576212913,LFP,6
67.83308433425849,3.2711009812293983,0.04092566589625519,LFP,6
72.79458993127854,3.268776772031496,0.043919086030381346,LFP,6
77.75609552829859,3.2638496474536587,0.04691250616450741,LFP,6
82.71760112531864,3.2579690936991943,0.04990592629863346,LFP,6
87.67910672233869,3.2526794675185995,0.05289934643275962,LFP,6
97.60211791637876,3.2560509750737685,0.05888618670101184,LFP,6
107.52512911041887,3.2460728916576422,0.06487302696926396,LFP,6
117.44814030445896,3.252507914717232,0.07085986723751617,LFP,6
127.37115149849907,3.2486080844856424,0.07684670750576839,LFP,6
137.29416269253915,3.2449547547952116,0.0828335477740206,LFP,6
147.21717388657927,3.251738471669991,0.08882038804227282,LFP,6
167.06319627465945,3.2405480454497826,0.10079406857877717,LFP,6
186.90921866273965,3.2517895198037503,0.11276774911528159,LFP,6
206.75524105081985,3.240848059861227,0.12474142965178601,LFP,6
226.60126343890005,3.247855608730927,0.13671511018829036,LFP,6
266.2933082150604,3.2368834729713982,0.16066247126129912,LFP,6
305.9853529912208,3.2446052079844496,0.1846098323343079,LFP,6
345.6773977673812,3.2385359667737936,0.20855719340731677,LFP,6
385.3694425435416,3.241874214372041,0.2325045544803255,LFP,6
425.061487319702,3.2277486435307736,0.25645191555333424,LFP,6
464.7535320958624,3.228759177856839,0.28039927662634306,LFP,6
544.1376216481831,3.2108378843851177,0.32829399877236065,LFP,6
623.5217112005039,3.21340372201141,0.37618872091837824,LFP,6
702.9058007528247,3.2056826062694963,0.42408344306439577,LFP,6
782.2898903051455,3.2103489342389846,0.47197816521041336,LFP,6
861.6739798574663,3.2109569566671143,0.5198728873564309,LFP,6
941.0580694097872,3.2047028286755133,0.5677676095024485,LFP,6
1020.442158962108,3.1978163826700428,0.6156623316484661,LFP,6
1179.2103380667495,3.2049470351543676,0.7114517759405012,LFP,6
1337.978517171391,3.1975299679264517,0.8072412202325363,LFP,6
1496.7466962760327,3.1943789379249723,0.9030306645245714,LFP,6
1655.5148753806743,3.1765709604185353,0.9988201088166069,LFP,6
1814.283054485316,3.166908555090299,1.094609553108642,LFP,6
1973.0512335899575,3.1412328998847645,1.190398997400677,LFP,6
2131.819412694599,3.1159746942743354,1.286188441692712,LFP,6
2290.5875917992407,3.0984085039415206,1.3819778859847471,LFP,6
2608.123950008524,2.9530816068159202,1.5735567745688177,LFP,6
2893.9066723968785,2.6341029765535326,1.7459777742944809,LFP,6
2941.9693959033148,2.5030017171623165,1.7749754084665583,LFP,6
0.0,3.5283420780515637,0.0,LFP,7
0.0024226101547949,3.519524426774522,1.3980209775575346e-06,LFP,7
0.0048452203095898,3.509644313217192,2.7960419551150693e-06,LFP,7
0.0096904406191797,3.514781992292786,5.5920839102301385e-06,LFP,7
0.0193808812383595,3.5200431018340645,1.1184167820460277e-05,LFP,7
0.0387617624767191,3.51565858905512,2.2368335640920554e-05,LFP,7
0.0775235249534382,3.5081335534031326,4.473667128184111e-05,LFP,7
0.1550470499068764,3.5061264644083474,8.947334256368222e-05,LFP,7
0.2325705748603146,3.508137481944543,0.00013421001384547222,LFP,7
0.3876176247671911,3.4889754084410227,0.00022368335640915042,LFP,7
0.5426646746740675,3.479906300188474,0.0003131566989728287,LFP,7
0.697711724580944,3.482533745150557,0.00040263004153650694,LFP,7
0.8527587744878204,3.4714667984087226,0.0004921033841001852,LFP,7
1.0078058243946968,3.4721658378442837,0.0005815767266638634,LFP,7
1.1628528743015734,3.4614200623219333,0.0006710500692275416,LFP,7
1.4729469741153265,3.4604507156883373,0.0008499967543548982,LFP,7
1.7830410739290792,3.4511748395862707,0.001028943439482345,LFP,7
2.093135173742832,3.44116982218553,0.0012078901246097013,LFP,7
2.403229273556585,3.4357111776741185,0.001386836809737058,LFP,7
2.713323373370338,3.4441028897702917,0.0015657834948644145,LFP,7
3.333511572997844,3.4191210546361206,0.0019236768651191274,LFP,7
3.9536997726253498,3.4138701232440742,0.0022815702353738403,LFP,7
4.573887972252855,3.400166277101917,0.0026394636056285537,LFP,7
5.194076171880361,3.3907784835893318,0.0029973569758832666,LFP,7
5.814264371507868,3.3963559171165665,0.0033552503461380698,LFP,7
6.434452571135374,3.3886870878036075,0.0037131437163927822,LFP,7
7.05464077076288,3.385789174481787,0.004071037086647495,LFP,7
8.295017170017893,3.3670922372446355,0.004786823827156922,LFP,7
9.535393569272903,3.363757038486811,0.005502610567666438,LFP,7
10.775769968527918,3.3574796043833572,0.006218397308175864,LFP,7
12.01614636778293,3.357218180750616,0.0069341840486852905,LFP,7
13.256522767037945,3.3303301856715315,0.007649970789194806,LFP,7
15.737275565547966,3.3370044957957283,0.009081544270213657,LFP,7
18.21802836405799,3.3262450304878284,0.0105131177512326,LFP,7
20.69878116256801,3.318590258482775,0.011944691232251543,LFP,7
23.179533961078036,3.316794626362897,0.013376264713270485,LFP,7
25.66028675958806,3.301930077603863,0.014807838194289335,LFP,7
28.14103955809809,3.298339020671241,0.016239411675308277,LFP,7
30.62179235660811,3.300337011530902,0.017670985156327222,LFP,7
33.102545155118136,3.300071349078675,0.019102558637346074,LFP,7
38.064050752138186,3.2892477180076325,0.021965705599383958,LFP,7
43.02555634915824,3.277193717305797,0.02482885256142175,LFP,7
47.98706194617829,3.2782513652495613,0.027691999523459635,LFP,7
52.94856754319834,3.2702636079915086,0.030555146485497432,LFP,7
57.91007314021839,3.2630062403402684,0.033418293447535226,LFP,7
62.87157873723844,3.2571427627276957,0.03628144040957311,LFP,7
67.83308433425849,3.264690542478518,0.0391445873716109,LFP,7
72.79458993127854,3.2614595484769033,0.04200773433364879,LFP,7
77.75609552829859,3.2533144668370793,0.04487088129568658,LFP,7
82.71760112531864,3.263276500045393,0.047734028257724374,LFP,7
87.67910672233869,3.255765938062619,0.05059717521976226,LFP,7
97.60211791637876,3.245914303571821,0.056323469143837936,LFP,7
107.52512911041887,3.253552221158478,0.06204976306791353,LFP,7
117.44814030445896,3.237411925670988,0.0677760569919892,LFP,7
127.37115149849907,3.237721556873775,0.07350235091606488,LFP,7
137.29416269253915,3.2540870279518694,0.07922864484014056,LFP,7
147.21717388657927,3.2430139161670097,0.08495493876421624,LFP,7
167.06319627465945,3.2507960569243615,0.09640752661236751,LFP,7
186.90921866273965,3.2507874931340717,0.10786011446051887,LFP,7
206.75524105081985,3.2476703089155095,0.11931270230867022,LFP,7
226.60126343890005,3.236636533340338,0.13076529015682148,LFP,7
266.2933082150604,3.2447390972635834,0.15367046585312413,LFP,7
305.9853529912208,3.244299685738416,0.17657564154942673,LFP,7
345.6773977673812,3.2431335023894863,0.19948081724572944,LFP,7
385.3694425435416,3.2445601941983906,0.22238599294203207,LFP,7
425.061487319702,3.2392945590220736,0.2452911686383347,LFP,7
464.7535320958624,3.230920756340686,0.26819634433463735,LFP,7
544.1376216481831,3.2098678642914464,0.31400669572724266,LFP,7
623.5217112005039,3.213284871863656,0.3598170471198479,LFP,7
702.9058007528247,3.212123092474871,0.40562739851245316,LFP,7
782.2898903051455,3.2108959562116652,0.45143774990505847,LFP,7
861.6739798574663,3.203058475255164,0.4972481012976638,LFP,7
941.0580694097872,3.200014916759061,0.5430584526902691,LFP,7
1020.442158962108,3.208518459206705,0.5888688040828743,LFP,7
1179.2103380667495,3.2005393193087404,0.6804895068680848,LFP,7
1337.978517171391,3.1928430938467396,0.7721102096532955,LFP,7
1496.7466962760327,3.1887007279507613,0.8637309124385059,LFP,7
1655.5148753806743,3.180933369422192,0.9553516152237168,LFP,7
1814.283054485316,3.154264178994142,1.0469723180089272,LFP,7
1973.0512335899575,3.1320439053765354,1.1385930207941377,LFP,7
2131.819412694599,3.11772635311597,1.2302137235793484,LFP,7
2290.5875917992407,3.1004310505969177,1.3218344263645587,LFP,7
2608.123950008524,2.9499159135269575,1.5050758319349802,LFP,7
2893.9066723968785,2.642726799427662,1.6699930969483592,LFP,7
2941.9693959033148,2.497610518126573,1.6977287586550331,LFP,7
0.0,3.5133545063723224,0.0,LFP,8
0.0024226101547949,3.5165043587092604,1.4347641533198088e-06,LFP,8
0.0048452203095898,3.5192682943843105,2.8695283066396176e-06,LFP,8
0.0096904406191797,3.51991252495212,5.739056613279235e-06,LFP,8
0.0193808812383595,3.5157057541659644,1.147811322655847e-05,LFP,8
0.0387617624767191,3.505400745689752,2.295622645311694e-05,LFP,8
0.0775235249534382,3.512239663205873,4.591245290623388e-05,LFP,8
0.1550470499068764,3.503117659133134,9.182490581246778e-05,LFP,8
0.2325705748603146,3.505639976129832,0.00013773735871864919,LFP,8
0.3876176247671911,3.4981403786640413,0.00022956226453111286,LFP,8
0.5426646746740675,3.482283403190223,0.0003213871703435766,LFP,8
0.697711724580944,3.4813139086089837,0.00041321207615604023,LFP,8
0.8527587744878204,3.474360968186954,0.000505036981968504,LFP,8
1.0078058243946968,3.4626212218606813,0.0005968618877809676,LFP,8
1.1628528743015734,3.459116496801408,0.0006886867935934314,LFP,8
1.4729469741153265,3.4541647211244673,0.0008723366052183588,LFP,8
1.7830410739290792,3.439895059508605,0.001055986416843379,LFP,8
2.093135173742832,3.4399419807652407,0.0012396362284683062,LFP,8
2.403229273556585,3.4399412602816257,0.0014232860400932336,LFP,8
2.713323373370338,3.431628060851503,0.001606935851718161,LFP,8
3.333511572997844,3.420323139159884,0.001974235474968016,LFP,8
3.9536997726253498,3.4152046369151017,0.0023415350982178705,LFP,8
4.573887972252855,3.413969291053512,0.0027088347214677256,LFP,8
5.194076171880361,3.390828529681229,0.0030761343447175803,LFP,8
5.814264371507868,3.3910335712267297,0.003443433967967528,LFP,8
6.434452571135374,3.390396074766253,0.003810733591217382,LFP,8
7.05464077076288,3.3966913717492564,0.004178033214467237,LFP,8
8.295017170017893,3.374962393600874,0.004912632460966947,LFP,8
9.535393569272903,3.3670302625758075,0.005647231707466749,LFP,8
10.775769968527918,3.3555408625238985,0.006381830953966459,LFP,8
12.01614636778293,3.354966584796669,0.007116430200466169,LFP,8
13.256522767037945,3.3450342933561124,0.00785102944696597,LFP,8
15.737275565547966,3.3274694184968845,0.009320227939965389,LFP,8
18.21802836405799,3.323459836324081,0.010789426432964901,LFP,8
20.69878116256801,3.3348372453983104,0.012258624925964414,LFP,8
23.179533961078036,3.316348994637058,0.013727823418963924,LFP,8
25.66028675958806,3.3092671094330792,0.015197021911963343,LFP,8
28.14103955809809,3.3004217094291466,0.016666220404962854,LFP,8
30.62179235660811,3.303558356372817,0.018135418897962368,LFP,8
33.102545155118136,3.2920988498558668,0.01960461739096179,LFP,8
38.064050752138186,3.2805577805322974,0.02254301437696081,LFP,8
43.02555634915824,3.2863422822448873,0.02548141136295974,LFP,8
47.98706194617829,3.2711764238645307,0.028419808348958766,LFP,8
52.94856754319834,3.2718556918010444,0.031358205334957694,LFP,8
57.91007314021839,3.269312367312731,0.034296602320956625,LFP,8
62.87157873723844,3.2636695659774815,0.03723499930695565,LFP,8
67.83308433425849,3.25912621759706,0.04017339629295458,LFP,8
72.79458993127854,3.2643937860319046,0.043111793278953606,LFP,8
77.75609552829859,3.2509830997642215,0.04605019026495254,LFP,8
82.71760112531864,3.2528622831599843,0.04898858725095146,LFP,8
87.67910672233869,3.252462610743084,0.05192698423695049,LFP,8
97.60211791637876,3.247205879610327,0.05780377820894844,LFP,8
107.52512911041887,3.252408022513226,0.0636805721809463,LFP,8
117.44814030445896,3.250499853348017,0.06955736615294426,LFP,8
127.37115149849907,3.247178715761126,0.07543416012494222,LFP,8
137.29416269253915,3.2511078788965992,0.08131095409694017,LFP,8
147.21717388657927,3.2420569350426813,0.08718774806893813,LFP,8
167.06319627465945,3.245180776494186,0.09894133601293395,LFP,8
186.90921866273965,3.2472174206691964,0.11069492395692986,LFP,8
206.75524105081985,3.250310732987071,0.12244851190092575,LFP,8
226.60126343890005,3.2525482932426315,0.13420209984492157,LFP,8
266.2933082150604,3.2432414851707962,0.15770927573291332,LFP,8
305.9853529912208,3.24404670449704,0.18121645162090502,LFP,8
345.6773977673812,3.2541707069863923,0.20472362750889686,LFP,8
385.3694425435416,3.2425031925882526,0.22823080339688856,LFP,8
425.061487319702,3.23776101274626,0.2517379792848803,LFP,8
464.7535320958624,3.223510648993107,0.275245155172872,LFP,8
544.1376216481831,3.2139934588849473,0.3222595069488556,LFP,8
623.5217112005039,3.2138034593045055,0.36927385872483903,LFP,8
702.9058007528247,3.2109756675080043,0.4162882105008225,LFP,8
782.2898903051455,3.2142190041732808,0.463302562276806,LFP,8
861.6739798574663,3.1974423750976557,0.5103169140527894,LFP,8
941.0580694097872,3.206544725598605,0.557331265828773,LFP,8
1020.442158962108,3.2030348746067974,0.6043456176047565,LFP,8
1179.2103380667495,3.2086327913564947,0.6983743211567234,LFP,8
1337.978517171391,3.202949043605829,0.7924030247086904,LFP,8
1496.7466962760327,3.2026521482359938,0.8864317282606572,LFP,8
1655.5148753806743,3.181758595308242,0.9804604318126247,LFP,8
1814.283054485316,3.1589880931567644,1.0744891353645913,LFP,8
1973.0512335899575,3.1317793408398322,1.1685178389165582,LFP,8
2131.819412694599,3.114165626632393,1.2625465424685254,LFP,8
2290.5875917992407,3.0983986751480286,1.356575246020492,LFP,8
2608.123950008524,2.95262030211173,1.5446326531244263,LFP,8
2893.9066723968785,2.638141980189667,1.713884319517967,LFP,8
2941.9693959033148,2.5021339055076948,1.7423489375917705,LFP,8
0.0,3.517184867843736,0.0,LFP,9
0.0024226101547949,3.5251500465991175,1.3896176909679505e-06,LFP,9
0.0048452203095898,3.5220788116500246,2.779235381935901e-06,LFP,9
0.0096904406191797,3.511740023200563,5.558470763871802e-06,LFP,9
0.0193808812383595,3.514747514848371,1.1116941527743604e-05,LFP,9
0.0387617624767191,3.520841168906707,2.2233883055487208e-05,LFP,9
0.0775235249534382,3.5113894982353258,4.4467766110974416e-05,LFP,9
0.1550470499068764,3.508422742236566,8.893553222194885e-05,LFP,9
0.2325705748603146,3.5029714240432805,0.00013340329833287247,LFP,9
0.3876176247671911,3.4960941286176266,0.00022233883055481732,LFP,9
0.5426646746740675,3.483297767790006,0.00031127436277676225,LFP,9
0.697711724580944,3.481086179168779,0.0004002098949987071,LFP,9
0.8527587744878204,3.4664640542740828,0.0004891454272206519,LFP,9
1.0078058243946968,3.4681786970910777,0.0005780809594425969,LFP,9
1.1628528743015734,3.462730572513524,0.0006670164916645419,LFP,9
1.4729469741153265,3.4550226347616824,0.0008448875561084317,LFP,9
1.7830410739290792,3.452010640064927,0.0010227586205524112,LFP,9
2.093135173742832,3.4352669923721866,0.001200629684996301,LFP,9
2.403229273556585,3.4382533832491156,0.0013785007494401906,LFP,9
2.713323373370338,3.4321740738855917,0.0015563718138840805,LFP,9
3.333511572997844,3.4214842887178607,0.0019121139427718602,LFP,9
3.9536997726253498,3.410892794284047,0.0022678560716596395,LFP,9
4.573887972252855,3.4099927559591854,0.0026235982005474194,LFP,9
5.194076171880361,3.40468393566261,0.002979340329435199,LFP,9
5.814264371507868,3.39680572092742,0.0033350824583230684,LFP,9
6.434452571135374,3.3947793115106126,0.0036908245872108478,LFP,9
7.05464077076288,3.3833251709405125,0.004046566716098627,LFP,9
8.295017170017893,3.3729735276856814,0.004758050973874187,LFP,9
9.535393569272903,3.3588443430036805,0.005469535231649836,LFP,9
10.775769968527918,3.3600674220750153,0.006181019489425395,LFP,9
12.01614636778293,3.357136445773406,0.006892503747200954,LFP,9
13.256522767037945,3.344383186757827,0.007603988004976602,LFP,9
15.737275565547966,3.3352381326427314,0.00902695652052772,LFP,9
18.21802836405799,3.326049679106955,0.010449925036078929,LFP,9
20.69878116256801,3.3105450856471537,0.011872893551630138,LFP,9
23.179533961078036,3.3115578784612145,0.013295862067181346,LFP,9
25.66028675958806,3.317354760168113,0.014718830582732462,LFP,9
28.14103955809809,3.3042112880828713,0.01614179909828367,LFP,9
30.62179235660811,3.3024262064932897,0.01756476761383488,LFP,9
33.102545155118136,3.288652665947045,0.018987736129386,LFP,9
38.064050752138186,3.2794812530252284,0.021833673160488416,LFP,9
43.02555634915824,3.2801878932240056,0.02467961019159074,LFP,9
47.98706194617829,3.2736815133321118,0.027525547222693156,LFP,9
52.94856754319834,3.2776598912071706,0.030371484253795485,LFP,9
57.91007314021839,3.2665117379877127,0.03321742128489781,LFP,9
62.87157873723844,3.269312366100725,0.03606335831600023,LFP,9
67.83308433425849,3.2601197352417466,0.03890929534710255,LFP,9
72.79458993127854,3.263696461966126,0.04175523237820497,LFP,9
77.75609552829859,3.252685470321674,0.04460116940930729,LFP,9
82.71760112531864,3.2506457985399555,0.04744710644040962,LFP,9
87.67910672233869,3.261152535732175,0.05029304347151204,LFP,9
97.60211791637876,3.251045533027737,0.05598491753371678,LFP,9
107.52512911041887,3.2448193737959907,0.06167679159592143,LFP,9
117.44814030445896,3.252430112813628,0.06736866565812617,LFP,9
127.37115149849907,3.239116460883018,0.07306053972033091,LFP,9
137.29416269253915,3.243788071795397,0.07875241378253565,LFP,9
147.21717388657927,3.2453608807185397,0.08444428784474041,LFP,9
167.06319627465945,3.2540619533035624,0.09582803596914981,LFP,9
186.90921866273965,3.2423080534280886,0.10721178409355929,LFP,9
206.75524105081985,3.250645964025338,0.11859553221796876,LFP,9
226.60126343890005,3.2477300328880374,0.12997928034237816,LFP,9
266.2933082150604,3.23764451749846,0.15274677659119706,LFP,9
305.9853529912208,3.2420909224098238,0.17551427284001592,LFP,9
345.6773977673812,3.240624389211665,0.1982817690888349,LFP,9
385.3694425435416,3.2423898236748534,0.22104926533765376,LFP,9
425.061487319702,3.238379286305995,0.24381676158647264,LFP,9
464.7535320958624,3.222325894547233,0.26658425783529155,LFP,9
544.1376216481831,3.209263900885801,0.31211925033292937,LFP,9
623.5217112005039,3.206413459814729,0.3576542428305672,LFP,9
702.9058007528247,3.1958770641856717,0.4031892353282049,LFP,9
782.2898903051455,3.207833088780771,0.44872422782584276,LFP,9
861.6739798574663,3.1914665509046976,0.4942592203234805,LFP,9
941.0580694097872,3.208064426439187,0.5397942128211184,LFP,9
1020.442158962108,3.2067988546677006,0.5853292053187561,LFP,9
1179.2103380667495,3.203778602346083,0.6763991903140317,LFP,9
1337.978517171391,3.2052397393154304,0.7674691753093072,LFP,9
1496.7466962760327,3.194479030347166,0.8585391603045828,LFP,9
1655.5148753806743,3.181856485640556,0.9496091452998587,LFP,9
1814.283054485316,3.158119269505361,1.0406791302951341,LFP,9
1973.0512335899575,3.134049109414692,1.1317491152904098,LFP,9
2131.819412694599,3.1161699416167097,1.2228191002856854,LFP,9
2290.5875917992407,3.1077598005768783,1.3138890852809606,LFP,9
2608.123950008524,2.95798281493056,1.4960290552715123,LFP,9
2893.9066723968785,2.636418579353147,1.6599550282630082,LFP,9
2941.9693959033148,2.495091414423693,1.6875239752223254,LFP,9
0.0,3.513902818652204,0.0,LFP,10
0.0024226101547949,3.5204715307429004,1.3379362703064055e-06,LFP,10
0.0048452203095898,3.516530218743527,2.675872540612811e-06,LFP,10
0.0096904406191797,3.5166394117469797,5.351745081225622e-06,LFP,10
0.0193808812383595,3.5135231614977034,1.0703490162451244e-05,LFP,10
0.0387617624767191,3.5183036297722166,2.1406980324902488e-05,LFP,10
0.0775235249534382,3.5173150862486104,4.2813960649804975e-05,LFP,10
0.1550470499068764,3.5025863311997547,8.562792129960995e-05,LFP,10
0.2325705748603146,3.5083897291310797,0.000128441881949366,LFP,10
0.3876176247671911,3.4880299660673186,0.00021406980324897214,LFP,10
0.5426646746740675,3.4795561132005646,0.0002996977245485783,LFP,10
0.697711724580944,3.4655989454966996,0.00038532564584818445,LFP,10
0.8527587744878204,3.4715837557468836,0.00047095356714779057,LFP,10
1.0078058243946968,3.4614832141071292,0.0005565814884473967,LFP,10
1.1628528743015734,3.456330701772735,0.0006422094097470029,LFP,10
1.4729469741153265,3.4559710737023184,0.0008134652523462153,LFP,10
1.7830410739290792,3.455968489031578,0.000984721094945514,LFP,10
2.093135173742832,3.437811852314039,0.001155976937544726,LFP,10
2.403229273556585,3.4392946448444905,0.0013272327801439384,LFP,10
2.713323373370338,3.4360473388164166,0.0014984886227431507,LFP,10
3.333511572997844,3.4170734549853705,0.0018410003079415754,LFP,10
3.9536997726253498,3.411416941485841,0.00218351199314,LFP,10
4.573887972252855,3.4127081628524647,0.0025260236783384246,LFP,10
5.194076171880361,3.396132688953748,0.0028685353635368492,LFP,10
5.814264371507868,3.3958597374514783,0.0032110470487353602,LFP,10
6.434452571135374,3.3868963389517006,0.0035535587339337845,LFP,10
7.05464077076288,3.3882281260383884,0.003896070419132209,LFP,10
8.295017170017893,3.3764818802767493,0.004581093789529059,LFP,10
9.535393569272903,3.370450289710421,0.005266117159925994,LFP,10
10.775769968527918,3.3604038559276046,0.0059511405303228435,LFP,10
12.01614636778293,3.3477423143686442,0.006636163900719693,LFP,10
13.256522767037945,3.352207271030603,0.007321187271116628,LFP,10
15.737275565547966,3.3277263647109576,0.008691234011910326,LFP,10
18.21802836405799,3.329170700712092,0.010061280752704111,LFP,10
20.69878116256801,3.3210904046622627,0.011431327493497897,LFP,10
23.179533961078036,3.314770159032278,0.01280137423429168,LFP,10
25.66028675958806,3.3083151274969587,0.014171420975085378,LFP,10
28.14103955809809,3.305888378943229,0.015541467715879165,LFP,10
30.62179235660811,3.295575417882126,0.01691151445667295,LFP,10
33.102545155118136,3.288785952642769,0.01828156119746665,LFP,10
38.064050752138186,3.279095360396146,0.021021654679054216,LFP,10
43.02555634915824,3.2796652396968278,0.0237617481606417,LFP,10
47.98706194617829,3.274967321303875,0.02650184164222927,LFP,10
52.94856754319834,3.273442727322844,0.029241935123816756,LFP,10
57.91007314021839,3.2643607398629952,0.031982028605404236,LFP,10
62.87157873723844,3.2614812960433324,0.03472212208699181,LFP,10
67.83308433425849,3.248330960601892,0.03746221556857929,LFP,10
72.79458993127854,3.2505425211571657,0.04020230905016686,LFP,10
77.75609552829859,3.2548510899086036,0.04294240253175434,LFP,10
82.71760112531864,3.254229555644464,0.045682496013341824,LFP,10
87.67910672233869,3.247654044371232,0.0484225894949294,LFP,10
97.60211791637876,3.249380005205346,0.05390277645810445,LFP,10
107.52512911041887,3.25108560527005,0.05938296342127942,LFP,10
117.44814030445896,3.2537325566792163,0.06486315038445446,LFP,10
127.37115149849907,3.247740113973611,0.07034333734762953,LFP,10
137.29416269253915,3.2465257263505065,0.07582352431080457,LFP,10
147.21717388657927,3.254667936427657,0.08130371127397963,LFP,10
167.06319627465945,3.254860617486319,0.09226408520032965,LFP,10
186.90921866273965,3.2426262537727455,0.10322445912667975,LFP,10
206.75524105081985,3.247170898142885,0.11418483305302984,LFP,10
226.60126343890005,3.250073983628548,0.12514520697937986,LFP,10
266.2933082150604,3.2502102318016393,0.14706595483208001,LFP,10
305.9853529912208,3.2439857981452778,0.16898670268478014,LFP,10
345.6773977673812,3.237633271558042,0.19090745053748034,LFP,10
385.3694425435416,3.231128864817989,0.21282819839018047,LFP,10
425.061487319702,3.2458252890864796,0.23474894624288056,LFP,10
464.7535320958624,3.2253598582613683,0.2566696940955807,LFP,10
544.1376216481831,3.217174459165996,0.300511189800981,LFP,10
623.5217112005039,3.2202764243610194,0.3443526855063813,LFP,10
702.9058007528247,3.214498727244786,0.38819418121178156,LFP,10
782.2898903051455,3.2060379205629768,0.43203567691718187,LFP,10
861.6739798574663,3.2062893597613593,0.47587717262258217,LFP,10
941.0580694097872,3.201682568540803,0.5197186683279824,LFP,10
1020.442158962108,3.203342356507094,0.5635601640333827,LFP,10
1179.2103380667495,3.203694465150438,0.6512431554441833,LFP,10
1337.978517171391,3.199340084583585,0.7389261468549838,LFP,10
1496.7466962760327,3.193421467314282,0.8266091382657843,LFP,10
1655.5148753806743,3.184626590169986,0.9142921296765852,LFP,10
1814.283054485316,3.160172183635042,1.0019751210873855,LFP,10
1973.0512335899575,3.133735554110107,1.0896581124981861,LFP,10
2131.819412694599,3.1113112613286944,1.1773411039089867,LFP,10
2290.5875917992407,3.0985034623803793,1.265024095319787,LFP,10
2608.123950008524,2.954206282814529,1.4403900781413885,LFP,10
2893.9066723968785,2.636865544470118,1.5982194626808295,LFP,10
2941.9693959033148,2.5004461134486515,1.6247630899754208,LFP,10
0.0,3.5150220207925384,0.0,LFP,11
0.0024226101547949,3.5104389950164543,1.494840968051399e-06,LFP,11
0.0048452203095898,3.508886328683066,2.989681936102798e-06,LFP,11
0.0096904406191797,3.5093641685985397,5.979363872205596e-06,LFP,11
0.0193808812383595,3.511573154871841,1.1958727744411192e-05,LFP,11
0.0387617624767191,3.5168452446325085,2.3917455488822385e-05,LFP,11
0.0775235249534382,3.5043190162423423,4.783491097764477e-05,LFP,11
0.1550470499068764,3.508165242841242,9.566982195528955e-05,LFP,11
0.2325705748603146,3.499339265853959,0.00014350473293287967,LFP,11
0.3876176247671911,3.4881849532699514,0.00023917455488816494,LFP,11
0.5426646746740675,3.4804789480734,0.00033484437684345027,LFP,11
0.697711724580944,3.478201496476151,0.0004305141987987355,LFP,11
0.8527587744878204,3.472759778579325,0.0005261840207540208,LFP,11
1.0078058243946968,3.46908513158327,0.0006218538427093061,LFP,11
1.1628528743015734,3.4585453539534936,0.0007175236646645915,LFP,11
1.4729469741153265,3.4567281372423344,0.000908863308575162,LFP,11
1.7830410739290792,3.4522017565317387,0.0011002029524858294,LFP,11
2.093135173742832,3.4449410078323965,0.0012915425963963996,LFP,11
2.403229273556585,3.4295907665681242,0.0014828822403069703,LFP,11
2.713323373370338,3.430341158036242,0.001674221884217541,LFP,11
3.333511572997844,3.4260747753221046,0.002056901172038682,LFP,11
3.9536997726253498,3.42237338183212,0.002439580459859823,LFP,11
4.573887972252855,3.3993885608171843,0.0028222597476809646,LFP,11
5.194076171880361,3.3944066747689257,0.003204939035502106,LFP,11
5.814264371507868,3.3924957467699244,0.0035876183233233437,LFP,11
6.434452571135374,3.3949062991652705,0.003970297611144484,LFP,11
7.05464077076288,3.3842101697576554,0.004352976898965626,LFP,11
8.295017170017893,3.38471064907398,0.005118335474607908,LFP,11
9.535393569272903,3.3678845106815682,0.0058836940502502875,LFP,11
10.775769968527918,3.3541425861578116,0.0066490526258925695,LFP,11
12.01614636778293,3.351443865645882,0.007414411201534852,LFP,11
13.256522767037945,3.3387879178889195,0.00817976977717723,LFP,11
15.737275565547966,3.33335102358892,0.009710486928461796,LFP,11
18.21802836405799,3.323124911952964,0.011241204079746457,LFP,11
20.69878116256801,3.322164303962865,0.012771921231031118,LFP,11
23.179533961078036,3.3148183735388934,0.01430263838231578,LFP,11
25.66028675958806,3.3099098250639853,0.01583335553360034,LFP,11
28.14103955809809,3.3022057184220084,0.017364072684885004,LFP,11
30.62179235660811,3.2911245273489524,0.018894789836169667,LFP,11
33.102545155118136,3.2912282490459455,0.020425506987454232,LFP,11
38.064050752138186,3.290928163426424,0.023486941290023555,LFP,11
43.02555634915824,3.277339761667496,0.026548375592592783,LFP,11
47.98706194617829,3.266409531390755,0.0296098098951621,LFP,11
52.94856754319834,3.2737189818404384,0.03267124419773133,LFP,11
57.91007314021839,3.2653268740138457,0.035732678500300555,LFP,11
62.87157873723844,3.268073227195572,0.03879411280286988,LFP,11
67.83308433425849,3.260993572685767,0.0418555471054391,LFP,11
72.79458993127854,3.2606861846331987,0.04491698140800843,LFP,11
77.75609552829859,3.252202679195539,0.04797841571057765,LFP,11
82.71760112531864,3.255255650459088,0.05103985001314688,LFP,11
87.67910672233869,3.2521170392101477,0.0541012843157162,LFP,11
97.60211791637876,3.2583281053409165,0.06022415292085475,LFP,11
107.52512911041887,3.246402942894848,0.0663470215259932,LFP,11
117.44814030445896,3.2534472168696804,0.07246989013113175,LFP,11
127.37115149849907,3.2512898341666596,0.07859275873627031,LFP,11
137.29416269253915,3.2501105923763096,0.08471562734140885,LFP,11
147.21717388657927,3.243057288650544,0.0908384959465474,LFP,11
167.06319627465945,3.24577411993239,0.1030842331568244,LFP,11
186.90921866273965,3.2531965996743017,0.1153299703671015,LFP,11
206.75524105081985,3.2442872207696696,0.12757570757737857,LFP,11
226.60126343890005,3.2383504807858703,0.1398214447876556,LFP,11
266.2933082150604,3.246451867075829,0.1643129192082097,LFP,11
305.9853529912208,3.2451802350754977,0.1888043936287638,LFP,11
345.6773977673812,3.2430928511268315,0.213295868049318,LFP,11
385.3694425435416,3.2404029686227034,0.23778734246987207,LFP,11
425.061487319702,3.2372074627803724,0.26227881689042615,LFP,11
464.7535320958624,3.227050370247481,0.28677029131098025,LFP,11
544.1376216481831,3.213738051101371,0.3357532401520886,LFP,11
623.5217112005039,3.206423523106422,0.3847361889931968,LFP,11
702.9058007528247,3.203906199124592,0.433719137834305,LFP,11
782.2898903051455,3.2071755712650076,0.48270208667541326,LFP,11
861.6739798574663,3.213908179673208,0.5316850355165215,LFP,11
941.0580694097872,3.2022133475127146,0.5806679843576297,LFP,11
1020.442158962108,3.201276209806855,0.629650933198738,LFP,11
1179.2103380667495,3.2030891102513115,0.7276168308809544,LFP,11
1337.978517171391,3.205649441022263,0.8255827285631708,LFP,11
1496.7466962760327,3.1965342003525294,0.9235486262453872,LFP,11
1655.5148753806743,3.18344988627283,1.021514523927604,LFP,11
1814.283054485316,3.1626826825070706,1.1194804216098204,LFP,11
1973.0512335899575,3.1429177788795992,1.2174463192920368,LFP,11
2131.819412694599,3.1171374667436456,1.3154122169742533,LFP,11
2290.5875917992407,3.096887609168273,1.4133781146564695,LFP,11
2608.123950008524,2.9535309612904217,1.609309910020903,LFP,11
2893.9066723968785,2.638249935703471,1.7856485258488923,LFP,11
2941.9693959033148,2.490961438118963,1.815305021753257,LFP,11
0.0,3.515466133604698,0.0,LFP,12
0.0024226101547949,3.5210732425638867,1.4504491590475199e-06,LFP,12
0.0048452203095898,3.514165416454606,2.9008983180950397e-06,LFP,12
0.0096904406191797,3.5098603816536165,5.8017966361900794e-06,LFP,12
0.0193808812383595,3.5231799229340486,1.1603593272380159e-05,LFP,12
0.0387617624767191,3.5186459422464615,2.3207186544760318e-05,LFP,12
0.0775235249534382,3.5035237240923043,4.6414373089520636e-05,LFP,12
0.1550470499068764,3.501144664671507,9.282874617904127e-05,LFP,12
0.2325705748603146,3.49357385345953,0.00013924311926850888,LFP,12
0.3876176247671911,3.4855993602985995,0.000232071865447546,LFP,12
0.5426646746740675,3.482154081360468,0.0003249006116265832,LFP,12
0.697711724580944,3.476130448781736,0.0004177293578056203,LFP,12
0.8527587744878204,3.4710676065428347,0.0005105581039846574,LFP,12
1.0078058243946968,3.465973533952084,0.0006033868501636946,LFP,12
1.1628528743015734,3.45685850079574,0.0006962155963427317,LFP,12
1.4729469741153265,3.4517019132706546,0.0008818730887008062,LFP,12
1.7830410739290792,3.4539811189328504,0.001067530581058974,LFP,12
2.093135173742832,3.447193107248825,0.0012531880734170484,LFP,12
2.403229273556585,3.437448891664185,0.0014388455657751227,LFP,12
2.713323373370338,3.426516639513222,0.001624503058133197,LFP,12
3.333511572997844,3.423602203095001,0.0019958180428493455,LFP,12
3.9536997726253498,3.41190330384552,0.002367133027565494,LFP,12
4.573887972252855,3.4104181873390225,0.002738448012281643,LFP,12
5.194076171880361,3.401663837646675,0.0031097629969977915,LFP,12
5.814264371507868,3.3859106304375626,0.003481077981714034,LFP,12
6.434452571135374,3.389123473862128,0.003852392966430182,LFP,12
7.05464077076288,3.3864449515012907,0.004223707951146331,LFP,12
8.295017170017893,3.3742205895428947,0.0049663379205786284,LFP,12
9.535393569272903,3.371370813519224,0.005708967890011019,LFP,12
10.775769968527918,3.361284207787944,0.006451597859443317,LFP,12
12.01614636778293,3.3498838845896532,0.007194227828875614,LFP,12
13.256522767037945,3.344134788786598,0.007936857798308003,LFP,12
15.737275565547966,3.3418722201506736,0.009422117737172598,LFP,12
18.21802836405799,3.3292057525266863,0.010907377676037286,LFP,12
20.69878116256801,3.32158978597614,0.012392637614901975,LFP,12
23.179533961078036,3.3061494551232213,0.013877897553766663,LFP,12
25.66028675958806,3.3038149667667143,0.015363157492631256,LFP,12
28.14103955809809,3.2928564047631586,0.016848417431495944,LFP,12
30.62179235660811,3.29497924027915,0.018333677370360634,LFP,12
33.102545155118136,3.3022970110205985,0.01981893730922523,LFP,12
38.064050752138186,3.287115307200899,0.022789457186954604,LFP,12
43.02555634915824,3.2771431224883747,0.025759977064683887,LFP,12
47.98706194617829,3.2816784176479565,0.028730496942413263,LFP,12
52.94856754319834,3.2671368257041977,0.03170101682014255,LFP,12
57.91007314021839,3.267136543788591,0.034671536697871826,LFP,12
62.87157873723844,3.266490622816834,0.037642056575601206,LFP,12
67.83308433425849,3.2611817976310036,0.04061257645333049,LFP,12
72.79458993127854,3.260918029871733,0.04358309633105986,LFP,12
77.75609552829859,3.254223663408735,0.046553616208789145,LFP,12
82.71760112531864,3.255761833816834,0.04952413608651843,LFP,12
87.67910672233869,3.2502858935744925,0.0524946559642478,LFP,12
97.60211791637876,3.244549726953938,0.058435695719706464,LFP,12
107.52512911041887,3.2424620504690176,0.06437673547516504,LFP,12
117.44814030445896,3.2469327326094253,0.07031777523062369,LFP,12
127.37115149849907,3.248555426777097,0.07625881498608235,LFP,12
137.29416269253915,3.2407733824256106,0.082199854741541,LFP,12
147.21717388657927,3.238365173598466,0.08814089449699966,LFP,12
167.06319627465945,3.2478085694459184,0.10002297400791689,LFP,12
186.90921866273965,3.244569717258134,0.11190505351883422,LFP,12
206.75524105081985,3.24737596397208,0.12378713302975151,LFP,12
226.60126343890005,3.248960497206353,0.13566921254066874,LFP,12
266.2933082150604,3.242582859802214,0.15943337156250328,LFP,12
305.9853529912208,3.244083918309867,0.18319753058433783,LFP,12
345.6773977673812,3.244603112233179,0.20696168960617248,LFP,12
385.3694425435416,3.236811660308835,0.230725848628007,LFP,12
425.061487319702,3.236766448927484,0.25449000764984153,LFP,12
464.7535320958624,3.239824653315494,0.2782541666716761,LFP,12
544.1376216481831,3.215445402928802,0.32578248471534527,LFP,12
623.5217112005039,3.209601116268145,0.37331080275901435,LFP,12
702.9058007528247,3.2118812697065757,0.42083912080268343,LFP,12
782.2898903051455,3.208590000463433,0.46836743884635257,LFP,12
861.6739798574663,3.2083869260392683,0.5158957568900218,LFP,12
941.0580694097872,3.2118331310740995,0.5634240749336908,LFP,12
1020.442158962108,3.2158542803428043,0.6109523929773599,LFP,12
1179.2103380667495,3.2029549703947984,0.7060090290646982,LFP,12
1337.978517171391,3.196857994402733,0.8010656651520364,LFP,12
1496.7466962760327,3.192001655938269,0.8961223012393745,LFP,12
1655.5148753806743,3.183629908398303,0.9911789373267131,LFP,12
1814.283054485316,3.160180860518925,1.0862355734140512,LFP,12
1973.0512335899575,3.1363027987326544,1.1812922095013894,LFP,12
2131.819412694599,3.113901598957309,1.2763488455887277,LFP,12
2290.5875917992407,3.1006127703837194,1.3714054816760657,LFP,12
2608.123950008524,2.956600114461652,1.5615187538507425,LFP,12
2893.9066723968785,2.633920206134057,1.7326206988079513,LFP,12
2941.9693959033148,2.495614037423807,1.7613964953402435,LFP,12
0.0,3.5151321684829866,0.0,LFP,13
0.0024226101547949,3.5256113635490682,1.4500341851183457e-06,LFP,13
0.0048452203095898,3.517745553039223,2.9000683702366913e-06,LFP,13
0.0096904406191797,3.5157772037179598,5.800136740473383e-06,LFP,13
0.0193808812383595,3.522889863675697,1.1600273480946765e-05,LFP,13
0.0387617624767191,3.5074752559296165,2.320054696189353e-05,LFP,13
0.0775235249534382,3.5177379796252994,4.640109392378706e-05,LFP,13
0.1550470499068764,3.5094965631505692,9.280218784757414e-05,LFP,13
0.2325705748603146,3.504650930554837,0.00013920328177130818,LFP,13
0.3876176247671911,3.4905035228227876,0.00023200546961887818,LFP,13
0.5426646746740675,3.4886014158013685,0.0003248076574664482,LFP,13
0.697711724580944,3.465907326240005,0.0004176098453140182,LFP,13
0.8527587744878204,3.4664044763351836,0.0005104120331615882,LFP,13
1.0078058243946968,3.4633706429583917,0.0006032142210091583,LFP,13
1.1628528743015734,3.4653747891441062,0.0006960164088567282,LFP,13
1.4729469741153265,3.454061322973463,0.0008816207845518683,LFP,13
1.7830410739290792,3.449854570174781,0.001067225160247102,LFP,13
2.093135173742832,3.4464253002806986,0.001252829535942242,LFP,13
2.403229273556585,3.433558506767703,0.001438433911637382,LFP,13
2.713323373370338,3.427401415011143,0.001624038287332522,LFP,13
3.333511572997844,3.4172091939928753,0.001995247038722802,LFP,13
3.9536997726253498,3.412881507437014,0.002366455790113082,LFP,13
4.573887972252855,3.4061266330690025,0.0027376645415033624,LFP,13
5.194076171880361,3.404671995490167,0.0031088732928936423,LFP,13
5.814264371507868,3.393187682086844,0.003480082044284016,LFP,13
6.434452571135374,3.3819691452999816,0.003851290795674296,LFP,13
7.05464077076288,3.384597692585734,0.004222499547064576,LFP,13
8.295017170017893,3.378890412434565,0.004964917049845136,LFP,13
9.535393569272903,3.3600445345478858,0.00570733455262579,LFP,13
10.775769968527918,3.363161912784117,0.00644975205540635,LFP,13
12.01614636778293,3.3531794137943667,0.007192169558186911,LFP,13
13.256522767037945,3.3548202614916764,0.007934587060967564,LFP,13
15.737275565547966,3.3366772279267236,0.009419422066528684,LFP,13
18.21802836405799,3.3290787980609626,0.010904257072089897,LFP,13
20.69878116256801,3.324041014964433,0.012389092077651112,LFP,13
23.179533961078036,3.3096684827671434,0.013873927083212325,LFP,13
25.66028675958806,3.307852270351462,0.015358762088773445,LFP,13
28.14103955809809,3.307338101022825,0.01684359709433466,LFP,13
30.62179235660811,3.292068829744963,0.018328432099895875,LFP,13
33.102545155118136,3.3041177514062907,0.019813267105456996,LFP,13
38.064050752138186,3.275933507263659,0.022782937116579423,LFP,13
43.02555634915824,3.274283355327088,0.025752607127701756,LFP,13
47.98706194617829,3.271138454346254,0.028722277138824182,LFP,13
52.94856754319834,3.269452583800801,0.03169194714994652,LFP,13
57.91007314021839,3.2660142142433934,0.03466161716106885,LFP,13
62.87157873723844,3.262644786149084,0.03763128717219128,LFP,13
67.83308433425849,3.258163170015967,0.040600957183313614,LFP,13
72.79458993127854,3.2660459578706535,0.043570627194436044,LFP,13
77.75609552829859,3.2620807898635484,0.04654029720555838,LFP,13
82.71760112531864,3.2598287338887086,0.04950996721668071,LFP,13
87.67910672233869,3.2557830836560457,0.05247963722780314,LFP,13
97.60211791637876,3.2498128256238528,0.058418977250047896,LFP,13
107.52512911041887,3.250570271315589,0.06435831727229258,LFP,13
117.44814030445896,3.25185371404026,0.07029765729453732,LFP,13
127.37115149849907,3.2408993713251792,0.0762369973167821,LFP,13
137.29416269253915,3.2466055319776226,0.08217633733902685,LFP,13
147.21717388657927,3.2432219335565584,0.08811567736127161,LFP,13
167.06319627465945,3.2449423773109727,0.09999435740576106,LFP,13
186.90921866273965,3.2416126514465224,0.11187303745025058,LFP,13
206.75524105081985,3.2488809920745165,0.1237517174947401,LFP,13
226.60126343890005,3.240833713503288,0.1356303975392295,LFP,13
266.2933082150604,3.2486748862610075,0.15938775762820848,LFP,13
305.9853529912208,3.2474476804789494,0.18314511771718744,LFP,13
345.6773977673812,3.245621071729261,0.20690247780616647,LFP,13
385.3694425435416,3.239472310334295,0.23065983789514544,LFP,13
425.061487319702,3.2301414245631275,0.2544171979841244,LFP,13
464.7535320958624,3.2197046508838087,0.2781745580731033,LFP,13
544.1376216481831,3.2137874404099627,0.3256892782510613,LFP,13
623.5217112005039,3.2010272012385066,0.37320399842901925,LFP,13
702.9058007528247,3.211257059500994,0.4207187186069772,LFP,13
782.2898903051455,3.2013519676007878,0.4682334387849352,LFP,13
861.6739798574663,3.2038839633818803,0.515748158962893,LFP,13
941.0580694097872,3.204775274388657,0.563262879140851,LFP,13
1020.442158962108,3.2049176070559455,0.6107775993188089,LFP,13
1179.2103380667495,3.2048738220664568,0.7058070396747248,LFP,13
1337.978517171391,3.2042526460597625,0.8008364800306408,LFP,13
1496.7466962760327,3.196348575786655,0.8958659203865565,LFP,13
1655.5148753806743,3.1880601910787,0.9908953607424728,LFP,13
1814.283054485316,3.1604172783517592,1.0859248010983884,LFP,13
1973.0512335899575,3.130947877158819,1.1809542414543044,LFP,13
2131.819412694599,3.1161147016928035,1.2759836818102201,LFP,13
2290.5875917992407,3.0975601792292813,1.371013122166136,LFP,13
2608.123950008524,2.9583608300717614,1.561072002877968,LFP,13
2893.9066723968785,2.638808755107726,1.7321249955186167,LFP,13
2941.9693959033148,2.500165784103724,1.7608925592870937,LFP,13
0.0,3.5148023335077987,0.0,LFP,14
0.0024226101547949,3.525445650321332,1.365706600998973e-06,LFP,14
0.0048452203095898,3.5147125830942745,2.731413201997946e-06,LFP,14
0.0096904406191797,3.5249659156244775,5.462826403995892e-06,LFP,14
0.0193808812383595,3.5225733074773276,1.0925652807991784e-05,LFP,14
0.0387617624767191,3.5201609700820264,2.1851305615983568e-05,LFP,14
0.0775235249534382,3.5150076684179528,4.3702611231967136e-05,LFP,14
0.1550470499068764,3.5102936139405223,8.740522246393429e-05,LFP,14
0.2325705748603146,3.5110481636829856,0.00013110783369585147,LFP,14
0.3876176247671911,3.4904740138619523,0.00021851305615978184,LFP,14
0.5426646746740675,3.487707159500435,0.0003059182786237123,LFP,14
0.697711724580944,3.4801983089524984,0.0003933235010876426,LFP,14
0.8527587744878204,3.4756414334724473,0.000480728723551573,LFP,14
1.0078058243946968,3.469655375977932,0.0005681339460155034,LFP,14
1.1628528743015734,3.468143769961426,0.0006555391684794339,LFP,14
1.4729469741153265,3.4512966705710473,0.0008303496134072947,LFP,14
1.7830410739290792,3.44362478725701,0.0010051600583352437,LFP,14
2.093135173742832,3.446775093104164,0.0011799705032631044,LFP,14
2.403229273556585,3.4378766831993315,0.0013547809481909653,LFP,14
2.713323373370338,3.437104308201029,0.001529591393118826,LFP,14
3.333511572997844,3.420390605604444,0.0018792122829745476,LFP,14
3.9536997726253498,3.415637683094039,0.002228833172830269,LFP,14
4.573887972252855,3.403088186676495,0.002578454062685991,LFP,14
5.194076171880361,3.3993362220429177,0.0029280749525417127,LFP,14
5.814264371507868,3.385436040359099,0.003277695842397522,LFP,14
6.434452571135374,3.3908707184441713,0.0036273167322532435,LFP,14
7.05464077076288,3.384777300718607,0.003976937622108965,LFP,14
8.295017170017893,3.3801941985145945,0.0046761794018204085,LFP,14
9.535393569272903,3.3654295730076873,0.00537542118153194,LFP,14
10.775769968527918,3.3559456749070686,0.006074662961243383,LFP,14
12.01614636778293,3.356547328930421,0.006773904740954827,LFP,14
13.256522767037945,3.342558977013035,0.007473146520666357,LFP,14
15.737275565547966,3.3359293097089577,0.008871630080089244,LFP,14
18.21802836405799,3.3276137594502555,0.010270113639512218,LFP,14
20.69878116256801,3.3210517657229293,0.011668597198935194,LFP,14
23.179533961078036,3.3129265353290815,0.013067080758358168,LFP,14
25.66028675958806,3.301862109276069,0.014465564317781052,LFP,14
28.14103955809809,3.303641683394919,0.015864047877204027,LFP,14
30.62179235660811,3.303383566971275,0.017262531436627003,LFP,14
33.102545155118136,3.2915004393630776,0.01866101499604989,LFP,14
38.064050752138186,3.2835763315844315,0.021457982114895836,LFP,14
43.02555634915824,3.281614201503446,0.0242549492337417,LFP,14
47.98706194617829,3.2853188611539466,0.02705191635258765,LFP,14
52.94856754319834,3.2669353052656396,0.02984888347143351,LFP,14
57.91007314021839,3.2664408603680983,0.03264585059027937,LFP,14
62.87157873723844,3.2609812893175545,0.03544281770912532,LFP,14
67.83308433425849,3.2486137569387163,0.03823978482797118,LFP,14
72.79458993127854,3.260922883650266,0.04103675194681713,LFP,14
77.75609552829859,3.2534317688901253,0.04383371906566299,LFP,14
82.71760112531864,3.2655945610206505,0.04663068618450885,LFP,14
87.67910672233869,3.2543474918359285,0.0494276533033548,LFP,14
97.60211791637876,3.2557283048138146,0.05502158754104661,LFP,14
107.52512911041887,3.243315738000084,0.060615521778738336,LFP,14
117.44814030445896,3.250310561681235,0.06620945601643013,LFP,14
127.37115149849907,3.237456293409842,0.07180339025412195,LFP,14
137.29416269253915,3.2493289207562794,0.07739732449181376,LFP,14
147.21717388657927,3.2377442391941753,0.08299125872950558,LFP,14
167.06319627465945,3.2504277770719745,0.09417912720488911,LFP,14
186.90921866273965,3.2450038903006884,0.10536699568027273,LFP,14
206.75524105081985,3.2444382189369136,0.11655486415565634,LFP,14
226.60126343890005,3.2460363602479183,0.12774273263103986,LFP,14
266.2933082150604,3.242101718173628,0.15011846958180702,LFP,14
305.9853529912208,3.2552107721372945,0.1724942065325742,LFP,14
345.6773977673812,3.239912187424604,0.1948699434833414,LFP,14
385.3694425435416,3.244814529630509,0.21724568043410855,LFP,14
425.061487319702,3.226578513219472,0.23962141738487572,LFP,14
464.7535320958624,3.2204468647249573,0.26199715433564286,LFP,14
544.1376216481831,3.21528410448366,0.30674862823717725,LFP,14
623.5217112005039,3.20580511969958,0.3515001021387116,LFP,14
702.9058007528247,3.200133487418495,0.39625157604024586,LFP,14
782.2898903051455,3.2150703287149303,0.44100304994178025,LFP,14
861.6739798574663,3.1993805090879834,0.4857545238433146,LFP,14
941.0580694097872,3.2011808298474236,0.530505997744849,LFP,14
1020.442158962108,3.209067352677017,0.5752574716463833,LFP,14
1179.2103380667495,3.1975067013500014,0.664760419449452,LFP,14
1337.978517171391,3.2049390078454048,0.7542633672525206,LFP,14
1496.7466962760327,3.1969256432166353,0.8437663150555892,LFP,14
1655.5148753806743,3.198105852776338,0.9332692628586582,LFP,14
1814.283054485316,3.1648185636666883,1.0227722106617267,LFP,14
1973.0512335899575,3.135902615441027,1.1122751584647954,LFP,14
2131.819412694599,3.1154143888511845,1.201778106267864,LFP,14
2290.5875917992407,3.1055357900749256,1.2912810540709325,LFP,14
2608.123950008524,2.9600643987385884,1.4702869496770703,LFP,14
2893.9066723968785,2.6353645671021466,1.6313922557225937,LFP,14
2941.9693959033148,2.5054649091855135,1.6584868250344624,LFP,14
0.0,3.5135582512385812,0.0,LFP,15
0.0024226101547949,3.5145620601758707,1.3216731876815026e-06,LFP,15
0.0048452203095898,3.51670737274859,2.6433463753630052e-06,LFP,15
0.0096904406191797,3.51779654627657,5.2866927507260105e-06,LFP,15
0.0193808812383595,3.5121331792110846,1.0573385501452021e-05,LFP,15
0.0387617624767191,3.5170970193064015,2.1146771002904042e-05,LFP,15
0.0775235249534382,3.501568478196007,4.2293542005808084e-05,LFP,15
0.1550470499068764,3.51180780693956,8.458708401161617e-05,LFP,15
0.2325705748603146,3.495204696303629,0.00012688062601737594,LFP,15
0.3876176247671911,3.491447195821131,0.0002114677100289883,LFP,15
0.5426646746740675,3.485658565482855,0.00029605479404060076,LFP,15
0.697711724580944,3.4815327384799213,0.00038064187805221316,LFP,15
0.8527587744878204,3.463177564245829,0.0004652289620638255,LFP,15
1.0078058243946968,3.4578992201089496,0.000549816046075438,LFP,15
1.1628528743015734,3.4625737842555475,0.0006344031300870504,LFP,15
1.4729469741153265,3.447858703530404,0.0008035772981102753,LFP,15
1.7830410739290792,3.449461217687102,0.0009727514661335855,LFP,15
2.093135173742832,3.4446998142339935,0.0011419256341568102,LFP,15
2.403229273556585,3.4345683602569426,0.001311099802180035,LFP,15
2.713323373370338,3.431079687624454,0.00148027397020326,LFP,15
3.333511572997844,3.4188006230157963,0.0018186223062497094,LFP,15
3.9536997726253498,3.413089041990568,0.002156970642296159,LFP,15
4.573887972252855,3.403374125957795,0.002495318978342609,LFP,15
5.194076171880361,3.401927606823254,0.002833667314389059,LFP,15
5.814264371507868,3.4002099859742736,0.0031720156504355937,LFP,15
6.434452571135374,3.3864074917325766,0.003510363986482043,LFP,15
7.05464077076288,3.3849166721724586,0.003848712322528493,LFP,15
8.295017170017893,3.373720358436079,0.004525408994621392,LFP,15
9.535393569272903,3.3671107997765715,0.005202105666714377,LFP,15
10.775769968527918,3.3635979277762225,0.005878802338807276,LFP,15
12.01614636778293,3.3538227241747545,0.006555499010900176,LFP,15
13.256522767037945,3.339918136275623,0.00723219568299316,LFP,15
15.737275565547966,3.3356925642593307,0.008585589027178958,LFP,15
18.21802836405799,3.3240459193338294,0.009938982371364842,LFP,15
20.69878116256801,3.3152298834497427,0.011292375715550727,LFP,15
23.179533961078036,3.305172156862169,0.012645769059736611,LFP,15
25.66028675958806,3.3100894621530865,0.013999162403922408,LFP,15
28.14103955809809,3.312615531028356,0.015352555748108293,LFP,15
30.62179235660811,3.304851710447384,0.016705949092294177,LFP,15
33.102545155118136,3.297341477734662,0.018059342436479976,LFP,15
38.064050752138186,3.287462711204479,0.020766129124851745,LFP,15
43.02555634915824,3.281961736223823,0.023472915813223427,LFP,15
47.98706194617829,3.27083323944388,0.026179702501595195,LFP,15
52.94856754319834,3.2678482128866664,0.028886489189966877,LFP,15
57.91007314021839,3.2579883742908082,0.03159327587833856,LFP,15
62.87157873723844,3.2669347941852642,0.03430006256671033,LFP,15
67.83308433425849,3.2592754848178185,0.03700684925508201,LFP,15
72.79458993127854,3.258477240432929,0.03971363594345378,LFP,15
77.75609552829859,3.2611280790629986,0.04242042263182546,LFP,15
82.71760112531864,3.2603442617465537,0.04512720932019714,LFP,15
87.67910672233869,3.2576221183993,0.04783399600856891,LFP,15
97.60211791637876,3.252434556980154,0.05324756938531236,LFP,15
107.52512911041887,3.2525942023411463,0.05866114276205573,LFP,15
117.44814030445896,3.2528384319350807,0.06407471613879917,LFP,15
127.37115149849907,3.241795867803004,0.06948828951554263,LFP,15
137.29416269253915,3.2416911412546003,0.07490186289228608,LFP,15
147.21717388657927,3.237846333120777,0.08031543626902952,LFP,15
167.06319627465945,3.250413371610773,0.09114258302251635,LFP,15
186.90921866273965,3.2500586322029985,0.10196972977600326,LFP,15
206.75524105081985,3.243956868916833,0.11279687652949014,LFP,15
226.60126343890005,3.241949685040967,0.12362402328297696,LFP,15
266.2933082150604,3.2475452619873146,0.14527831678995068,LFP,15
305.9853529912208,3.235441262803567,0.1669326102969244,LFP,15
345.6773977673812,3.246437301694156,0.1885869038038982,LFP,15
385.3694425435416,3.236050445329177,0.2102411973108719,LFP,15
425.061487319702,3.2314244164710995,0.2318954908178456,LFP,15
464.7535320958624,3.2256097051615478,0.25354978432481934,LFP,15
544.1376216481831,3.200838038874808,0.29685837133876686,LFP,15
623.5217112005039,3.2066865830291063,0.3401669583527143,LFP,15
702.9058007528247,3.2067642671925536,0.38347554536666173,LFP,15
782.2898903051455,3.2143777973178866,0.42678413238060925,LFP,15
861.6739798574663,3.2062350388860272,0.4700927193945567,LFP,15
941.0580694097872,3.207817501190365,0.5134013064085041,LFP,15
1020.442158962108,3.199808901162157,0.5567098934224516,LFP,15
1179.2103380667495,3.2165848042790106,0.6433270674503465,LFP,15
1337.978517171391,3.2045571750466735,0.7299442414782414,LFP,15
1496.7466962760327,3.1974889528609314,0.8165614155061364,LFP,15
1655.5148753806743,3.184126299921579,0.9031785895340316,LFP,15
1814.283054485316,3.1567329045429418,0.9897957635619263,LFP,15
1973.0512335899575,3.1434273520420897,1.0764129375898213,LFP,15
2131.819412694599,3.1274741127638186,1.1630301116177162,LFP,15
2290.5875917992407,3.094109719748403,1.249647285645611,LFP,15
2608.123950008524,2.9594133717407582,1.4228816337014012,LFP,15
2893.9066723968785,2.633049557348785,1.578792546951612,LFP,15
2941.9693959033148,2.5035651089418627,1.6050135271863717,LFP,15
0.0,3.510808753811308,0.0,LFP,16
0.0024226101547949,3.5195258841451045,1.2771609257820605e-06,LFP,16
0.0048452203095898,3.5100267674596974,2.554321851564121e-06,LFP,16
0.0096904406191797,3.5263992870277936,5.108643703128242e-06,LFP,16
0.0193808812383595,3.5260784151743114,1.0217287406256484e-05,LFP,16
0.0387617624767191,3.5204236159659414,2.0434574812512968e-05,LFP,16
0.0775235249534382,3.507062622945548,4.0869149625025936e-05,LFP,16
0.1550470499068764,3.504353101429003,8.173829925005189e-05,LFP,16
0.2325705748603146,3.503648874250303,0.00012260744887503114,LFP,16
0.3876176247671911,3.491604841942612,0.00020434574812507937,LFP,16
0.5426646746740675,3.4789891966214417,0.0002860840473751276,LFP,16
0.697711724580944,3.475601789704564,0.00036782234662517584,LFP,16
0.8527587744878204,3.4739984714312273,0.00044956064587522407,LFP,16
1.0078058243946968,3.474130233974086,0.0005312989451252724,LFP,16
1.1628528743015734,3.466562451804572,0.0006130372443753206,LFP,16
1.4729469741153265,3.456049438580412,0.0007765138428754172,LFP,16
1.7830410739290792,3.4570294001292288,0.0009399904413755963,LFP,16
2.093135173742832,3.4420127278893013,0.0011034670398756927,LFP,16
2.403229273556585,3.4325294023742168,0.001266943638375789,LFP,16
2.713323373370338,3.4381011275519913,0.0014304202368758856,LFP,16
3.333511572997844,3.417370280620551,0.0017573734338760787,LFP,16
3.9536997726253498,3.406780206726505,0.002084326630876272,LFP,16
4.573887972252855,3.411609180088108,0.002411279827876465,LFP,16
5.194076171880361,3.401554424730057,0.002738233024876658,LFP,16
5.814264371507868,3.390400554247783,0.003065186221876933,LFP,16
6.434452571135374,3.39277185881997,0.0033921394188771263,LFP,16
7.05464077076288,3.385243490277359,0.003719092615877319,LFP,16
8.295017170017893,3.379483293772191,0.004372999009877705,LFP,16
9.535393569272903,3.3693881248321786,0.005026905403878174,LFP,16
10.775769968527918,3.3521211468767604,0.00568081179787856,LFP,16
12.01614636778293,3.3486548676932757,0.006334718191878946,LFP,16
13.256522767037945,3.3450233311133486,0.006988624585879414,LFP,16
15.737275565547966,3.327505898413364,0.008296437373880186,LFP,16
18.21802836405799,3.328408891474601,0.00960425016188104,LFP,16
20.69878116256801,3.3281453000524146,0.010912062949881896,LFP,16
23.179533961078036,3.314276355334155,0.01221987573788275,LFP,16
25.66028675958806,3.3093389355075127,0.01352768852588352,LFP,16
28.14103955809809,3.3012751005986782,0.014835501313884376,LFP,16
30.62179235660811,3.2976775456886807,0.016143314101885232,LFP,16
33.102545155118136,3.300435312732148,0.017451126889886003,LFP,16
38.064050752138186,3.2826080530000774,0.02006675246588771,LFP,16
43.02555634915824,3.269759384069184,0.02268237804188934,LFP,16
47.98706194617829,3.2799266004312955,0.025298003617891047,LFP,16
52.94856754319834,3.2684649957375442,0.027913629193892675,LFP,16
57.91007314021839,3.266748604112299,0.0305292547698943,LFP,16
62.87157873723844,3.2591727263868697,0.033144880345896015,LFP,16
67.83308433425849,3.2683269174878555,0.03576050592189764,LFP,16
72.79458993127854,3.2540362393476325,0.03837613149789935,LFP,16
77.75609552829859,3.2578858071754317,0.04099175707390097,LFP,16
82.71760112531864,3.250208203235522,0.0436073826499026,LFP,16
87.67910672233869,3.2448106284433167,0.046223008225904305,LFP,16
97.60211791637876,3.251701170037183,0.051454259377907645,LFP,16
107.52512911041887,3.2552657554288618,0.0566855105299109,LFP,16
117.44814030445896,3.253702373239431,0.06191676168191423,LFP,16
127.37115149849907,3.2418817574691086,0.06714801283391757,LFP,16
137.29416269253915,3.2511154899864443,0.0723792639859209,LFP,16
147.21717388657927,3.2460415098909796,0.07761051513792425,LFP,16
167.06319627465945,3.252178633726178,0.08807301744193083,LFP,16
186.90921866273965,3.254452725800163,0.09853551974593751,LFP,16
206.75524105081985,3.250343452024944,0.10899802204994416,LFP,16
226.60126343890005,3.246146536311023,0.11946052435395076,LFP,16
266.2933082150604,3.2459287394092473,0.14038552896196405,LFP,16
305.9853529912208,3.2498526040353686,0.1613105335699773,LFP,16
345.6773977673812,3.2432775143496824,0.18223553817799062,LFP,16
385.3694425435416,3.2432225323814916,0.20316054278600387,LFP,16
425.061487319702,3.23273731167576,0.22408554739401712,LFP,16
464.7535320958624,3.23024565232737,0.2450105520020304,LFP,16
544.1376216481831,3.2034832711821575,0.286860561218057,LFP,16
623.5217112005039,3.21249383930804,0.3287105704340835,LFP,16
702.9058007528247,3.212548452682063,0.3705605796501101,LFP,16
782.2898903051455,3.2128329536582507,0.41241058886613663,LFP,16
861.6739798574663,3.196427082963117,0.4542605980821632,LFP,16
941.0580694097872,3.213075137711204,0.49611060729818973,LFP,16
1020.442158962108,3.2046947001863897,0.5379606165142163,LFP,16
1179.2103380667495,3.2094647522482362,0.6216606349462694,LFP,16
1337.978517171391,3.197133584012342,0.7053606533783225,LFP,16
1496.7466962760327,3.1917206334728117,0.7890606718103755,LFP,16
1655.5148753806743,3.1837476936548206,0.872760690242429,LFP,16
1814.283054485316,3.1618755856995615,0.9564607086744819,LFP,16
1973.0512335899575,3.1340535176014366,1.040160727106535,LFP,16
2131.819412694599,3.115190118021925,1.123860745538588,LFP,16
2290.5875917992407,3.1027673929755815,1.207560763970641,LFP,16
2608.123950008524,2.9596455050030226,1.3749608008347476,LFP,16
2893.9066723968785,2.638373984166525,1.525620834012443,LFP,16
2941.9693959033148,2.495590392251376,1.5509587251822599,LFP,16
0.0,3.520820002965142,0.0,LFP,17
0.0024226101547949,3.5241955390791997,1.3245096764327497e-06,LFP,17
0.0048452203095898,3.5181409941075663,2.6490193528654994e-06,LFP,17
0.0096904406191797,3.515468392335057,5.298038705730999e-06,LFP,17
0.0193808812383595,3.5079519764779086,1.0596077411461998e-05,LFP,17
0.0387617624767191,3.5198742920761563,2.1192154822923995e-05,LFP,17
0.0775235249534382,3.505772587351108,4.238430964584799e-05,LFP,17
0.1550470499068764,3.5092370130860306,8.4768619291696e-05,LFP,17
0.2325705748603146,3.5099385729924317,0.00012715292893749553,LFP,17
0.3876176247671911,3.4976589251863146,0.00021192154822918775,LFP,17
0.5426646746740675,3.4836969339471984,0.00029669016752088,LFP,17
0.697711724580944,3.485185009957991,0.0003814587868125722,LFP,17
0.8527587744878204,3.4764572470611124,0.00046622740610426436,LFP,17
1.0078058243946968,3.4720780157024027,0.0005509960253959566,LFP,17
1.1628528743015734,3.4592686410002327,0.0006357646446876489,LFP,17
1.4729469741153265,3.446965470894739,0.0008053018832710334,LFP,17
1.7830410739290792,3.4459794169113156,0.0009748391218545034,LFP,17
2.093135173742832,3.4351355404978308,0.0011443763604378878,LFP,17
2.403229273556585,3.436648104292703,0.0013139135990212721,LFP,17
2.713323373370338,3.4391624213003147,0.0014834508376046567,LFP,17
3.333511572997844,3.4235198627048002,0.0018225253147714255,LFP,17
3.9536997726253498,3.408817581572791,0.0021615997919381944,LFP,17
4.573887972252855,3.4025249215247366,0.002500674269104963,LFP,17
5.194076171880361,3.4008127757164868,0.0028397487462717324,LFP,17
5.814264371507868,3.401235499058125,0.0031788232234385865,LFP,17
6.434452571135374,3.3891933296695536,0.0035178977006053553,LFP,17
7.05464077076288,3.3854760287883408,0.003856972177772124,LFP,17
8.295017170017893,3.377279995197029,0.004535121132105662,LFP,17
9.535393569272903,3.365732717155983,0.005213270086439285,LFP,17
10.775769968527918,3.3625527293030486,0.005891419040772824,LFP,17
12.01614636778293,3.3522138915820463,0.006569567995106361,LFP,17
13.256522767037945,3.3318415216478012,0.007247716949439984,LFP,17
15.737275565547966,3.3304935949626575,0.00860401485810706,LFP,17
18.21802836405799,3.323463321312547,0.00996031276677422,LFP,17
20.69878116256801,3.3234670665113963,0.011316610675441383,LFP,17
23.179533961078036,3.3141625741993797,0.012672908584108543,LFP,17
25.66028675958806,3.3103607913162922,0.014029206492775618,LFP,17
28.14103955809809,3.30649562229527,0.01538550440144278,LFP,17
30.62179235660811,3.2996354495275653,0.01674180231010994,LFP,17
33.102545155118136,3.2963782410869356,0.018098100218777016,LFP,17
38.064050752138186,3.289872293916671,0.02081069603611134,LFP,17
43.02555634915824,3.2837403931591287,0.023523291853445576,LFP,17
47.98706194617829,3.2754957522778976,0.026235887670779896,LFP,17
52.94856754319834,3.2714000992667183,0.028948483488114133,LFP,17
57.91007314021839,3.259634471961857,0.03166107930544837,LFP,17
62.87157873723844,3.2649996351129222,0.03437367512278269,LFP,17
67.83308433425849,3.2617164772356824,0.037086270940116926,LFP,17
72.79458993127854,3.255496629711305,0.03979886675745125,LFP,17
77.75609552829859,3.2608733525434928,0.04251146257478549,LFP,17
82.71760112531864,3.249520357593495,0.04522405839211972,LFP,17
87.67910672233869,3.25098480148041,0.04793665420945405,LFP,17
97.60211791637876,3.254386050253936,0.0533618458441226,LFP,17
107.52512911041887,3.2410548381984734,0.058787037478791083,LFP,17
117.44814030445896,3.245253913512709,0.06421222911345964,LFP,17
127.37115149849907,3.2475079514933483,0.0696374207481282,LFP,17
137.29416269253915,3.238223464851114,0.07506261238279675,LFP,17
147.21717388657927,3.2566016805947964,0.08048780401746532,LFP,17
167.06319627465945,3.249699994969297,0.09133818728680235,LFP,17
186.90921866273965,3.239743840403798,0.10218857055613947,LFP,17
206.75524105081985,3.24501656295358,0.11303895382547657,LFP,17
226.60126343890005,3.2492062406119726,0.1238893370948136,LFP,17
266.2933082150604,3.2461995017327845,0.14559010363348776,LFP,17
305.9853529912208,3.254269833321946,0.1672908701721619,LFP,17
345.6773977673812,3.2397421264276773,0.18899163671083616,LFP,17
385.3694425435416,3.236004610951614,0.2106924032495103,LFP,17
425.061487319702,3.231928532469051,0.23239316978818442,LFP,17
464.7535320958624,3.224975029442521,0.2540939363268586,LFP,17
544.1376216481831,3.219169526254029,0.29749546940420696,LFP,17
623.5217112005039,3.2126193297502135,0.3408970024815553,LFP,17
702.9058007528247,3.19652716938659,0.3842985355589036,LFP,17
782.2898903051455,3.2078444586978154,0.42770006863625193,LFP,17
861.6739798574663,3.209208876908368,0.47110160171360027,LFP,17
941.0580694097872,3.2018195112678254,0.5145031347909486,LFP,17
1020.442158962108,3.204043352000836,0.557904667868297,LFP,17
1179.2103380667495,3.2041666844078467,0.6447077340229936,LFP,17
1337.978517171391,3.1993667244851403,0.7315108001776902,LFP,17
1496.7466962760327,3.1908249880968516,0.8183138663323868,LFP,17
1655.5148753806743,3.1850404218090387,0.9051169324870838,LFP,17
1814.283054485316,3.159955877400245,0.9919199986417803,LFP,17
1973.0512335899575,3.1385299834357387,1.078723064796477,LFP,17
2131.819412694599,3.1053900504318714,1.1655261309511735,LFP,17
2290.5875917992407,3.100359418940553,1.25232919710587,LFP,17
2608.123950008524,2.9618244312440387,1.4259353294152637,LFP,17
2893.9066723968785,2.641253846045274,1.5821808484937177,LFP,17
2941.9693959033148,2.503687862154576,1.6084581024852396,LFP,17
0.0,3.5137801301553906,0.0,LFP,18
0.0024226101547949,3.522101157785934,1.5176806861584309e-06,LFP,18
0.0048452203095898,3.51603768400663,3.0353613723168617e-06,LFP,18
0.0096904406191797,3.526948006677762,6.0707227446337235e-06,LFP,18
0.0193808812383595,3.517155429536474,1.2141445489267447e-05,LFP,18
0.0387617624767191,3.5163293358224186,2.4282890978534894e-05,LFP,18
0.0775235249534382,3.5258988417427526,4.856578195706979e-05,LFP,18
0.1550470499068764,3.5020200557761862,9.713156391413959e-05,LFP,18
0.2325705748603146,3.500514621670889,0.00014569734587115387,LFP,18
0.3876176247671911,3.492231019339712,0.00024282890978528912,LFP,18
0.5426646746740675,3.492847786746406,0.0003399604736994244,LFP,18
0.697711724580944,3.4728390385168573,0.00043709203761355966,LFP,18
0.8527587744878204,3.4653849534167884,0.0005342236015276949,LFP,18
1.0078058243946968,3.4719220019347103,0.0006313551654418302,LFP,18
1.1628528743015734,3.4624230780508016,0.0007284867293559655,LFP,18
1.4729469741153265,3.4508900133211284,0.0009227498571842361,LFP,18
1.7830410739290792,3.4509775342941005,0.0011170129850126048,LFP,18
2.093135173742832,3.439636598568571,0.001311276112840875,LFP,18
2.403229273556585,3.4354304724765177,0.0015055392406691456,LFP,18
2.713323373370338,3.432307423102594,0.0016998023684974162,LFP,18
3.333511572997844,3.4152063185360073,0.0020883286241539572,LFP,18
3.9536997726253498,3.413630411798608,0.0024768548798104984,LFP,18
4.573887972252855,3.399523886583639,0.0028653811354670397,LFP,18
5.194076171880361,3.4030502099866267,0.003253907391123581,LFP,18
5.814264371507868,3.400752829582266,0.0036424336467802197,LFP,18
6.434452571135374,3.386010152484961,0.0040309599024367605,LFP,18
7.05464077076288,3.3827916059153753,0.004419486158093302,LFP,18
8.295017170017893,3.3701043340511814,0.005196538669406384,LFP,18
9.535393569272903,3.3541874686464177,0.005973591180719565,LFP,18
10.775769968527918,3.3551899401232284,0.006750643692032646,LFP,18
12.01614636778293,3.3456799234199073,0.007527696203345729,LFP,18
13.256522767037945,3.347957657151801,0.008304748714658909,LFP,18
15.737275565547966,3.3280862228100654,0.009858853737285072,LFP,18
18.21802836405799,3.326203530294704,0.011412958759911334,LFP,18
20.69878116256801,3.3187967342745464,0.012967063782537598,LFP,18
23.179533961078036,3.316063139919429,0.01452116880516386,LFP,18
25.66028675958806,3.309668178521694,0.01607527382779002,LFP,18
28.14103955809809,3.298788127103215,0.017629378850416287,LFP,18
30.62179235660811,3.31186755633429,0.01918348387304255,LFP,18
33.102545155118136,3.2932268279542565,0.020737588895668714,LFP,18
38.064050752138186,3.2816651507322447,0.023845798940921238,LFP,18
43.02555634915824,3.283120134413029,0.026954008986173665,LFP,18
47.98706194617829,3.275343609729126,0.03006221903142619,LFP,18
52.94856754319834,3.275685899914022,0.033170429076678616,LFP,18
57.91007314021839,3.279448345123792,0.03627863912193104,LFP,18
62.87157873723844,3.2603178075548667,0.03938684916718357,LFP,18
67.83308433425849,3.267238089339309,0.042495059212435994,LFP,18
72.79458993127854,3.2622144900640424,0.04560326925768852,LFP,18
77.75609552829859,3.2637536017519806,0.048711479302940945,LFP,18
82.71760112531864,3.2494560137124213,0.05181968934819337,LFP,18
87.67910672233869,3.246806945153017,0.054927899393445896,LFP,18
97.60211791637876,3.247332447098275,0.06114431948395085,LFP,18
107.52512911041887,3.2521946111047266,0.06736073957445571,LFP,18
117.44814030445896,3.241705860340629,0.07357715966496065,LFP,18
127.37115149849907,3.2435567601773876,0.07979357975546561,LFP,18
137.29416269253915,3.2475598266234553,0.08600999984597055,LFP,18
147.21717388657927,3.2433818088834356,0.09222641993647551,LFP,18
167.06319627465945,3.243378240825165,0.10465926011748532,LFP,18
186.90921866273965,3.2467963049288,0.11709210029849522,LFP,18
206.75524105081985,3.2482820866320643,0.1295249404795051,LFP,18
226.60126343890005,3.2538511024790955,0.14195778066051493,LFP,18
266.2933082150604,3.238661506274405,0.16682346102253465,LFP,18
305.9853529912208,3.2548909805705506,0.19168914138455434,LFP,18
345.6773977673812,3.2459522375891874,0.21655482174657414,LFP,18
385.3694425435416,3.236825681468339,0.24142050210859384,LFP,18
425.061487319702,3.240366819332879,0.26628618247061353,LFP,18
464.7535320958624,3.2254184611706336,0.2911518628326333,LFP,18
544.1376216481831,3.2151649590196585,0.3408832235566728,LFP,18
623.5217112005039,3.2048827587547755,0.3906145842807122,LFP,18
702.9058007528247,3.2020376789923697,0.4403459450047516,LFP,18
782.2898903051455,3.204528340007267,0.4900773057287911,LFP,18
861.6739798574663,3.1980337606936997,0.5398086664528305,LFP,18
941.0580694097872,3.2088533535268677,0.58954002717687,LFP,18
1020.442158962108,3.201068312547199,0.6392713879009094,LFP,18
1179.2103380667495,3.2041720691723774,0.7387341093489883,LFP,18
1337.978517171391,3.2072032284265886,0.8381968307970673,LFP,18
1496.7466962760327,3.1972232820019273,0.9376595522451461,LFP,18
1655.5148753806743,3.1897714081446438,1.0371222736932253,LFP,18
1814.283054485316,3.173268867287147,1.136584995141304,LFP,18
1973.0512335899575,3.133391307360729,1.236047716589383,LFP,18
2131.819412694599,3.1181760258733777,1.3355104380374618,LFP,18
2290.5875917992407,3.099697479225126,1.4349731594855406,LFP,18
2608.123950008524,2.954253932073628,1.6338986023816988,LFP,18
2893.9066723968785,2.6339731893506504,1.8129315009882407,LFP,18
2941.9693959033148,2.5062529257867125,1.8430411193457454,LFP,18
0.0,3.520744016047841,0.0,LFP,19
0.0024226101547949,3.5193976500710176,1.5472781320483817e-06,LFP,19
0.0048452203095898,3.511995627706902,3.0945562640967635e-06,LFP,19
0.0096904406191797,3.51419741693883,6.189112528193527e-06,LFP,19
0.0193808812383595,3.5190712338489574,1.2378225056387054e-05,LFP,19
0.0387617624767191,3.5136230988760198,2.4756450112774108e-05,LFP,19
0.0775235249534382,3.506934983090423,4.9512900225548216e-05,LFP,19
0.1550470499068764,3.5064089185046643,9.902580045109645e-05,LFP,19
0.2325705748603146,3.503056104753337,0.00014853870067658807,LFP,19
0.3876176247671911,3.485692030891501,0.0002475645011276801,LFP,19
0.5426646746740675,3.495752717369025,0.0003465903015787722,LFP,19
0.697711724580944,3.476445370460122,0.0004456161020298642,LFP,19
0.8527587744878204,3.466742803704314,0.0005446419024809562,LFP,19
1.0078058243946968,3.4659599861435866,0.0006436677029320483,LFP,19
1.1628528743015734,3.4578607257986973,0.0007426935033831403,LFP,19
1.4729469741153265,3.458544197662041,0.0009407451042853245,LFP,19
1.7830410739290792,3.449305437024553,0.0011387967051876085,LFP,19
2.093135173742832,3.4493790347251125,0.0013368483060897925,LFP,19
2.403229273556585,3.432819493669828,0.0015348999069919767,LFP,19
2.713323373370338,3.4382738972982536,0.0017329515078941607,LFP,19
3.333511572997844,3.417571599966475,0.0021290547096985287,LFP,19
3.9536997726253498,3.407552015046229,0.002525157911502897,LFP,19
4.573887972252855,3.4086240521358637,0.002921261113307265,LFP,19
5.194076171880361,3.397758721720788,0.0033173643151116336,LFP,19
5.814264371507868,3.398970023529258,0.0037134675169161017,LFP,19
6.434452571135374,3.393097728555031,0.004109570718720469,LFP,19
7.05464077076288,3.3840755540030205,0.004505673920524838,LFP,19
8.295017170017893,3.3795274889500058,0.005297880324133575,LFP,19
9.535393569272903,3.368258217152311,0.00609008672774241,LFP,19
10.775769968527918,3.3500033062809216,0.006882293131351147,LFP,19
12.01614636778293,3.34903523338571,0.007674499534959883,LFP,19
13.256522767037945,3.349810942539143,0.008466705938568719,LFP,19
15.737275565547966,3.337777496657382,0.010051118745786193,LFP,19
18.21802836405799,3.329147170402834,0.011635531553003764,LFP,19
20.69878116256801,3.318387186862891,0.013219944360221338,LFP,19
23.179533961078036,3.311668240217379,0.014804357167438909,LFP,19
25.66028675958806,3.3062534585253873,0.01638876997465638,LFP,19
28.14103955809809,3.300199296460752,0.017973182781873955,LFP,19
30.62179235660811,3.297625929778782,0.01955759558909153,LFP,19
33.102545155118136,3.290693116219732,0.021142008396309,LFP,19
38.064050752138186,3.2900224137392025,0.024310834010744145,LFP,19
43.02555634915824,3.267935920460445,0.027479659625179193,LFP,19
47.98706194617829,3.2702467222282423,0.030648485239614335,LFP,19
52.94856754319834,3.2726219907918224,0.03381731085404938,LFP,19
57.91007314021839,3.262678419621493,0.03698613646848443,LFP,19
62.87157873723844,3.261645206998103,0.040154962082919576,LFP,19
67.83308433425849,3.2641194422117157,0.043323787697354614,LFP,19
72.79458993127854,3.2580630836506215,0.04649261331178976,LFP,19
77.75609552829859,3.2474785796241212,0.04966143892622481,LFP,19
82.71760112531864,3.256790203512038,0.05283026454065985,LFP,19
87.67910672233869,3.2509427226725798,0.055999090155095,LFP,19
97.60211791637876,3.249208567301211,0.06233674138396519,LFP,19
107.52512911041887,3.251008424872708,0.06867439261283528,LFP,19
117.44814030445896,3.2423979578589126,0.07501204384170547,LFP,19
127.37115149849907,3.2408552017138517,0.08134969507057567,LFP,19
137.29416269253915,3.252694379128527,0.08768734629944584,LFP,19
147.21717388657927,3.23885940450003,0.09402499752831604,LFP,19
167.06319627465945,3.2448922967517775,0.10670029998605633,LFP,19
186.90921866273965,3.239944373320514,0.1193756024437967,LFP,19
206.75524105081985,3.2446847893475628,0.13205090490153706,LFP,19
226.60126343890005,3.241231718676983,0.14472620735927735,LFP,19
266.2933082150604,3.242921492653292,0.17007681227475804,LFP,19
305.9853529912208,3.242484663476369,0.1954274171902387,LFP,19
345.6773977673812,3.2398129539343734,0.22077802210571945,LFP,19
385.3694425435416,3.247898746354389,0.2461286270212001,LFP,19
425.061487319702,3.2257741655527323,0.2714792319366808,LFP,19
464.7535320958624,3.2324028251483035,0.2968298368521614,LFP,19
544.1376216481831,3.2190471570400065,0.34753104668312285,LFP,19
623.5217112005039,3.212444926426686,0.3982322565140842,LFP,19
702.9058007528247,3.200776778281339,0.4489334663450455,LFP,19
782.2898903051455,3.2151926684996943,0.49963467617600693,LFP,19
861.6739798574663,3.195780765036273,0.5503358860069683,LFP,19
941.0580694097872,3.201030836993559,0.6010370958379296,LFP,19
1020.442158962108,3.205040067866191,0.651738305668891,LFP,19
1179.2103380667495,3.2010760994044323,0.7531407253308137,LFP,19
1337.978517171391,3.195016461210954,0.8545431449927364,LFP,19
1496.7466962760327,3.197029236796045,0.9559455646546591,LFP,19
1655.5148753806743,3.184454131229688,1.0573479843165823,LFP,19
1814.283054485316,3.17144818058391,1.1587504039785046,LFP,19
1973.0512335899575,3.1358231017719262,1.2601528236404274,LFP,19
2131.819412694599,3.1173763625400355,1.3615552433023501,LFP,19
2290.5875917992407,3.106392417248889,1.4629576629642727,LFP,19
2608.123950008524,2.9548291039610746,1.6657625022881186,LFP,19
2893.9066723968785,2.633932561939543,1.8482868576795792,LFP,19
2941.9693959033148,2.4893635817613484,1.878983666615597,LFP,19
0.0,3.515899716740013,0.0,LFP,20
0.0024226101547949,3.516758886978171,1.3429034367581742e-06,LFP,20
0.0048452203095898,3.516460262661287,2.6858068735163483e-06,LFP,20
0.0096904406191797,3.523085500804676,5.371613747032697e-06,LFP,20
0.0193808812383595,3.5173005129636166,1.0743227494065393e-05,LFP,20
0.0387617624767191,3.5124983128589538,2.1486454988130787e-05,LFP,20
0.0775235249534382,3.5037290205416576,4.2972909976261574e-05,LFP,20
0.1550470499068764,3.50865162355718,8.594581995252316e-05,LFP,20
0.2325705748603146,3.507798818732854,0.00012891872992873562,LFP,20
0.3876176247671911,3.488688363105942,0.00021486454988125495,LFP,20
0.5426646746740675,3.483248595151912,0.00030081036983377427,LFP,20
0.697711724580944,3.479529968527195,0.0003867561897862936,LFP,20
0.8527587744878204,3.4752026922900816,0.0004727020097388129,LFP,20
1.0078058243946968,3.464128258019509,0.0005586478296913322,LFP,20
1.1628528743015734,3.4695044213719206,0.0006445936496438516,LFP,20
1.4729469741153265,3.456777812439001,0.0008164852895488903,LFP,20
1.7830410739290792,3.440787417381191,0.0009883769294540157,LFP,20
2.093135173742832,3.4417792308403197,0.0011602685693590544,LFP,20
2.403229273556585,3.4354111020423765,0.001332160209264093,LFP,20
2.713323373370338,3.421066562142449,0.0015040518491691317,LFP,20
3.333511572997844,3.421419695158448,0.001847835128979209,LFP,20
3.9536997726253498,3.4086650836441907,0.0021916184087892865,LFP,20
4.573887972252855,3.4025552095916862,0.002535401688599364,LFP,20
5.194076171880361,3.3954967355637344,0.002879184968409441,LFP,20
5.814264371507868,3.3863322586001683,0.003222968248219605,LFP,20
6.434452571135374,3.38026967232076,0.0035667515280296824,LFP,20
7.05464077076288,3.3826634147998185,0.00391053480783976,LFP,20
8.295017170017893,3.3693547228500913,0.004598101367459914,LFP,20
9.535393569272903,3.3667460298934975,0.005285667927080156,LFP,20
10.775769968527918,3.354296833620505,0.005973234486700311,LFP,20
12.01614636778293,3.343366014496589,0.006660801046320466,LFP,20
13.256522767037945,3.343850084022391,0.007348367605940706,LFP,20
15.737275565547966,3.3451459977635234,0.008723500725181016,LFP,20
18.21802836405799,3.3254380903250254,0.010098633844421412,LFP,20
20.69878116256801,3.3189288764492506,0.011473766963661808,LFP,20
23.179533961078036,3.3055644845041723,0.012848900082902204,LFP,20
25.66028675958806,3.3074009161906592,0.014224033202142512,LFP,20
28.14103955809809,3.2991928014541902,0.01559916632138291,LFP,20
30.62179235660811,3.30220023730897,0.016974299440623307,LFP,20
33.102545155118136,3.28320395269099,0.018349432559863616,LFP,20
38.064050752138186,3.2931886686874248,0.021099698798344408,LFP,20
43.02555634915824,3.2803494904859267,0.023849965036825113,LFP,20
47.98706194617829,3.273728281849268,0.026600231275305905,LFP,20
52.94856754319834,3.2642638295028172,0.02935049751378661,LFP,20
57.91007314021839,3.2626570910090082,0.032100763752267315,LFP,20
62.87157873723844,3.2573986906246795,0.03485102999074811,LFP,20
67.83308433425849,3.259621584093712,0.037601296229228816,LFP,20
72.79458993127854,3.256057404991524,0.04035156246770961,LFP,20
77.75609552829859,3.260820651704054,0.04310182870619031,LFP,20
82.71760112531864,3.2497262472192685,0.04585209494467101,LFP,20
87.67910672233869,3.253081463848996,0.04860236118315181,LFP,20
97.60211791637876,3.2501014454247517,0.0541028936601133,LFP,20
107.52512911041887,3.2460480674877634,0.05960342613707472,LFP,20
117.44814030445896,3.2401844724499567,0.06510395861403621,LFP,20
127.37115149849907,3.246831423308482,0.07060449109099771,LFP,20
137.29416269253915,3.244959889775594,0.0761050235679592,LFP,20
147.21717388657927,3.250374899141933,0.08160555604492072,LFP,20
167.06319627465945,3.240241412480972,0.09260662099884362,LFP,20
186.90921866273965,3.24936819492636,0.10360768595276662,LFP,20
206.75524105081985,3.2506346929902876,0.1146087509066896,LFP,20
226.60126343890005,3.243092010839105,0.1256098158606125,LFP,20
266.2933082150604,3.244192238146666,0.14761194576845843,LFP,20
305.9853529912208,3.2433222045735466,0.16961407567630432,LFP,20
345.6773977673812,3.2371411336860816,0.19161620558415032,LFP,20
385.3694425435416,3.2386908020401495,0.21361833549199621,LFP,20
425.061487319702,3.2340297748581333,0.2356204653998421,LFP,20
464.7535320958624,3.225497611029509,0.257622595307688,LFP,20
544.1376216481831,3.2093704115339836,0.3016268551233799,LFP,20
623.5217112005039,3.1994959122111175,0.3456311149390717,LFP,20
702.9058007528247,3.2085694341569546,0.3896353747547635,LFP,20
782.2898903051455,3.216532906687214,0.4336396345704554,LFP,20
861.6739798574663,3.2068247521892532,0.47764389438614724,LFP,20
941.0580694097872,3.201410989721059,0.5216481542018391,LFP,20
1020.442158962108,3.2011355792279854,0.565652414017531,LFP,20
1179.2103380667495,3.2006729005657086,0.6536609336489146,LFP,20
1337.978517171391,3.201211054072239,0.7416694532802983,LFP,20
1496.7466962760327,3.1948546806679254,0.8296779729116819,LFP,20
1655.5148753806743,3.1859886271150475,0.9176864925430659,LFP,20
1814.283054485316,3.165091496005047,1.0056950121744495,LFP,20
1973.0512335899575,3.143908539232952,1.093703531805833,LFP,20
2131.819412694599,3.1159898516845472,1.1817120514372168,LFP,20
2290.5875917992407,3.098077508196502,1.2697205710686001,LFP,20
2608.123950008524,2.9537885629508374,1.445737610331368,LFP,20
2893.9066723968785,2.6277285699453015,1.6041529456678585,LFP,20
2941.9693959033148,2.50350357296026,1.6307951177271984,LFP,20
0.0,3.5199105863049316,0.0,LFP,21
0.0024226101547949,3.5135360419067503,1.512715982967142e-06,LFP,21
0.0048452203095898,3.5155004784198365,3.025431965934284e-06,LFP,21
0.0096904406191797,3.516736885185159,6.050863931868568e-06,LFP,21
0.0193808812383595,3.5114318958618354,1.2101727863737137e-05,LFP,21
0.0387617624767191,3.511706216056494,2.4203455727474274e-05,LFP,21
0.0775235249534382,3.512139650425058,4.840691145494855e-05,LFP,21
0.1550470499068764,3.4973151370617357,9.681382290989711e-05,LFP,21
0.2325705748603146,3.496601063494214,0.00014522073436479035,LFP,21
0.3876176247671911,3.489306858317961,0.00024203455727468313,LFP,21
0.5426646746740675,3.4836873725907056,0.0003388483801845759,LFP,21
0.697711724580944,3.4792249402512825,0.0004356622030944687,LFP,21
0.8527587744878204,3.472004750940227,0.0005324760260043615,LFP,21
1.0078058243946968,3.4824407676272378,0.0006292898489142543,LFP,21
1.1628528743015734,3.452062256448074,0.0007261036718241472,LFP,21
1.4729469741153265,3.447407990218494,0.0009197313176439328,LFP,21
1.7830410739290792,3.4482013014909176,0.0011133589634638162,LFP,21
2.093135173742832,3.4346411264755288,0.0013069866092836017,LFP,21
2.403229273556585,3.4301564675537297,0.0015006142551033874,LFP,21
2.713323373370338,3.429185830770499,0.0016942419009231728,LFP,21
3.333511572997844,3.4213963668281404,0.002081497192562744,LFP,21
3.9536997726253498,3.42182313956808,0.0024687524842023152,LFP,21
4.573887972252855,3.4099449954840035,0.0028560077758418866,LFP,21
5.194076171880361,3.4009486811823995,0.003243263067481458,LFP,21
5.814264371507868,3.3890825342097948,0.0036305183591211266,LFP,21
6.434452571135374,3.382631990948331,0.004017773650760698,LFP,21
7.05464077076288,3.3787665239461973,0.004405028942400269,LFP,21
8.295017170017893,3.379355391718576,0.005179539525679412,LFP,21
9.535393569272903,3.3606238221664064,0.005954050108958652,LFP,21
10.775769968527918,3.362720783461238,0.006728560692237795,LFP,21
12.01614636778293,3.3554628314610566,0.0075030712755169374,LFP,21
13.256522767037945,3.331161867399339,0.008277581858796176,LFP,21
15.737275565547966,3.340782790707205,0.009826603025354461,LFP,21
18.21802836405799,3.3281272524170826,0.011375624191912844,LFP,21
20.69878116256801,3.3209992757499207,0.012924645358471227,LFP,21
23.179533961078036,3.3125841616442977,0.01447366652502961,LFP,21
25.66028675958806,3.30715878724404,0.016022687691587892,LFP,21
28.14103955809809,3.2967450385627273,0.017571708858146275,LFP,21
30.62179235660811,3.2958275454777275,0.01912073002470466,LFP,21
33.102545155118136,3.304476263570062,0.020669751191262947,LFP,21
38.064050752138186,3.288587864384159,0.02376779352437971,LFP,21
43.02555634915824,3.277250875866052,0.026865835857496377,LFP,21
47.98706194617829,3.2730866119481226,0.029963878190613143,LFP,21
52.94856754319834,3.274089567229653,0.03306192052372981,LFP,21
57.91007314021839,3.2712996896415745,0.03615996285684647,LFP,21
62.87157873723844,3.2648514622268396,0.039258005189963245,LFP,21
67.83308433425849,3.259663276690964,0.04235604752307991,LFP,21
72.79458993127854,3.260975046285432,0.04545408985619668,LFP,21
77.75609552829859,3.257441175504339,0.04855213218931334,LFP,21
82.71760112531864,3.2559542440673264,0.05165017452243001,LFP,21
87.67910672233869,3.2523025783946697,0.054748216855546775,LFP,21
97.60211791637876,3.247519318409945,0.06094430152178021,LFP,21
107.52512911041887,3.251577823679024,0.06714038618801355,LFP,21
117.44814030445896,3.249559746227917,0.07333647085424697,LFP,21
127.37115149849907,3.254631813328975,0.07953255552048041,LFP,21
137.29416269253915,3.2452061175250577,0.08572864018671383,LFP,21
147.21717388657927,3.242369974574847,0.09192472485294728,LFP,21
167.06319627465945,3.2428282965124793,0.10431689418541404,LFP,21
186.90921866273965,3.2544843669989816,0.1167090635178809,LFP,21
206.75524105081985,3.2387231651435813,0.12910123285034777,LFP,21
226.60126343890005,3.2520507800113543,0.14149340218281453,LFP,21
266.2933082150604,3.241880505834558,0.16627774084774818,LFP,21
305.9853529912208,3.240364474334312,0.1910620795126818,LFP,21
345.6773977673812,3.2448920653164444,0.21584641817761555,LFP,21
385.3694425435416,3.2288839097643405,0.24063075684254917,LFP,21
425.061487319702,3.241605927831728,0.26541509550748277,LFP,21
464.7535320958624,3.2198851467098377,0.29019943417241645,LFP,21
544.1376216481831,3.2140524073465486,0.33976811150228375,LFP,21
623.5217112005039,3.212177285193437,0.38933678883215106,LFP,21
702.9058007528247,3.214034384830362,0.4389054661620183,LFP,21
782.2898903051455,3.198572058013354,0.48847414349188567,LFP,21
861.6739798574663,3.1992149531607366,0.5380428208217529,LFP,21
941.0580694097872,3.212053301528869,0.5876114981516203,LFP,21
1020.442158962108,3.199388122196822,0.6371801754814875,LFP,21
1179.2103380667495,3.201515558962519,0.7363175301412221,LFP,21
1337.978517171391,3.207762304874924,0.8354548848009568,LFP,21
1496.7466962760327,3.2009570213561154,0.9345922394606913,LFP,21
1655.5148753806743,3.185669740723183,1.0337295941204263,LFP,21
1814.283054485316,3.1554803257226762,1.1328669487801606,LFP,21
1973.0512335899575,3.128537734426918,1.2320043034398953,LFP,21
2131.819412694599,3.114431365217667,1.3311416580996298,LFP,21
2290.5875917992407,3.092939287400649,1.4302790127593643,LFP,21
2608.123950008524,2.961287442030389,1.628553722078834,LFP,21
2893.9066723968785,2.634760934619864,1.807000960466356,LFP,21
2941.9693959033148,2.4951439846208365,1.837012082928307,LFP,21
0.0,3.5221960209609944,0.0,LFP,22
0.0024226101547949,3.518302639747283,1.402558652089493e-06,LFP,22
0.0048452203095898,3.5226589353211075,2.805117304178986e-06,LFP,22
0.0096904406191797,3.512874479089411,5.610234608357972e-06,LFP,22
0.0193808812383595,3.5133709470708805,1.1220469216715943e-05,LFP,22
0.0387617624767191,3.508383105926762,2.2440938433431887e-05,LFP,22
0.0775235249534382,3.517380163783035,4.488187686686377e-05,LFP,22
0.1550470499068764,3.503322830409291,8.976375373372756e-05,LFP,22
0.2325705748603146,3.497177380279551,0.00013464563060054004,LFP,22
0.3876176247671911,3.4959823764658426,0.0002244093843342636,LFP,22
0.5426646746740675,3.488682510255207,0.0003141731380679872,LFP,22
0.697711724580944,3.478946632918761,0.00040393689180171074,LFP,22
0.8527587744878204,3.4674246973937413,0.0004937006455354343,LFP,22
1.0078058243946968,3.4731530949062477,0.0005834643992691579,LFP,22
1.1628528743015734,3.4687809944175725,0.0006732281530028815,LFP,22
1.4729469741153265,3.4544440735411963,0.0008527556604703287,LFP,22
1.7830410739290792,3.4455659529938885,0.0010322831679378665,LFP,22
2.093135173742832,3.4369656342562402,0.0012118106754053135,LFP,22
2.403229273556585,3.4336422665832482,0.0013913381828727608,LFP,22
2.713323373370338,3.427451925882689,0.0015708656903402078,LFP,22
3.333511572997844,3.4182584269322804,0.001929920705275102,LFP,22
3.9536997726253498,3.4139989968564923,0.0022889757202099966,LFP,22
4.573887972252855,3.404148242151788,0.0026480307351448907,LFP,22
5.194076171880361,3.3950075118477026,0.0030070857500797852,LFP,22
5.814264371507868,3.386429879823666,0.00336614076501477,LFP,22
6.434452571135374,3.3900520547856092,0.003725195779949664,LFP,22
7.05464077076288,3.3830251283701904,0.0040842507948845586,LFP,22
8.295017170017893,3.3780246772115814,0.004802360824754348,LFP,22
9.535393569272903,3.3746606582882235,0.005520470854624226,LFP,22
10.775769968527918,3.3556647922465617,0.006238580884494015,LFP,22
12.01614636778293,3.3501653732992787,0.006956690914363804,LFP,22
13.256522767037945,3.3480212996517613,0.007674800944233682,LFP,22
15.737275565547966,3.3341121954419775,0.00911102100397326,LFP,22
18.21802836405799,3.325193496399069,0.010547241063712928,LFP,22
20.69878116256801,3.3214370940991156,0.011983461123452596,LFP,22
23.179533961078036,3.308671506457207,0.013419681183192263,LFP,22
25.66028675958806,3.3085270902953456,0.014855901242931839,LFP,22
28.14103955809809,3.30623527152136,0.01629212130267151,LFP,22
30.62179235660811,3.2994367822020907,0.017728341362411176,LFP,22
33.102545155118136,3.2923570222936,0.019164561422150755,LFP,22
38.064050752138186,3.2850239023194523,0.02203700154163009,LFP,22
43.02555634915824,3.291871630813006,0.024909441661109335,LFP,22
47.98706194617829,3.2724180203131312,0.027781881780588668,LFP,22
52.94856754319834,3.2679369227316863,0.030654321900067914,LFP,22
57.91007314021839,3.25753804038921,0.03352676201954716,LFP,22
62.87157873723844,3.261894867706004,0.0363992021390265,LFP,22
67.83308433425849,3.2650286973511817,0.03927164225850574,LFP,22
72.79458993127854,3.2578604435335303,0.04214408237798508,LFP,22
77.75609552829859,3.2551372864738277,0.04501652249746432,LFP,22
82.71760112531864,3.2530479666527627,0.047888962616943566,LFP,22
87.67910672233869,3.2588867396250865,0.0507614027364229,LFP,22
97.60211791637876,3.2638098027486353,0.05650628297538148,LFP,22
107.52512911041887,3.2499030603712535,0.062251163214339975,LFP,22
117.44814030445896,3.248855375520746,0.06799604345329854,LFP,22
127.37115149849907,3.2511505996077377,0.07374092369225714,LFP,22
137.29416269253915,3.2487961038295285,0.07948580393121571,LFP,22
147.21717388657927,3.2404208863757553,0.08523068417017429,LFP,22
167.06319627465945,3.24858505017938,0.09672044464809137,LFP,22
186.90921866273965,3.2546072494268037,0.10821020512600853,LFP,22
206.75524105081985,3.241774186462789,0.11969996560392568,LFP,22
226.60126343890005,3.2430674881156856,0.13118972608184276,LFP,22
266.2933082150604,3.251500066964763,0.154169247037677,LFP,22
305.9853529912208,3.2419110592382787,0.17714876799351123,LFP,22
345.6773977673812,3.234374137001083,0.20012828894934553,LFP,22
385.3694425435416,3.2263825576507434,0.22310780990517975,LFP,22
425.061487319702,3.2289736791749455,0.24608733086101398,LFP,22
464.7535320958624,3.2246808513494036,0.26906685181684825,LFP,22
544.1376216481831,3.2114795494055635,0.3150258937285168,LFP,22
623.5217112005039,3.2085519392333097,0.3609849356401853,LFP,22
702.9058007528247,3.200619193228902,0.40694397755185374,LFP,22
782.2898903051455,3.2021135094808244,0.45290301946352224,LFP,22
861.6739798574663,3.2068901627708715,0.49886206137519074,LFP,22
941.0580694097872,3.209576129891781,0.5448211032868593,LFP,22
1020.442158962108,3.207397319019144,0.5907801451985277,LFP,22
1179.2103380667495,3.1994316808337926,0.6826982290218647,LFP,22
1337.978517171391,3.19336639170015,0.7746163128452017,LFP,22
1496.7466962760327,3.2013663529958647,0.8665343966685386,LFP,22
1655.5148753806743,3.185095621603847,0.958452480491876,LFP,22
1814.283054485316,3.172052457015419,1.0503705643152128,LFP,22
1973.0512335899575,3.147175450375183,1.1422886481385497,LFP,22
2131.819412694599,3.1175053563428463,1.2342067319618868,LFP,22
2290.5875917992407,3.0984489297774087,1.3261248157852235,LFP,22
2608.123950008524,2.9533994000420454,1.5099609834318979,LFP,22
2893.9066723968785,2.6354456589208954,1.6754135343139045,LFP,22
2941.9693959033148,2.4965615578461104,1.703239219995736,LFP,22
0.0,3.520018725094141,0.0,LFP,23
0.0024226101547949,3.5263205412910503,1.3113419320711896e-06,LFP,23
0.0048452203095898,3.5184842618656083,2.6226838641423793e-06,LFP,23
0.0096904406191797,3.5108055597237233,5.2453677282847585e-06,LFP,23
0.0193808812383595,3.5214316371267245,1.0490735456569517e-05,LFP,23
0.0387617624767191,3.519307451284135,2.0981470913139034e-05,LFP,23
0.0775235249534382,3.523328909832959,4.196294182627807e-05,LFP,23
0.1550470499068764,3.5008616001154698,8.392588365255615e-05,LFP,23
0.2325705748603146,3.5030071881644593,0.00012588882547878626,LFP,23
0.3876176247671911,3.4919196468512737,0.00020981470913133867,LFP,23
0.5426646746740675,3.481904405763967,0.0002937405927838911,LFP,23
0.697711724580944,3.4773657823726793,0.0003776664764364435,LFP,23
0.8527587744878204,3.479482930977616,0.00046159236008899593,LFP,23
1.0078058243946968,3.467755041876747,0.0005455182437415484,LFP,23
1.1628528743015734,3.4629465028397037,0.0006294441273941009,LFP,23
1.4729469741153265,3.446763862479748,0.0007972958946992057,LFP,23
1.7830410739290792,3.4481638876411034,0.0009651476620043953,LFP,23
2.093135173742832,3.447626819398491,0.0011329994293095,LFP,23
2.403229273556585,3.4433894324941607,0.0013008511966146048,LFP,23
2.713323373370338,3.430443877030347,0.0014687029639197098,LFP,23
3.333511572997844,3.4258586049637696,0.0018044064985299193,LFP,23
3.9536997726253498,3.413641403911939,0.0021401100331401293,LFP,23
4.573887972252855,3.4082693513013456,0.002475813567750339,LFP,23
5.194076171880361,3.404711108738475,0.0028115171023605488,LFP,23
5.814264371507868,3.397799675737944,0.003147220636970843,LFP,23
6.434452571135374,3.3762827361480867,0.0034829241715810524,LFP,23
7.05464077076288,3.3872116992260266,0.0038186277061912624,LFP,23
8.295017170017893,3.3725136113815446,0.004490034775411681,LFP,23
9.535393569272903,3.3607741720113977,0.0051614418446321855,LFP,23
10.775769968527918,3.3511270150812043,0.005832848913852605,LFP,23
12.01614636778293,3.351742118034326,0.0065042559830730245,LFP,23
13.256522767037945,3.341435532266489,0.0071756630522935285,LFP,23
15.737275565547966,3.330700320410643,0.008518477190734368,LFP,23
18.21802836405799,3.337603420058793,0.00986129132917529,LFP,23
20.69878116256801,3.319861513260232,0.011204105467616214,LFP,23
23.179533961078036,3.320003451052317,0.012546919606057137,LFP,23
25.66028675958806,3.3015056018459212,0.013889733744497975,LFP,23
28.14103955809809,3.310325160490613,0.0152325478829389,LFP,23
30.62179235660811,3.3033465701065854,0.016575362021379825,LFP,23
33.102545155118136,3.3002901526203448,0.017918176159820665,LFP,23
38.064050752138186,3.281417703110901,0.020603804436702507,LFP,23
43.02555634915824,3.278433881974059,0.023289432713584274,LFP,23
47.98706194617829,3.2733240046641754,0.025975060990466117,LFP,23
52.94856754319834,3.2621173812039905,0.028660689267347883,LFP,23
57.91007314021839,3.2684673964967703,0.03134631754422964,LFP,23
62.87157873723844,3.2666436615864543,0.03403194582111149,LFP,23
67.83308433425849,3.2695461797460057,0.03671757409799325,LFP,23
72.79458993127854,3.260834143757033,0.0394032023748751,LFP,23
77.75609552829859,3.2548432460838184,0.04208883065175686,LFP,23
82.71760112531864,3.2508793793747217,0.04477445892863862,LFP,23
87.67910672233869,3.252477439376473,0.04746008720552047,LFP,23
97.60211791637876,3.253511166975587,0.052831343759284076,LFP,23
107.52512911041887,3.2572803458536534,0.05820260031304761,LFP,23
117.44814030445896,3.2582802337304075,0.0635738568668112,LFP,23
127.37115149849907,3.248413663500017,0.06894511342057483,LFP,23
137.29416269253915,3.2428065033265487,0.07431636997433842,LFP,23
147.21717388657927,3.2468082058425494,0.07968762652810205,LFP,23
167.06319627465945,3.2554037505306024,0.09043013963562918,LFP,23
186.90921866273965,3.248222670839633,0.1011726527431564,LFP,23
206.75524105081985,3.243058188613276,0.1119151658506836,LFP,23
226.60126343890005,3.2491013942443363,0.12265767895821074,LFP,23
266.2933082150604,3.2483609553139927,0.1441427051732651,LFP,23
305.9853529912208,3.2457124803100723,0.16562773138831946,LFP,23
345.6773977673812,3.243502709633758,0.1871127576033739,LFP,23
385.3694425435416,3.2327403484502555,0.20859778381842822,LFP,23
425.061487319702,3.2281281762670395,0.23008281003348258,LFP,23
464.7535320958624,3.218081551550121,0.25156783624853696,LFP,23
544.1376216481831,3.2138225002847625,0.2945378886786457,LFP,23
623.5217112005039,3.207006374216942,0.33750794110875443,LFP,23
702.9058007528247,3.2139978387751933,0.38047799353886314,LFP,23
782.2898903051455,3.2096579696409475,0.4234480459689719,LFP,23
861.6739798574663,3.2068011771723675,0.46641809839908066,LFP,23
941.0580694097872,3.197120134338778,0.5093881508291894,LFP,23
1020.442158962108,3.205173112301396,0.5523582032592981,LFP,23
1179.2103380667495,3.2100654453589215,0.6382983081195156,LFP,23
1337.978517171391,3.205986366782278,0.724238412979733,LFP,23
1496.7466962760327,3.1972877926777654,0.8101785178399504,LFP,23
1655.5148753806743,3.1839350869742247,0.8961186227001683,LFP,23
1814.283054485316,3.1645188869688496,0.9820587275603856,LFP,23
1973.0512335899575,3.127711909855654,1.0679988324206031,LFP,23
2131.819412694599,3.1161706175612873,1.1539389372808204,LFP,23
2290.5875917992407,3.099333198334329,1.2398790421410377,LFP,23
2608.123950008524,2.9584421742230207,1.411759251861473,LFP,23
2893.9066723968785,2.639868109859039,1.5664514406098644,LFP,23
2941.9693959033148,2.494881069533524,1.5924674566736905,LFP,23
0.0,3.5130874442122293,0.0,LFP,24
0.0024226101547949,3.5134082537070643,1.4100097150489657e-06,LFP,24
0.0048452203095898,3.507968424674309,2.8200194300979315e-06,LFP,24
0.0096904406191797,3.5202160586678386,5.640038860195863e-06,LFP,24
0.0193808812383595,3.512104513301683,1.1280077720391726e-05,LFP,24
0.0387617624767191,3.511460307819333,2.2560155440783452e-05,LFP,24
0.0775235249534382,3.511737686140325,4.5120310881566904e-05,LFP,24
0.1550470499068764,3.500978801164442,9.024062176313382e-05,LFP,24
0.2325705748603146,3.4999772976870496,0.00013536093264464918,LFP,24
0.3876176247671911,3.492173495146143,0.00022560155440777893,LFP,24
0.5426646746740675,3.4869611749219858,0.0003158421761709088,LFP,24
0.697711724580944,3.4767071658781843,0.00040608279793403855,LFP,24
0.8527587744878204,3.4704489241268552,0.0004963234196971683,LFP,24
1.0078058243946968,3.4676845522435107,0.0005865640414602982,LFP,24
1.1628528743015734,3.4596539791759136,0.000676804663223428,LFP,24
1.4729469741153265,3.449409011431543,0.0008572859067496877,LFP,24
1.7830410739290792,3.449137466171877,0.0010377671502760383,LFP,24
2.093135173742832,3.44719893509013,0.001218248393802298,LFP,24
2.403229273556585,3.4336842281800584,0.0013987296373285576,LFP,24
2.713323373370338,3.4276134585863485,0.0015792108808548172,LFP,24
3.333511572997844,3.431068019777888,0.0019401733679073362,LFP,24
3.9536997726253498,3.41010310082805,0.0023011358549598557,LFP,24
4.573887972252855,3.409150384798743,0.002662098342012375,LFP,24
5.194076171880361,3.394973978517316,0.003023060829064894,LFP,24
5.814264371507868,3.4025836918842995,0.0033840233161175045,LFP,24
6.434452571135374,3.393888574073767,0.0037449858031700233,LFP,24
7.05464077076288,3.382301206163559,0.004105948290222543,LFP,24
8.295017170017893,3.3721104565590183,0.004827873264327581,LFP,24
9.535393569272903,3.3571308782206004,0.005549798238432711,LFP,24
10.775769968527918,3.358176249596198,0.0062717232125377494,LFP,24
12.01614636778293,3.3588798913222835,0.006993648186642788,LFP,24
13.256522767037945,3.3511322696295864,0.007715573160747917,LFP,24
15.737275565547966,3.3417068747598258,0.009159423108957994,LFP,24
18.21802836405799,3.3218583060894904,0.010603273057168162,LFP,24
20.69878116256801,3.3162149841107467,0.012047123005378331,LFP,24
23.179533961078036,3.3204882133409743,0.013490972953588498,LFP,24
25.66028675958806,3.313572802236699,0.014934822901798574,LFP,24
28.14103955809809,3.295667549604252,0.01637867285000874,LFP,24
30.62179235660811,3.297340059639991,0.01782252279821891,LFP,24
33.102545155118136,3.2985019637814967,0.01926637274642899,LFP,24
38.064050752138186,3.2786650477021317,0.022154072642849323,LFP,24
43.02555634915824,3.2801207153303142,0.02504177253926957,LFP,24
47.98706194617829,3.275727880882501,0.027929472435689905,LFP,24
52.94856754319834,3.2745014828587036,0.030817172332110152,LFP,24
57.91007314021839,3.2653174755250833,0.03370487222853039,LFP,24
62.87157873723844,3.269527323010505,0.036592572124950734,LFP,24
67.83308433425849,3.2506072866048203,0.03948027202137098,LFP,24
72.79458993127854,3.2535351189167683,0.04236797191779131,LFP,24
77.75609552829859,3.2559905763233936,0.04525567181421156,LFP,24
82.71760112531864,3.2533854242751494,0.0481433717106318,LFP,24
87.67910672233869,3.2554004189228944,0.051031071607052135,LFP,24
97.60211791637876,3.251234434598512,0.05680647139989272,LFP,24
107.52512911041887,3.246269477609004,0.06258187119273322,LFP,24
117.44814030445896,3.243695385060895,0.06835727098557379,LFP,24
127.37115149849907,3.2515675460686886,0.07413267077841437,LFP,24
137.29416269253915,3.246835618275515,0.07990807057125494,LFP,24
147.21717388657927,3.2499321402594648,0.08568347036409553,LFP,24
167.06319627465945,3.238894719879011,0.0972342699497766,LFP,24
186.90921866273965,3.245751517421026,0.10878506953545777,LFP,24
206.75524105081985,3.2473919906016255,0.12033586912113892,LFP,24
226.60126343890005,3.2404802280211515,0.13188666870682,LFP,24
266.2933082150604,3.251106100351085,0.15498826787818223,LFP,24
305.9853529912208,3.2479088827302665,0.17808986704954446,LFP,24
345.6773977673812,3.240294385994913,0.20119146622090678,LFP,24
385.3694425435416,3.2416810691623263,0.224293065392269,LFP,24
425.061487319702,3.225748739218439,0.24739466456363124,LFP,24
464.7535320958624,3.226531032794718,0.27049626373499347,LFP,24
544.1376216481831,3.2060940568892797,0.31669946207771804,LFP,24
623.5217112005039,3.217239488287282,0.3629026604204425,LFP,24
702.9058007528247,3.21094552659765,0.40910585876316696,LFP,24
782.2898903051455,3.203635190410658,0.45530905710589153,LFP,24
861.6739798574663,3.2151824514165614,0.501512255448616,LFP,24
941.0580694097872,3.2090806211835843,0.5477154537913405,LFP,24
1020.442158962108,3.213308358921635,0.593918652134065,LFP,24
1179.2103380667495,3.2054067873327097,0.686325048819514,LFP,24
1337.978517171391,3.200171564297425,0.778731445504963,LFP,24
1496.7466962760327,3.1988751194345504,0.8711378421904119,LFP,24
1655.5148753806743,3.18069816798111,0.9635442388758613,LFP,24
1814.283054485316,3.14957721472686,1.05595063556131,LFP,24
1973.0512335899575,3.1385509926541486,1.1483570322467591,LFP,24
2131.819412694599,3.1142784655151012,1.240763428932208,LFP,24
2290.5875917992407,3.1051113953878593,1.3331698256176567,LFP,24
2608.123950008524,2.955297008060725,1.5179826189885552,LFP,24
2893.9066723968785,2.6407472402060193,1.6843141330223632,LFP,24
2941.9693959033148,2.5056079229246735,1.7122876420665882,LFP,24
0.0,3.519000660608655,0.0,LFP,25
0.0024226101547949,3.512443442939897,1.5056714278223676e-06,LFP,25
0.0048452203095898,3.516155365548531,3.0113428556447352e-06,LFP,25
0.0096904406191797,3.5181835666263046,6.0226857112894704e-06,LFP,25
0.0193808812383595,3.514232977686119,1.2045371422578941e-05,LFP,25
0.0387617624767191,3.5111295292324862,2.4090742845157882e-05,LFP,25
0.0775235249534382,3.5091037015930486,4.8181485690315764e-05,LFP,25
0.1550470499068764,3.514603070534952,9.636297138063154e-05,LFP,25
0.2325705748603146,3.498469027960738,0.00014454445707089223,LFP,25
0.3876176247671911,3.4945870576223044,0.00024090742845151946,LFP,25
0.5426646746740675,3.482884358838034,0.00033727039983214675,LFP,25
0.697711724580944,3.463552999646927,0.00043363337121277395,LFP,25
0.8527587744878204,3.474337246959513,0.0005299963425934012,LFP,25
1.0078058243946968,3.4669161706791156,0.0006263593139740285,LFP,25
1.1628528743015734,3.4589238044134394,0.0007227222853546558,LFP,25
1.4729469741153265,3.454393920158471,0.0009154482281159103,LFP,25
1.7830410739290792,3.443660730626992,0.0011081741708772622,LFP,25
2.093135173742832,3.4369343223134416,0.0013009001136385164,LFP,25
2.403229273556585,3.4390112008065774,0.001493626056399771,LFP,25
2.713323373370338,3.4400827853618803,0.0016863519991610256,LFP,25
3.333511572997844,3.4187889503103914,0.0020718038846835344,LFP,25
3.9536997726253498,3.4184395686733646,0.0024572557702060437,LFP,25
4.573887972252855,3.4014666357929704,0.0028427076557285525,LFP,25
5.194076171880361,3.3964728923639917,0.0032281595412510617,LFP,25
5.814264371507868,3.387298903022818,0.0036136114267736677,LFP,25
6.434452571135374,3.387537174070748,0.0039990633122961765,LFP,25
7.05464077076288,3.375663855455433,0.004384515197818685,LFP,25
8.295017170017893,3.37319846094737,0.005155418968863704,LFP,25
9.535393569272903,3.3641926717509447,0.0059263227399088195,LFP,25
10.775769968527918,3.3694549522845167,0.006697226510953837,LFP,25
12.01614636778293,3.3544757202419864,0.007468130281998856,LFP,25
13.256522767037945,3.346390480050598,0.00823903405304397,LFP,25
15.737275565547966,3.3402562135250498,0.009780841595134006,LFP,25
18.21802836405799,3.3186826631892377,0.011322649137224139,LFP,25
20.69878116256801,3.3238349709056263,0.012864456679314273,LFP,25
23.179533961078036,3.3139875646431083,0.014406264221404405,LFP,25
25.66028675958806,3.3118688255661266,0.01594807176349444,LFP,25
28.14103955809809,3.300451035536714,0.017489879305584575,LFP,25
30.62179235660811,3.3015515698690585,0.01903168684767471,LFP,25
33.102545155118136,3.2991719165149562,0.020573494389764746,LFP,25
38.064050752138186,3.2860534753935395,0.02365710947394501,LFP,25
43.02555634915824,3.2814985096437956,0.026740724558125182,LFP,25
47.98706194617829,3.2678533891546,0.029824339642305447,LFP,25
52.94856754319834,3.2689718823543013,0.03290795472648562,LFP,25
57.91007314021839,3.2677052029532545,0.035991569810665786,LFP,25
62.87157873723844,3.2734243337648103,0.03907518489484605,LFP,25
67.83308433425849,3.2701363757307003,0.04215879997902622,LFP,25
72.79458993127854,3.257234449816285,0.04524241506320649,LFP,25
77.75609552829859,3.261090522746981,0.04832603014738666,LFP,25
82.71760112531864,3.2503133566888165,0.051409645231566825,LFP,25
87.67910672233869,3.25216069104465,0.05449326031574709,LFP,25
97.60211791637876,3.2486336105990676,0.06066049048410753,LFP,25
107.52512911041887,3.2484493751612264,0.06682772065246786,LFP,25
117.44814030445896,3.244848939032643,0.0729949508208283,LFP,25
127.37115149849907,3.2550028752707503,0.07916218098918874,LFP,25
137.29416269253915,3.248392479893758,0.08532941115754918,LFP,25
147.21717388657927,3.244566875253317,0.09149664132590961,LFP,25
167.06319627465945,3.2501200468581817,0.10383110166263039,LFP,25
186.90921866273965,3.2600933796731635,0.11616556199935127,LFP,25
206.75524105081985,3.2410876158252897,0.12850002233607213,LFP,25
226.60126343890005,3.255388873978847,0.1408344826727929,LFP,25
266.2933082150604,3.252521909607299,0.16550340334623456,LFP,25
305.9853529912208,3.246575304678133,0.1901723240196762,LFP,25
345.6773977673812,3.231358162542998,0.21484124469311794,LFP,25
385.3694425435416,3.251732237500311,0.23951016536655959,LFP,25
425.061487319702,3.229157048343754,0.26417908604000123,LFP,25
464.7535320958624,3.2246173175864032,0.28884800671344285,LFP,25
544.1376216481831,3.217938959891379,0.33818584806032626,LFP,25
623.5217112005039,3.202414778494315,0.3875236894072096,LFP,25
702.9058007528247,3.211567710064517,0.43686153075409284,LFP,25
782.2898903051455,3.2099749705217073,0.48619937210097625,LFP,25
861.6739798574663,3.199546973173984,0.5355372134478595,LFP,25
941.0580694097872,3.2010183620363315,0.5848750547947429,LFP,25
1020.442158962108,3.2061221355462743,0.6342128961416262,LFP,25
1179.2103380667495,3.1986288572273414,0.7328885788353928,LFP,25
1337.978517171391,3.1964054628383045,0.8315642615291595,LFP,25
1496.7466962760327,3.1984736487020378,0.9302399442229261,LFP,25
1655.5148753806743,3.194037679786017,1.028915626916693,LFP,25
1814.283054485316,3.1638608209695116,1.1275913096104595,LFP,25
1973.0512335899575,3.1367780898259285,1.2262669923042262,LFP,25
2131.819412694599,3.119127580529486,1.324942674997993,LFP,25
2290.5875917992407,3.1012286284910773,1.4236183576917594,LFP,25
2608.123950008524,2.955033699249436,1.620969723079293,LFP,25
2893.9066723968785,2.6379511153562936,1.798585951928073,LFP,25
2941.9693959033148,2.5109812054484113,1.828457315830241,LFP,25
0.0,3.5147292076592604,0.0,LFP,26
0.0024226101547949,3.522453943715391,1.3652263927450702e-06,LFP,26
0.0048452203095898,3.51727522070429,2.7304527854901404e-06,LFP,26
0.0096904406191797,3.519709709016962,5.460905570980281e-06,LFP,26
0.0193808812383595,3.5194859304378476,1.0921811141960561e-05,LFP,26
0.0387617624767191,3.510115671891745,2.1843622283921123e-05,LFP,26
0.0775235249534382,3.516584092456031,4.3687244567842246e-05,LFP,26
0.1550470499068764,3.49715071890152,8.73744891356845e-05,LFP,26
0.2325705748603146,3.505200518870435,0.00013106173370347682,LFP,26
0.3876176247671911,3.493194424223211,0.00021843622283915744,LFP,26
0.5426646746740675,3.4912692985642795,0.0003058107119748381,LFP,26
0.697711724580944,3.4659617894447945,0.00039318520111051864,LFP,26
0.8527587744878204,3.46328374744301,0.00048055969024619926,LFP,26
1.0078058243946968,3.4730362267938255,0.0005679341793818799,LFP,26
1.1628528743015734,3.4650382505772184,0.0006553086685175606,LFP,26
1.4729469741153265,3.456057371967776,0.0008300576467889218,LFP,26
1.7830410739290792,3.455549445192596,0.0010048066250603713,LFP,26
2.093135173742832,3.4424845812606315,0.0011795556033317323,LFP,26
2.403229273556585,3.4340277778706985,0.0013543045816030938,LFP,26
2.713323373370338,3.4397470822614666,0.001529053559874455,LFP,26
3.333511572997844,3.419390096289514,0.0018785515164171775,LFP,26
3.9536997726253498,3.414904964836452,0.0022280494729599,LFP,26
4.573887972252855,3.4066420250458824,0.0025775474295026226,LFP,26
5.194076171880361,3.395873036252967,0.002927045386045345,LFP,26
5.814264371507868,3.392418504570524,0.0032765433425881556,LFP,26
6.434452571135374,3.3888464115828327,0.003626041299130878,LFP,26
7.05464077076288,3.3818722570411293,0.0039755392556736005,LFP,26
8.295017170017893,3.377285694088749,0.004674535168759045,LFP,26
9.535393569272903,3.36258544077111,0.005373531081844579,LFP,26
10.775769968527918,3.360242169783532,0.006072526994930024,LFP,26
12.01614636778293,3.345786459001446,0.006771522908015469,LFP,26
13.256522767037945,3.346841595844781,0.007470518821101001,LFP,26
15.737275565547966,3.33477901590662,0.008868510647271892,LFP,26
18.21802836405799,3.3291532292702763,0.010266502473442869,LFP,26
20.69878116256801,3.3250199730829926,0.011664494299613849,LFP,26
23.179533961078036,3.3071407304635914,0.013062486125784825,LFP,26
25.66028675958806,3.3060959088111184,0.014460477951955715,LFP,26
28.14103955809809,3.305805416632221,0.015858469778126695,LFP,26
30.62179235660811,3.2954767616110647,0.01725646160429767,LFP,26
33.102545155118136,3.2949411808722613,0.01865445343046856,LFP,26
38.064050752138186,3.29089243602972,0.021450437082810518,LFP,26
43.02555634915824,3.2813700347836376,0.024246420735152388,LFP,26
47.98706194617829,3.267540971740638,0.02704240438749434,LFP,26
52.94856754319834,3.2641907889016255,0.02983838803983621,LFP,26
57.91007314021839,3.2638037342057724,0.03263437169217808,LFP,26
62.87157873723844,3.2674970985718987,0.035430355344520034,LFP,26
67.83308433425849,3.2540233532721627,0.038226338996861904,LFP,26
72.79458993127854,3.2640604928114416,0.041022322649203864,LFP,26
77.75609552829859,3.256344218483226,0.04381830630154573,LFP,26
82.71760112531864,3.2599555973697667,0.04661428995388759,LFP,26
87.67910672233869,3.2517080126265854,0.04941027360622955,LFP,26
97.60211791637876,3.252592606611306,0.05500224091091337,LFP,26
107.52512911041887,3.252037063242396,0.06059420821559711,LFP,26
117.44814030445896,3.2471872346719395,0.06618617552028093,LFP,26
127.37115149849907,3.254401091020251,0.07177814282496477,LFP,26
137.29416269253915,3.253173626141385,0.07737011012964858,LFP,26
147.21717388657927,3.244343516925877,0.08296207743433241,LFP,26
167.06319627465945,3.2487514036011675,0.09414601204369998,LFP,26
186.90921866273965,3.249744717140117,0.10532994665306762,LFP,26
206.75524105081985,3.2498067933966075,0.11651388126243527,LFP,26
226.60126343890005,3.24583799898061,0.12769781587180282,LFP,26
266.2933082150604,3.255423524112418,0.15006568509053805,LFP,26
305.9853529912208,3.23696375124859,0.17243355430927323,LFP,26
345.6773977673812,3.2364274888662123,0.19480142352800855,LFP,26
385.3694425435416,3.235157152732484,0.21716929274674374,LFP,26
425.061487319702,3.2298150813381206,0.23953716196547895,LFP,26
464.7535320958624,3.2315173770041556,0.26190503118421415,LFP,26
544.1376216481831,3.2166295290843276,0.3066407696216847,LFP,26
623.5217112005039,3.2022374509947267,0.3513765080591551,LFP,26
702.9058007528247,3.207848667551006,0.3961122464966255,LFP,26
782.2898903051455,3.211265988419084,0.440847984934096,LFP,26
861.6739798574663,3.2098338851219075,0.48558372337156647,LFP,26
941.0580694097872,3.1987973955999673,0.5303194618090369,LFP,26
1020.442158962108,3.215253602873978,0.5750552002465074,LFP,26
1179.2103380667495,3.206715901949566,0.6645266771214483,LFP,26
1337.978517171391,3.1992343325205534,0.7539981539963891,LFP,26
1496.7466962760327,3.199958530938252,0.84346963087133,LFP,26
1655.5148753806743,3.1835208131422568,0.9329411077462713,LFP,26
1814.283054485316,3.165967414382171,1.022412584621212,LFP,26
1973.0512335899575,3.1319226276666132,1.111884061496153,LFP,26
2131.819412694599,3.114433896865069,1.2013555383710937,LFP,26
2290.5875917992407,3.1015150814894366,1.2908270152460344,LFP,26
2608.123950008524,2.9600967824307456,1.4697699689959167,LFP,26
2893.9066723968785,2.640583201819657,1.63081862737081,LFP,26
2941.9693959033148,2.493488982157008,1.657903669719999,LFP,26
0.0,3.5110056432910293,0.0,LFP,27
0.0024226101547949,3.5231957109427268,1.5462983822866812e-06,LFP,27
0.0048452203095898,3.5138454182858885,3.0925967645733625e-06,LFP,27
0.0096904406191797,3.5133810436739257,6.185193529146725e-06,LFP,27
0.0193808812383595,3.5097777177910654,1.237038705829345e-05,LFP,27
0.0387617624767191,3.5170528007478996,2.47407741165869e-05,LFP,27
0.0775235249534382,3.5180014671094733,4.94815482331738e-05,LFP,27
0.1550470499068764,3.497433325426512,9.896309646634761e-05,LFP,27
0.2325705748603146,3.492901261014506,0.00014844464469946486,LFP,27
0.3876176247671911,3.4956861254453004,0.00024740774116580803,LFP,27
0.5426646746740675,3.4851591018832995,0.0003463708376321513,LFP,27
0.697711724580944,3.476385514706093,0.0004453339340984945,LFP,27
0.8527587744878204,3.4761662823148844,0.0005442970305648377,LFP,27
1.0078058243946968,3.476536367451949,0.0006432601270311809,LFP,27
1.1628528743015734,3.4614173076670762,0.0007422232234975242,LFP,27
1.4729469741153265,3.4560983848286737,0.0009401494164302106,LFP,27
1.7830410739290792,3.4454977582556374,0.001138075609362997,LFP,27
2.093135173742832,3.4413682742040583,0.0013360018022956833,LFP,27
2.403229273556585,3.435762372230409,0.0015339279952283698,LFP,27
2.713323373370338,3.435130564014091,0.001731854188161056,LFP,27
3.333511572997844,3.4199957101762597,0.002127706574026429,LFP,27
3.9536997726253498,3.418928673618188,0.002523558959891802,LFP,27
4.573887972252855,3.408231574023454,0.002919411345757175,LFP,27
5.194076171880361,3.4023254925986377,0.003315263731622548,LFP,27
5.814264371507868,3.394001270895518,0.00371111611748802,LFP,27
6.434452571135374,3.3865756885797205,0.004106968503353393,LFP,27
7.05464077076288,3.3814690908865335,0.004502820889218766,LFP,27
8.295017170017893,3.381554385182606,0.005294525660949512,LFP,27
9.535393569272903,3.3730513294623448,0.0060862304326803575,LFP,27
10.775769968527918,3.3635497288802476,0.0068779352044111034,LFP,27
12.01614636778293,3.362418510794639,0.0076696399761418494,LFP,27
13.256522767037945,3.3474205342912384,0.008461344747872693,LFP,27
15.737275565547966,3.3298279982504777,0.010044754291334185,LFP,27
18.21802836405799,3.329928519209577,0.011628163834795776,LFP,27
20.69878116256801,3.318796088891849,0.013211573378257369,LFP,27
23.179533961078036,3.3104768888401366,0.01479498292171896,LFP,27
25.66028675958806,3.2974975818477765,0.01637839246518045,LFP,27
28.14103955809809,3.3085738770602293,0.01796180200864204,LFP,27
30.62179235660811,3.2918128053514897,0.019545211552103633,LFP,27
33.102545155118136,3.28505844975123,0.021128621095565125,LFP,27
38.064050752138186,3.2871793862623693,0.024295440182488307,LFP,27
43.02555634915824,3.282649008765724,0.027462259269411392,LFP,27
47.98706194617829,3.259586915957444,0.030629078356334574,LFP,27
52.94856754319834,3.2688309283417785,0.03379589744325766,LFP,27
57.91007314021839,3.2663498460404,0.03696271653018074,LFP,27
62.87157873723844,3.260917973579747,0.040129535617103924,LFP,27
67.83308433425849,3.2613349363610147,0.043296354704027006,LFP,27
72.79458993127854,3.2599876294058343,0.046463173790950184,LFP,27
77.75609552829859,3.2646966821586267,0.049629992877873265,LFP,27
82.71760112531864,3.255796077305126,0.052796811964796346,LFP,27
87.67910672233869,3.249471705014636,0.05596363105171953,LFP,27
97.60211791637876,3.2499695346355026,0.0622972692255658,LFP,27
107.52512911041887,3.2456724069270444,0.06863090739941197,LFP,27
117.44814030445896,3.244175299357725,0.07496454557325823,LFP,27
127.37115149849907,3.2485327160660007,0.0812981837471045,LFP,27
137.29416269253915,3.2437763454423707,0.08763182192095076,LFP,27
147.21717388657927,3.237663099625124,0.09396546009479703,LFP,27
167.06319627465945,3.248845094814637,0.10663273644248947,LFP,27
186.90921866273965,3.2512796698868374,0.11930001279018199,LFP,27
206.75524105081985,3.247691749150448,0.1319672891378745,LFP,27
226.60126343890005,3.241733034776348,0.14463456548556694,LFP,27
266.2933082150604,3.2435033895146725,0.16996911818095192,LFP,27
305.9853529912208,3.245458773420899,0.19530367087633688,LFP,27
345.6773977673812,3.2441708391923227,0.22063822357172194,LFP,27
385.3694425435416,3.2404144115051827,0.2459727762671069,LFP,27
425.061487319702,3.2317492203500304,0.2713073289624918,LFP,27
464.7535320958624,3.225732392725215,0.2966418816578768,LFP,27
544.1376216481831,3.2124367307227177,0.3473109870486468,LFP,27
623.5217112005039,3.2166072832103585,0.3979800924394168,LFP,27
702.9058007528247,3.196801944115079,0.4486491978301867,LFP,27
782.2898903051455,3.207796212218957,0.4993183032209567,LFP,27
861.6739798574663,3.205037799524752,0.5499874086117267,LFP,27
941.0580694097872,3.2022548785762797,0.6006565140024966,LFP,27
1020.442158962108,3.2094610566831046,0.6513256193932666,LFP,27
1179.2103380667495,3.206541357434161,0.7526638301748064,LFP,27
1337.978517171391,3.1956953379645796,0.8540020409563464,LFP,27
1496.7466962760327,3.1928165644715536,0.9553402517378862,LFP,27
1655.5148753806743,3.1852053473488207,1.0566784625194265,LFP,27
1814.283054485316,3.1674731489606263,1.1580166733009662,LFP,27
1973.0512335899575,3.1391673234208044,1.2593548840825062,LFP,27
2131.819412694599,3.1196405169632646,1.360693094864046,LFP,27
2290.5875917992407,3.1009654950011414,1.4620313056455858,LFP,27
2608.123950008524,2.9611708347850625,1.664707727208666,LFP,27
2893.9066723968785,2.645023897775789,1.8471165066154378,LFP,27
2941.9693959033148,2.4939553787870805,1.8777938780691974,LFP,27
0.0,3.5153838551962817,0.0,LFP,28
0.0024226101547949,3.510527362796958,1.387251956979318e-06,LFP,28
0.0048452203095898,3.516431815483326,2.774503913958636e-06,LFP,28
0.0096904406191797,3.514019631271652,5.549007827917272e-06,LFP,28
0.0193808812383595,3.517224651394867,1.1098015655834543e-05,LFP,28
0.0387617624767191,3.5198746959941576,2.2196031311669087e-05,LFP,28
0.0775235249534382,3.5113314427333244,4.4392062623338174e-05,LFP,28
0.1550470499068764,3.4995905797740847,8.878412524667636e-05,LFP,28
0.2325705748603146,3.503594898993914,0.00013317618786996382,LFP,28
0.3876176247671911,3.4953516205774595,0.0002219603131166362,LFP,28
0.5426646746740675,3.4806560528239268,0.00031074443836330866,LFP,28
0.697711724580944,3.4847683322997307,0.0003995285636099811,LFP,28
0.8527587744878204,3.4685829158995984,0.0004883126888566534,LFP,28
1.0078058243946968,3.4760371727008548,0.0005770968141033259,LFP,28
1.1628528743015734,3.467760548864312,0.0006658809393499984,LFP,28
1.4729469741153265,3.4510364410347054,0.0008434491898433432,LFP,28
1.7830410739290792,3.4437323897095964,0.0010210174403367776,LFP,28
2.093135173742832,3.4491021972773237,0.0011985856908301223,LFP,28
2.403229273556585,3.4476743411856714,0.0013761539413234673,LFP,28
2.713323373370338,3.440783173851181,0.0015537221918168122,LFP,28
3.333511572997844,3.4252651929605378,0.0019088586928035017,LFP,28
3.9536997726253498,3.4205940077402537,0.0022639951937901913,LFP,28
4.573887972252855,3.4010617440913236,0.0026191316947768812,LFP,28
5.194076171880361,3.3981084514933113,0.002974268195763571,LFP,28
5.814264371507868,3.3927339988937164,0.0033294046967503503,LFP,28
6.434452571135374,3.3851340893910042,0.00368454119773704,LFP,28
7.05464077076288,3.380388267789525,0.004039677698723729,LFP,28
8.295017170017893,3.3736944484979454,0.004749950700697109,LFP,28
9.535393569272903,3.368945751378533,0.005460223702670578,LFP,28
10.775769968527918,3.35790139494285,0.006170496704643957,LFP,28
12.01614636778293,3.3618755903145896,0.006880769706617337,LFP,28
13.256522767037945,3.345677673143264,0.007591042708590805,LFP,28
15.737275565547966,3.330255698131891,0.009011588712537565,LFP,28
18.21802836405799,3.3283794358671024,0.010432134716484413,LFP,28
20.69878116256801,3.3253989563091535,0.01185268072043126,LFP,28
23.179533961078036,3.3128711257271433,0.013273226724378109,LFP,28
25.66028675958806,3.3086452467439957,0.014693772728324866,LFP,28
28.14103955809809,3.301540451468418,0.016114318732271714,LFP,28
30.62179235660811,3.296446025120629,0.017534864736218566,LFP,28
33.102545155118136,3.2923728055450545,0.018955410740165324,LFP,28
38.064050752138186,3.28507625232314,0.02179650274805902,LFP,28
43.02555634915824,3.2897478250062338,0.02463759475595263,LFP,28
47.98706194617829,3.2728558635749856,0.02747868676384632,LFP,28
52.94856754319834,3.266536975009143,0.03031977877173993,LFP,28
57.91007314021839,3.2735534040377803,0.03316087077963354,LFP,28
62.87157873723844,3.251919189199558,0.036001962787527236,LFP,28
67.83308433425849,3.259936801597346,0.03884305479542084,LFP,28
72.79458993127854,3.251006482418425,0.04168414680331454,LFP,28
77.75609552829859,3.264790512528393,0.044525238811208144,LFP,28
82.71760112531864,3.254505740264256,0.04736633081910175,LFP,28
87.67910672233869,3.2563673263201927,0.050207422826995446,LFP,28
97.60211791637876,3.2513847580277995,0.055889606842782755,LFP,28
107.52512911041887,3.248202447930332,0.061571790858569966,LFP,28
117.44814030445896,3.2464438679059158,0.06725397487435726,LFP,28
127.37115149849907,3.249674399251413,0.07293615889014457,LFP,28
137.29416269253915,3.2560637257391583,0.07861834290593188,LFP,28
147.21717388657927,3.2476377024430874,0.08430052692171919,LFP,28
167.06319627465945,3.2466261641404834,0.09566489495329371,LFP,28
186.90921866273965,3.251217225145287,0.10702926298486831,LFP,28
206.75524105081985,3.2451433684526796,0.1183936310164429,LFP,28
226.60126343890005,3.2492771726066256,0.12975799904801744,LFP,28
266.2933082150604,3.2429629548004115,0.15248673511116656,LFP,28
305.9853529912208,3.242295925156093,0.17521547117431568,LFP,28
345.6773977673812,3.2439596717223735,0.1979442072374649,LFP,28
385.3694425435416,3.229884384835482,0.22067294330061402,LFP,28
425.061487319702,3.23698677678619,0.24340167936376314,LFP,28
464.7535320958624,3.2261551106024196,0.2661304154269123,LFP,28
544.1376216481831,3.216744483066349,0.3115878875532106,LFP,28
623.5217112005039,3.2188359293334297,0.3570453596795089,LFP,28
702.9058007528247,3.2046482929486326,0.4025028318058071,LFP,28
782.2898903051455,3.203436178492416,0.44796030393210545,LFP,28
861.6739798574663,3.214526287219594,0.4934177760584037,LFP,28
941.0580694097872,3.201977737626999,0.538875248184702,LFP,28
1020.442158962108,3.20870816890327,0.5843327203110003,LFP,28
1179.2103380667495,3.2053942719576902,0.6752476645635969,LFP,28
1337.978517171391,3.1982768485652775,0.7661626088161934,LFP,28
1496.7466962760327,3.1955749173878236,0.8570775530687899,LFP,28
1655.5148753806743,3.167756192132558,0.9479924973213868,LFP,28
1814.283054485316,3.1551650365896227,1.0389074415739832,LFP,28
1973.0512335899575,3.127100656320326,1.1298223858265797,LFP,28
2131.819412694599,3.107588723461593,1.2207373300791764,LFP,28
2290.5875917992407,3.0965174068362336,1.3116522743317727,LFP,28
2608.123950008524,2.957861394052636,1.493482162836966,LFP,28
2893.9066723968785,2.630712633322182,1.65712906249164,LFP,28
2941.9693959033148,2.5074110913670014,1.6846510751068735,LFP,28
0.0,3.5178202250230846,0.0,LFP,29
0.0024226101547949,3.516924709253905,1.4345554766047134e-06,LFP,29
0.0048452203095898,3.5215728939091875,2.869110953209427e-06,LFP,29
0.0096904406191797,3.518823594357855,5.738221906418854e-06,LFP,29
0.0193808812383595,3.5166290073659545,1.1476443812837707e-05,LFP,29
0.0387617624767191,3.4991983647502396,2.2952887625675414e-05,LFP,29
0.0775235249534382,3.515692138057791,4.590577525135083e-05,LFP,29
0.1550470499068764,3.505912802053945,9.181155050270167e-05,LFP,29
0.2325705748603146,3.504925798380033,0.00013771732575400006,LFP,29
0.3876176247671911,3.4957231094698042,0.00022952887625669763,LFP,29
0.5426646746740675,3.4920054838310346,0.0003213404267593952,LFP,29
0.697711724580944,3.4790682384643303,0.0004131519772620928,LFP,29
0.8527587744878204,3.4701037093553944,0.0005049635277647904,LFP,29
1.0078058243946968,3.467300329927507,0.000596775078267488,LFP,29
1.1628528743015734,3.454531957630276,0.0006885866287701856,LFP,29
1.4729469741153265,3.4469480703435047,0.0008722097297755809,LFP,29
1.7830410739290792,3.4472507525382636,0.0010558328307810688,LFP,29
2.093135173742832,3.4432630412735987,0.0012394559317864637,LFP,29
2.403229273556585,3.4415199469756494,0.001423079032791859,LFP,29
2.713323373370338,3.4299879454401445,0.0016067021337972543,LFP,29
3.333511572997844,3.418105880625868,0.0019739483358080447,LFP,29
3.9536997726253498,3.417417315206058,0.002341194537818835,LFP,29
4.573887972252855,3.410191374056154,0.0027084407398296254,LFP,29
5.194076171880361,3.396411921995456,0.0030756869418404158,LFP,29
5.814264371507868,3.389522403658725,0.003442933143851299,LFP,29
6.434452571135374,3.3850414612659723,0.003810179345862089,LFP,29
7.05464077076288,3.383677241472746,0.004177425547872879,LFP,29
8.295017170017893,3.3705597657508504,0.00491191795189446,LFP,29
9.535393569272903,3.3685100714689793,0.0056464103559161335,LFP,29
10.775769968527918,3.37045317632591,0.006380902759937715,LFP,29
12.01614636778293,3.355524041307118,0.007115395163959296,LFP,29
13.256522767037945,3.356056788140722,0.007849887567980968,LFP,29
15.737275565547966,3.3368973925156062,0.00931887237602413,LFP,29
18.21802836405799,3.3258686478677117,0.010787857184067384,LFP,29
20.69878116256801,3.3256382029945786,0.01225684199211064,LFP,29
23.179533961078036,3.3105495889048533,0.013725826800153893,LFP,29
25.66028675958806,3.315452812091571,0.015194811608197053,LFP,29
28.14103955809809,3.3027491404411875,0.016663796416240308,LFP,29
30.62179235660811,3.2923823460779866,0.018132781224283565,LFP,29
33.102545155118136,3.292217240601198,0.019601766032326724,LFP,29
38.064050752138186,3.284265753464634,0.02253973564841323,LFP,29
43.02555634915824,3.2786781335478095,0.025477705264499648,LFP,29
47.98706194617829,3.280657979055768,0.028415674880586154,LFP,29
52.94856754319834,3.2647814472245327,0.03135364449667257,LFP,29
57.91007314021839,3.26555470105668,0.03429161411275899,LFP,29
62.87157873723844,3.261237621192059,0.037229583728845494,LFP,29
67.83308433425849,3.256310068507049,0.04016755334493191,LFP,29
72.79458993127854,3.2610560919257408,0.04310552296101842,LFP,29
77.75609552829859,3.2536902526350286,0.046043492577104835,LFP,29
82.71760112531864,3.2585491183179913,0.04898146219319125,LFP,29
87.67910672233869,3.251913367113547,0.05191943180927776,LFP,29
97.60211791637876,3.2502107403421765,0.05779537104145068,LFP,29
107.52512911041887,3.245152065753822,0.06367131027362352,LFP,29
117.44814030445896,3.2413840503924556,0.06954724950579644,LFP,29
127.37115149849907,3.2424427709514867,0.07542318873796937,LFP,29
137.29416269253915,3.247745555668549,0.08129912797014228,LFP,29
147.21717388657927,3.2499546667188466,0.08717506720231522,LFP,29
167.06319627465945,3.24150355630292,0.09892694566666098,LFP,29
186.90921866273965,3.253767862968198,0.11067882413100683,LFP,29
206.75524105081985,3.2463061968698614,0.12243070259535266,LFP,29
226.60126343890005,3.2389346511520882,0.1341825810596984,LFP,29
266.2933082150604,3.2436205262699715,0.15768633798839005,LFP,29
305.9853529912208,3.235182696627184,0.18119009491708163,LFP,29
345.6773977673812,3.2390769329825178,0.20469385184577332,LFP,29
385.3694425435416,3.238446873842878,0.2281976087744649,LFP,29
425.061487319702,3.2350686046432435,0.2517013657031565,LFP,29
464.7535320958624,3.2295338359910057,0.27520512263184815,LFP,29
544.1376216481831,3.2172443449638735,0.32221263648923143,LFP,29
623.5217112005039,3.2095503316621117,0.36922015034661465,LFP,29
702.9058007528247,3.2042353950254703,0.41622766420399787,LFP,29
782.2898903051455,3.194499502041939,0.46323517806138115,LFP,29
861.6739798574663,3.2093696696662204,0.5102426919187644,LFP,29
941.0580694097872,3.2030925605355307,0.5572502057761476,LFP,29
1020.442158962108,3.1996979989240533,0.6042577196335308,LFP,29
1179.2103380667495,3.206293749743031,0.6982727473482974,LFP,29
1337.978517171391,3.195886817851217,0.7922877750630638,LFP,29
1496.7466962760327,3.2009822997626376,0.8863028027778301,LFP,29
1655.5148753806743,3.1778680429681403,0.980317830492597,LFP,29
1814.283054485316,3.1645850503655746,1.0743328582073632,LFP,29
1973.0512335899575,3.1359643585887493,1.16834788592213,LFP,29
2131.819412694599,3.1096585839160222,1.2623629136368963,LFP,29
2290.5875917992407,3.1006747051225187,1.3563779413516626,LFP,29
2608.123950008524,2.9533294722053824,1.544407996781196,LFP,29
2893.9066723968785,2.6379748100645735,1.7136350466677754,LFP,29
2941.9693959033148,2.4983224444121905,1.7420955247559358,LFP,29
0.0,3.5111838810272054,0.0,LFP,30
0.0024226101547949,3.5185451785856636,1.3248431819625742e-06,LFP,30
0.0048452203095898,3.5155862569604537,2.6496863639251484e-06,LFP,30
0.0096904406191797,3.521802273217218,5.299372727850297e-06,LFP,30
0.0193808812383595,3.51544942539918,1.0598745455700594e-05,LFP,30
0.0387617624767191,3.508501549702628,2.1197490911401187e-05,LFP,30
0.0775235249534382,3.5071204623117875,4.2394981822802375e-05,LFP,30
0.1550470499068764,3.509047237983739,8.478996364560476e-05,LFP,30
0.2325705748603146,3.4884311440465656,0.00012718494546835868,LFP,30
0.3876176247671911,3.494010783306812,0.00021197490911395965,LFP,30
0.5426646746740675,3.4861370015455524,0.0002967648727595607,LFP,30
0.697711724580944,3.4740039211971103,0.00038155483640516164,LFP,30
0.8527587744878204,3.4782024908058538,0.0004663448000507626,LFP,30
1.0078058243946968,3.462153534366615,0.0005511347636963636,LFP,30
1.1628528743015734,3.4629879114048485,0.0006359247273419646,LFP,30
1.4729469741153265,3.454919743066534,0.0008055046546331666,LFP,30
1.7830410739290792,3.4368912336306807,0.0009750845819244542,LFP,30
2.093135173742832,3.442249194137617,0.001144664509215656,LFP,30
2.403229273556585,3.436920448895821,0.0013142444365068582,LFP,30
2.713323373370338,3.421184681251846,0.0014838243637980602,LFP,30
3.333511572997844,3.4267749884440706,0.001822984218380464,LFP,30
3.9536997726253498,3.414950941169876,0.002162144072962868,LFP,30
4.573887972252855,3.404598017051408,0.0025013039275452722,LFP,30
5.194076171880361,3.3986727607133553,0.002840463782127676,LFP,30
5.814264371507868,3.3944023197206974,0.003179623636710166,LFP,30
6.434452571135374,3.399226699877192,0.0035187834912925693,LFP,30
7.05464077076288,3.3867025156578037,0.0038579433458749736,LFP,30
8.295017170017893,3.377964093019749,0.004536263055039781,LFP,30
9.535393569272903,3.365865758812596,0.005214582764204675,LFP,30
10.775769968527918,3.3605679145833953,0.005892902473369483,LFP,30
12.01614636778293,3.3502257471922707,0.006571222182534291,LFP,30
13.256522767037945,3.3492091274256217,0.007249541891699184,LFP,30
15.737275565547966,3.332562725484026,0.0086061813100288,LFP,30
18.21802836405799,3.3323103746799614,0.009962820728358501,LFP,30
20.69878116256801,3.317669950796547,0.011319460146688203,LFP,30
23.179533961078036,3.315414382497533,0.012676099565017904,LFP,30
25.66028675958806,3.314252437125473,0.01403273898334752,LFP,30
28.14103955809809,3.300626895222701,0.015389378401677221,LFP,30
30.62179235660811,3.2939810480736416,0.016746017820006925,LFP,30
33.102545155118136,3.287752489000833,0.01810265723833654,LFP,30
38.064050752138186,3.2795570197459103,0.02081593607499594,LFP,30
43.02555634915824,3.28108658397374,0.02352921491165526,LFP,30
47.98706194617829,3.283263901525165,0.026242493748314662,LFP,30
52.94856754319834,3.2776930805497195,0.02895577258497398,LFP,30
57.91007314021839,3.263284326626802,0.031669051421633294,LFP,30
62.87157873723844,3.265984288908499,0.0343823302582927,LFP,30
67.83308433425849,3.266354384607936,0.03709560909495201,LFP,30
72.79458993127854,3.260632269414927,0.03980888793161142,LFP,30
77.75609552829859,3.26530857653839,0.04252216676827074,LFP,30
82.71760112531864,3.2569560427368582,0.04523544560493005,LFP,30
87.67910672233869,3.2506885381188018,0.04794872444158946,LFP,30
97.60211791637876,3.255856996119599,0.053375282114908176,LFP,30
107.52512911041887,3.2519114155224886,0.05880183978822681,LFP,30
117.44814030445896,3.2407007012438087,0.06422839746154553,LFP,30
127.37115149849907,3.2471967843153378,0.06965495513486425,LFP,30
137.29416269253915,3.2346106247054602,0.07508151280818297,LFP,30
147.21717388657927,3.2410840001490557,0.0805080704815017,LFP,30
167.06319627465945,3.2422930820631906,0.09136118582813905,LFP,30
186.90921866273965,3.248858987468973,0.10221430117477649,LFP,30
206.75524105081985,3.2493849625243847,0.11306741652141392,LFP,30
226.60126343890005,3.2554531357028194,0.12392053186805128,LFP,30
266.2933082150604,3.2474151441266343,0.1456267625613261,LFP,30
305.9853529912208,3.2347571822690426,0.16733299325460088,LFP,30
345.6773977673812,3.2375021051290247,0.18903922394787576,LFP,30
385.3694425435416,3.2374198843755515,0.21074545464115055,LFP,30
425.061487319702,3.231985311073234,0.23245168533442534,LFP,30
464.7535320958624,3.225055312579372,0.25415791602770016,LFP,30
544.1376216481831,3.2113914844120703,0.2975703774142498,LFP,30
623.5217112005039,3.20218100714077,0.34098283880079944,LFP,30
702.9058007528247,3.2028884650756044,0.384395300187349,LFP,30
782.2898903051455,3.2051690557891055,0.42780776157389866,LFP,30
861.6739798574663,3.2120418855550676,0.4712202229604483,LFP,30
941.0580694097872,3.206518032729163,0.5146326843469979,LFP,30
1020.442158962108,3.205303002737804,0.5580451457335476,LFP,30
1179.2103380667495,3.2107199079840307,0.6448700685066467,LFP,30
1337.978517171391,3.200075837685038,0.731694991279746,LFP,30
1496.7466962760327,3.2010310090288447,0.8185199140528452,LFP,30
1655.5148753806743,3.1712264278237536,0.9053448368259448,LFP,30
1814.283054485316,3.1613760290482045,0.9921697595990439,LFP,30
1973.0512335899575,3.132766896878411,1.078994682372143,LFP,30
2131.819412694599,3.1111231198250087,1.1658196051452423,LFP,30
2290.5875917992407,3.093586670311498,1.2526445279183414,LFP,30
2608.123950008524,2.957836910313858,1.4262943734645401,LFP,30
2893.9066723968785,2.6424580794161048,1.5825792344561187,LFP,30
2941.9693959033148,2.5081095238883266,1.6088631049410274,LFP,30
0.0,3.517854788527078,0.0,LFP,31
0.0024226101547949,3.5155975142391074,1.2612369326065548e-06,LFP,31
0.0048452203095898,3.5142863625033085,2.5224738652131096e-06,LFP,31
0.0096904406191797,3.516894801026435,5.044947730426219e-06,LFP,31
0.0193808812383595,3.520441730054337,1.0089895460852438e-05,LFP,31
0.0387617624767191,3.519534428064003,2.0179790921704877e-05,LFP,31
0.0775235249534382,3.518227488710138,4.0359581843409754e-05,LFP,31
0.1550470499068764,3.5066816306455806,8.071916368681952e-05,LFP,31
0.2325705748603146,3.493621194088415,0.00012107874553018316,LFP,31
0.3876176247671911,3.4990921837792275,0.00020179790921699906,LFP,31
0.5426646746740675,3.4835219976189453,0.000282517072903815,LFP,31
0.697711724580944,3.4718131468857854,0.0003632362365906309,LFP,31
0.8527587744878204,3.47445563003066,0.0004439554002774468,LFP,31
1.0078058243946968,3.466090413653967,0.0005246745639642628,LFP,31
1.1628528743015734,3.462609758211405,0.0006053937276510787,LFP,31
1.4729469741153265,3.4511038310205997,0.0007668320550247107,LFP,31
1.7830410739290792,3.4464444407055446,0.0009282703823984239,LFP,31
2.093135173742832,3.441879855780835,0.0010897087097720558,LFP,31
2.403229273556585,3.4322933320492535,0.0012511470371456875,LFP,31
2.713323373370338,3.4285627665920426,0.0014125853645193195,LFP,31
3.333511572997844,3.424849670639376,0.001735462019266583,LFP,31
3.9536997726253498,3.412814711404108,0.0020583386740138467,LFP,31
4.573887972252855,3.413930310437007,0.0023812153287611107,LFP,31
5.194076171880361,3.396788873201033,0.0027040919835083746,LFP,31
5.814264371507868,3.396586849223884,0.0030269686382557196,LFP,31
6.434452571135374,3.383318025865536,0.003349845293002983,LFP,31
7.05464077076288,3.3844700735526576,0.0036727219477502467,LFP,31
8.295017170017893,3.380311237182994,0.0043184752572447745,LFP,31
9.535393569272903,3.365678016401453,0.004964228566739383,LFP,31
10.775769968527918,3.3565567092951483,0.005609981876233911,LFP,31
12.01614636778293,3.3518348830243836,0.006255735185728439,LFP,31
13.256522767037945,3.333704900166963,0.0069014884952230465,LFP,31
15.737275565547966,3.326492695431589,0.008192995114212101,LFP,31
18.21802836405799,3.328347896434177,0.009484501733201237,LFP,31
20.69878116256801,3.317118820894974,0.010776008352190374,LFP,31
23.179533961078036,3.3109563367841686,0.012067514971179511,LFP,31
25.66028675958806,3.314795397318258,0.013359021590168564,LFP,31
28.14103955809809,3.3029252158592697,0.014650528209157701,LFP,31
30.62179235660811,3.2937926825540274,0.01594203482814684,LFP,31
33.102545155118136,3.289338367992183,0.017233541447135892,LFP,31
38.064050752138186,3.2836480173742957,0.019816554685114167,LFP,31
43.02555634915824,3.2766018023541092,0.022399567923092358,LFP,31
47.98706194617829,3.275097033443472,0.02498258116107063,LFP,31
52.94856754319834,3.2770169427390967,0.02756559439904882,LFP,31
57.91007314021839,3.2566145094359173,0.030148607637027012,LFP,31
62.87157873723844,3.260049404697099,0.032731620875005286,LFP,31
67.83308433425849,3.2644892834460824,0.035314634112983474,LFP,31
72.79458993127854,3.258443547431375,0.03789764735096175,LFP,31
77.75609552829859,3.2467736845899102,0.04048066058893994,LFP,31
82.71760112531864,3.2538833198808788,0.04306367382691813,LFP,31
87.67910672233869,3.247089866370602,0.045646687064896406,LFP,31
97.60211791637876,3.246387483020288,0.050812713540852865,LFP,31
107.52512911041887,3.2520461840619634,0.055978740016809254,LFP,31
117.44814030445896,3.2568720492185497,0.06114476649276571,LFP,31
127.37115149849907,3.2450719982006744,0.06631079296872218,LFP,31
137.29416269253915,3.2502632899920734,0.07147681944467864,LFP,31
147.21717388657927,3.2502618969623316,0.07664284592063511,LFP,31
167.06319627465945,3.2483232261631096,0.08697489887254796,LFP,31
186.90921866273965,3.240258243915279,0.09730695182446089,LFP,31
206.75524105081985,3.250973507468906,0.1076390047763738,LFP,31
226.60126343890005,3.2459089192062227,0.11797105772828664,LFP,31
266.2933082150604,3.2591274266763706,0.13863516363211242,LFP,31
305.9853529912208,3.248793940423763,0.1592992695359382,LFP,31
345.6773977673812,3.2466010897150803,0.17996337543976407,LFP,31
385.3694425435416,3.2407554164600074,0.20062748134358982,LFP,31
425.061487319702,3.236520153949738,0.2212915872474156,LFP,31
464.7535320958624,3.2305288106644703,0.24195569315124138,LFP,31
544.1376216481831,3.209550180115174,0.283283904958893,LFP,31
623.5217112005039,3.2022310716617235,0.32461211676654456,LFP,31
702.9058007528247,3.2028937682331713,0.3659403285741961,LFP,31
782.2898903051455,3.204639029544461,0.40726854038184773,LFP,31
861.6739798574663,3.2032290446072618,0.4485967521894993,LFP,31
941.0580694097872,3.198145126730144,0.48992496399715085,LFP,31
1020.442158962108,3.2029723169024704,0.5312531758048025,LFP,31
1179.2103380667495,3.208772044895401,0.6139095994201056,LFP,31
1337.978517171391,3.2067844840338418,0.6965660230354087,LFP,31
1496.7466962760327,3.1951919518250738,0.7792224466507118,LFP,31
1655.5148753806743,3.1894305378651033,0.8618788702660153,LFP,31
1814.283054485316,3.159928943477174,0.9445352938813183,LFP,31
1973.0512335899575,3.135421812587827,1.0271917174966214,LFP,31
2131.819412694599,3.1093652508823464,1.1098481411119245,LFP,31
2290.5875917992407,3.093020184008312,1.1925045647272277,LFP,31
2608.123950008524,2.948699419428102,1.3578174119578343,LFP,31
2893.9066723968785,2.6288726529346347,1.5065989744653798,LFP,31
2941.9693959033148,2.50813354478148,1.5316209458494243,LFP,31
0.0,3.5200581328961507,0.0,LFP,32
0.0024226101547949,3.520827517998243,1.3156053836130008e-06,LFP,32
0.0048452203095898,3.5171748195467063,2.6312107672260016e-06,LFP,32
0.0096904406191797,3.5205548243440132,5.262421534452003e-06,LFP,32
0.0193808812383595,3.5173787326301227,1.0524843068904006e-05,LFP,32
0.0387617624767191,3.5143896622969626,2.1049686137808013e-05,LFP,32
0.0775235249534382,3.5090897164270025,4.2099372275616026e-05,LFP,32
0.1550470499068764,3.503694754560788,8.419874455123207e-05,LFP,32
0.2325705748603146,3.502240860129119,0.00012629811682679997,LFP,32
0.3876176247671911,3.4932479201308744,0.00021049686137802827,LFP,32
0.5426646746740675,3.4943104747897364,0.0002946956059292566,LFP,32
0.697711724580944,3.474633519520779,0.0003788943504804849,LFP,32
0.8527587744878204,3.4826689092438166,0.0004630930950317132,LFP,32
1.0078058243946968,3.472644179633856,0.0005472918395829416,LFP,32
1.1628528743015734,3.4656110130964435,0.0006314905841341699,LFP,32
1.4729469741153265,3.4564725001715058,0.0007998880732366266,LFP,32
1.7830410739290792,3.4369843533564004,0.0009682855623391682,LFP,32
2.093135173742832,3.4433840971497434,0.0011366830514416247,LFP,32
2.403229273556585,3.4380370270669403,0.0013050805405440814,LFP,32
2.713323373370338,3.4310987941655275,0.0014734780296465381,LFP,32
3.333511572997844,3.4337629974282673,0.0018102730078514513,LFP,32
3.9536997726253498,3.415320551715077,0.0021470679860563645,LFP,32
4.573887972252855,3.4033441677941134,0.002483862964261278,LFP,32
5.194076171880361,3.3981528741228204,0.0028206579424661913,LFP,32
5.814264371507868,3.3920487421739947,0.0031574529206711897,LFP,32
6.434452571135374,3.3846128252556875,0.0034942478988761027,LFP,32
7.05464077076288,3.380964685002838,0.0038310428770810157,LFP,32
8.295017170017893,3.3728420108785784,0.004504632833490843,LFP,32
9.535393569272903,3.3704964890317712,0.005178222789900754,LFP,32
10.775769968527918,3.357169652367296,0.005851812746310581,LFP,32
12.01614636778293,3.3466878474231705,0.0065254027027204075,LFP,32
13.256522767037945,3.3430381195652457,0.0071989926591303184,LFP,32
15.737275565547966,3.33884582831111,0.008546172571949971,LFP,32
18.21802836405799,3.3250255046687593,0.00989335248476971,LFP,32
20.69878116256801,3.3312116686531628,0.011240532397589448,LFP,32
23.179533961078036,3.301375915567028,0.012587712310409185,LFP,32
25.66028675958806,3.3042562701045837,0.013934892223228837,LFP,32
28.14103955809809,3.3029971770959374,0.015282072136048578,LFP,32
30.62179235660811,3.2981255954989814,0.016629252048868316,LFP,32
33.102545155118136,3.2971912724457733,0.01797643196168797,LFP,32
38.064050752138186,3.2899154135445,0.020670791787327444,LFP,32
43.02555634915824,3.2780428335503973,0.023365151612966838,LFP,32
47.98706194617829,3.2743552769881696,0.02605951143860631,LFP,32
52.94856754319834,3.2793563428287866,0.028753871264245705,LFP,32
57.91007314021839,3.2599610331406033,0.03144823108988509,LFP,32
62.87157873723844,3.264150534192924,0.03414259091552457,LFP,32
67.83308433425849,3.2648887034635337,0.036836950741163964,LFP,32
72.79458993127854,3.260659710109102,0.03953131056680344,LFP,32
77.75609552829859,3.2557883970830166,0.04222567039244283,LFP,32
82.71760112531864,3.25448162238437,0.04492003021808222,LFP,32
87.67910672233869,3.2535578610523017,0.0476143900437217,LFP,32
97.60211791637876,3.2604115751722524,0.053003109695000564,LFP,32
107.52512911041887,3.2469659722428577,0.05839182934627935,LFP,32
117.44814030445896,3.262809762361266,0.06378054899755821,LFP,32
127.37115149849907,3.245970872824811,0.06916926864883709,LFP,32
137.29416269253915,3.253869690549331,0.07455798830011595,LFP,32
147.21717388657927,3.241022197331618,0.07994670795139482,LFP,32
167.06319627465945,3.245347857273024,0.09072414725395248,LFP,32
186.90921866273965,3.2422755970774433,0.1015015865565102,LFP,32
206.75524105081985,3.2430780463156585,0.11227902585906793,LFP,32
226.60126343890005,3.2426441191064233,0.12305646516162558,LFP,32
266.2933082150604,3.2508241053465112,0.14461134376674098,LFP,32
305.9853529912208,3.242048443993597,0.16616622237185635,LFP,32
345.6773977673812,3.2456478110772524,0.18772110097697184,LFP,32
385.3694425435416,3.2387154308758213,0.2092759795820872,LFP,32
425.061487319702,3.2296401129619814,0.2308308581872026,LFP,32
464.7535320958624,3.21388146703602,0.25238573679231796,LFP,32
544.1376216481831,3.213964916937294,0.2954954940025488,LFP,32
623.5217112005039,3.2101337158305556,0.3386052512127796,LFP,32
702.9058007528247,3.2143571317792277,0.38171500842301037,LFP,32
782.2898903051455,3.206108835101976,0.42482476563324123,LFP,32
861.6739798574663,3.2161316492126573,0.46793452284347203,LFP,32
941.0580694097872,3.2163929960140654,0.5110442800537028,LFP,32
1020.442158962108,3.2009143389340533,0.5541540372639336,LFP,32
1179.2103380667495,3.205390694064748,0.6403735516843952,LFP,32
1337.978517171391,3.187921877716918,0.7265930661048569,LFP,32
1496.7466962760327,3.1924335126515837,0.8128125805253184,LFP,32
1655.5148753806743,3.1916740722745804,0.8990320949457803,LFP,32
1814.283054485316,3.1571748952251504,0.9852516093662417,LFP,32
1973.0512335899575,3.1339753192877935,1.0714711237867032,LFP,32
2131.819412694599,3.121407022053818,1.1576906382071648,LFP,32
2290.5875917992407,3.097729947113311,1.2439101526276264,LFP,32
2608.123950008524,2.9557443997579043,1.4163491814685498,LFP,32
2893.9066723968785,2.6421105366032527,1.5715443074253805,LFP,32
2941.9693959033148,2.501047480483201,1.5976449070910015,LFP,32
0.0,3.513148291847907,0.0,LFP,33
0.0024226101547949,3.51546907898429,1.3494892121484677e-06,LFP,33
0.0048452203095898,3.5212684254394095,2.6989784242969354e-06,LFP,33
0.0096904406191797,3.522356326742845,5.397956848593871e-06,LFP,33
0.0193808812383595,3.512741855870005,1.0795913697187742e-05,LFP,33
0.0387617624767191,3.5115309354264177,2.1591827394375484e-05,LFP,33
0.0775235249534382,3.517023858141708,4.318365478875097e-05,LFP,33
0.1550470499068764,3.498099573521686,8.636730957750195e-05,LFP,33
0.2325705748603146,3.4996167360751493,0.00012955096436620357,LFP,33
0.3876176247671911,3.4917036464681903,0.00021591827394370165,LFP,33
0.5426646746740675,3.4785440203876963,0.0003022855835211998,LFP,33
0.697711724580944,3.476205978418718,0.0003886528930986979,LFP,33
0.8527587744878204,3.4672257977710323,0.00047502020267619596,LFP,33
1.0078058243946968,3.4654126710938136,0.0005613875122536941,LFP,33
1.1628528743015734,3.470316868256682,0.0006477548218311922,LFP,33
1.4729469741153265,3.461875152389615,0.0008204894409861885,LFP,33
1.7830410739290792,3.442168586614209,0.000993224060141272,LFP,33
2.093135173742832,3.4437757526790844,0.001165958679296268,LFP,33
2.403229273556585,3.420424638728462,0.0013386932984512643,LFP,33
2.713323373370338,3.437026845867319,0.0015114279176062606,LFP,33
3.333511572997844,3.4211784196935935,0.001856897155916253,LFP,33
3.9536997726253498,3.4096851593126716,0.0022023663942262453,LFP,33
4.573887972252855,3.4134173615956507,0.002547835632536238,LFP,33
5.194076171880361,3.4007846744142376,0.0028933048708462304,LFP,33
5.814264371507868,3.392663567411417,0.00323877410915631,LFP,33
6.434452571135374,3.3804541595083335,0.0035842433474663022,LFP,33
7.05464077076288,3.38023550054104,0.003929712585776295,LFP,33
8.295017170017893,3.363329320461531,0.00462065106239628,LFP,33
9.535393569272903,3.3701826441903253,0.005311589539016352,LFP,33
10.775769968527918,3.368184293364945,0.006002528015636337,LFP,33
12.01614636778293,3.3468363362496643,0.006693466492256322,LFP,33
13.256522767037945,3.352047772590476,0.007384404968876393,LFP,33
15.737275565547966,3.3248541225309527,0.008766281922116363,LFP,33
18.21802836405799,3.317652285454574,0.01014815887535642,LFP,33
20.69878116256801,3.321100929430868,0.011530035828596477,LFP,33
23.179533961078036,3.3045361227787806,0.012911912781836534,LFP,33
25.66028675958806,3.3051855286871406,0.014293789735076503,LFP,33
28.14103955809809,3.3016496141622884,0.01567566668831656,LFP,33
30.62179235660811,3.2947280103547434,0.017057543641556618,LFP,33
33.102545155118136,3.296281013166861,0.01843942059479659,LFP,33
38.064050752138186,3.2907446414329566,0.021203174501276702,LFP,33
43.02555634915824,3.2811357123973757,0.02396692840775673,LFP,33
47.98706194617829,3.2801477964612005,0.02673068231423684,LFP,33
52.94856754319834,3.2637529616542325,0.02949443622071687,LFP,33
57.91007314021839,3.2661403147636925,0.0322581901271969,LFP,33
62.87157873723844,3.262176096393428,0.03502194403367701,LFP,33
67.83308433425849,3.2665073583596675,0.037785697940157036,LFP,33
72.79458993127854,3.26672911322701,0.04054945184663715,LFP,33
77.75609552829859,3.251471562462938,0.04331320575311717,LFP,33
82.71760112531864,3.252172445850497,0.046076959659597204,LFP,33
87.67910672233869,3.252412782046664,0.04884071356607732,LFP,33
97.60211791637876,3.2492988609215003,0.054368221379037455,LFP,33
107.52512911041887,3.2499537657685913,0.05989572919199751,LFP,33
117.44814030445896,3.2486154814944883,0.06542323700495765,LFP,33
127.37115149849907,3.2436481649378406,0.0709507448179178,LFP,33
137.29416269253915,3.2459923445430108,0.07647825263087793,LFP,33
147.21717388657927,3.2467100684723897,0.08200576044383807,LFP,33
167.06319627465945,3.25578387514969,0.09306077606975827,LFP,33
186.90921866273965,3.240251384024836,0.10411579169567856,LFP,33
206.75524105081985,3.2418156366813844,0.11517080732159882,LFP,33
226.60126343890005,3.249290135591283,0.12622582294751902,LFP,33
266.2933082150604,3.2488960645992266,0.14833585419935952,LFP,33
305.9853529912208,3.243291751703568,0.17044588545119999,LFP,33
345.6773977673812,3.2445830817475616,0.19255591670304054,LFP,33
385.3694425435416,3.2304634736329665,0.214665947954881,LFP,33
425.061487319702,3.2300440434658246,0.23677597920672147,LFP,33
464.7535320958624,3.218721898889162,0.25888601045856197,LFP,33
544.1376216481831,3.2188860362515395,0.303106072962243,LFP,33
623.5217112005039,3.2096393668991174,0.34732613546592395,LFP,33
702.9058007528247,3.206171592759397,0.3915461979696049,LFP,33
782.2898903051455,3.207668089452999,0.4357662604732859,LFP,33
861.6739798574663,3.2070247477983505,0.4799863229769669,LFP,33
941.0580694097872,3.2109008852130625,0.5242063854806479,LFP,33
1020.442158962108,3.189403003707549,0.5684264479843288,LFP,33
1179.2103380667495,3.1966084753916393,0.6568665729916908,LFP,33
1337.978517171391,3.203867585841617,0.7453066979990528,LFP,33
1496.7466962760327,3.192072032275596,0.8337468230064147,LFP,33
1655.5148753806743,3.186447881488458,0.922186948013777,LFP,33
1814.283054485316,3.1634458117587325,1.0106270730211389,LFP,33
1973.0512335899575,3.1280126828797212,1.0990671980285007,LFP,33
2131.819412694599,3.116488222955396,1.1875073230358626,LFP,33
2290.5875917992407,3.1011435007384502,1.2759474480432245,LFP,33
2608.123950008524,2.953776764353346,1.4528276980579489,LFP,33
2893.9066723968785,2.634602671331252,1.6120199230712002,LFP,33
2941.9693959033148,2.4908452288024376,1.638792751852602,LFP,33
0.0,3.5202911568899427,0.0,LFP,34
0.0024226101547949,3.525731300306623,1.4292745223859067e-06,LFP,34
0.0048452203095898,3.506650549785451,2.8585490447718133e-06,LFP,34
0.0096904406191797,3.5178133477144695,5.717098089543627e-06,LFP,34
0.0193808812383595,3.5248280326202193,1.1434196179087253e-05,LFP,34
0.0387617624767191,3.5243225069013615,2.2868392358174506e-05,LFP,34
0.0775235249534382,3.5145921226736374,4.573678471634901e-05,LFP,34
0.1550470499068764,3.515224985552204,9.147356943269804e-05,LFP,34
0.2325705748603146,3.497830743323668,0.0001372103541489948,LFP,34
0.3876176247671911,3.4889403257933944,0.00022868392358168873,LFP,34
0.5426646746740675,3.4858577374324033,0.00032015749301438274,LFP,34
0.697711724580944,3.4754146409423896,0.0004116310624470767,LFP,34
0.8527587744878204,3.4717134744358615,0.0005031046318797706,LFP,34
1.0078058243946968,3.463696535374594,0.0005945782013124645,LFP,34
1.1628528743015734,3.4676728841320337,0.0006860517707451586,LFP,34
1.4729469741153265,3.452072124199498,0.0008689989096105466,LFP,34
1.7830410739290792,3.4526709199219905,0.0010519460484760268,LFP,34
2.093135173742832,3.433159381136428,0.0012348931873414147,LFP,34
2.403229273556585,3.440131868612443,0.0014178403262068025,LFP,34
2.713323373370338,3.432089004795586,0.0016007874650721906,LFP,34
3.333511572997844,3.416531402313158,0.0019666817428029663,LFP,34
3.9536997726253498,3.4167249869631156,0.0023325760205337425,LFP,34
4.573887972252855,3.405503936580154,0.0026984702982645182,LFP,34
5.194076171880361,3.395785621750433,0.0030643645759952944,LFP,34
5.814264371507868,3.3927555069363833,0.0034302588537261625,LFP,34
6.434452571135374,3.392586080233526,0.003796153131456938,LFP,34
7.05464077076288,3.3855562006099524,0.0041620474091877135,LFP,34
8.295017170017893,3.376377327048815,0.004893835964649266,LFP,34
9.535393569272903,3.366492727047124,0.00562562452011091,LFP,34
10.775769968527918,3.3562228599140456,0.006357413075572462,LFP,34
12.01614636778293,3.3490727052621088,0.007089201631034014,LFP,34
13.256522767037945,3.3463311559608266,0.007820990186495657,LFP,34
15.737275565547966,3.332274525142997,0.00928456729741876,LFP,34
18.21802836405799,3.331976312019169,0.010748144408341957,LFP,34
20.69878116256801,3.313076646161159,0.012211721519265153,LFP,34
23.179533961078036,3.3124784516219408,0.013675298630188348,LFP,34
25.66028675958806,3.3090395839257734,0.01513887574111145,LFP,34
28.14103955809809,3.3043406515953824,0.016602452852034648,LFP,34
30.62179235660811,3.3019298747756847,0.018066029962957843,LFP,34
33.102545155118136,3.289062089459886,0.019529607073880947,LFP,34
38.064050752138186,3.2885670215902687,0.022456761295727337,LFP,34
43.02555634915824,3.27564512555999,0.02538391551757364,LFP,34
47.98706194617829,3.281233048032064,0.02831106973942003,LFP,34
52.94856754319834,3.2702996063558754,0.03123822396126633,LFP,34
57.91007314021839,3.263511344703815,0.034165378183112625,LFP,34
62.87157873723844,3.2646469816737405,0.03709253240495902,LFP,34
67.83308433425849,3.257862669867305,0.040019686626805315,LFP,34
72.79458993127854,3.252920541378063,0.04294684084865171,LFP,34
77.75609552829859,3.251416200862307,0.04587399507049801,LFP,34
82.71760112531864,3.2567277317196677,0.048801149292344304,LFP,34
87.67910672233869,3.2533843606004624,0.0517283035141907,LFP,34
97.60211791637876,3.250680740288172,0.05758261195788339,LFP,34
107.52512911041887,3.252180016107805,0.06343692040157599,LFP,34
117.44814030445896,3.255494967156635,0.06929122884526867,LFP,34
127.37115149849907,3.244713269376299,0.07514553728896138,LFP,34
137.29416269253915,3.248702514700835,0.08099984573265406,LFP,34
147.21717388657927,3.2433555503873204,0.08685415417634676,LFP,34
167.06319627465945,3.243001448121347,0.09856277106373205,LFP,34
186.90921866273965,3.2480924593641207,0.11027138795111743,LFP,34
206.75524105081985,3.244280111756414,0.1219800048385028,LFP,34
226.60126343890005,3.248723573749188,0.13368862172588808,LFP,34
266.2933082150604,3.2429099774658376,0.15710585550065878,LFP,34
305.9853529912208,3.2437386137385604,0.18052308927542943,LFP,34
345.6773977673812,3.2371300223662005,0.2039403230502002,LFP,34
385.3694425435416,3.239209875724563,0.22735755682497086,LFP,34
425.061487319702,3.2250185788664654,0.2507747905997415,LFP,34
464.7535320958624,3.2295449733633146,0.27419202437451223,LFP,34
544.1376216481831,3.210718005714992,0.32102649192405364,LFP,34
623.5217112005039,3.22140094696865,0.36786095947359504,LFP,34
702.9058007528247,3.208187519915916,0.41469542702313633,LFP,34
782.2898903051455,3.2076311787821132,0.4615298945726778,LFP,34
861.6739798574663,3.2074909553892095,0.5083643621222191,LFP,34
941.0580694097872,3.203583899390157,0.5551988296717605,LFP,34
1020.442158962108,3.2002282186389936,0.6020332972213018,LFP,34
1179.2103380667495,3.206474416474543,0.6957022323203846,LFP,34
1337.978517171391,3.201298888930458,0.7893711674194673,LFP,34
1496.7466962760327,3.1872598685773057,0.88304010251855,LFP,34
1655.5148753806743,3.1851163248247945,0.9767090376176332,LFP,34
1814.283054485316,3.1518872324055933,1.0703779727167158,LFP,34
1973.0512335899575,3.1384878991946312,1.1640469078157984,LFP,34
2131.819412694599,3.117290061600741,1.2577158429148811,LFP,34
2290.5875917992407,3.09940161434123,1.3513847780139638,LFP,34
2608.123950008524,2.9587804305421628,1.5387226482121297,LFP,34
2893.9066723968785,2.6290044500746186,1.7073267313904785,LFP,34
2941.9693959033148,2.499222883865746,1.7356824394057626,LFP,34
0.0,3.512117098904926,0.0,LFP,35
0.0024226101547949,3.519489832994826,1.2399580667222547e-06,LFP,35
0.0048452203095898,3.525154720601837,2.4799161334445095e-06,LFP,35
0.0096904406191797,3.528903314803091,4.959832266889019e-06,LFP,35
0.0193808812383595,3.508516245827505,9.919664533778038e-06,LFP,35
0.0387617624767191,3.5092303681039585,1.9839329067556076e-05,LFP,35
0.0775235249534382,3.5070163078470546,3.967865813511215e-05,LFP,35
0.1550470499068764,3.5076818969702317,7.93573162702243e-05,LFP,35
0.2325705748603146,3.4937578158743734,0.00011903597440529112,LFP,35
0.3876176247671911,3.488427788262685,0.00019839329067551187,LFP,35
0.5426646746740675,3.485601949582003,0.00027775060694573266,LFP,35
0.697711724580944,3.471694121620627,0.00035710792321595346,LFP,35
0.8527587744878204,3.4778106437725804,0.0004364652394861742,LFP,35
1.0078058243946968,3.4594658081494063,0.000515822555756395,LFP,35
1.1628528743015734,3.4625787548058415,0.0005951798720266158,LFP,35
1.4729469741153265,3.46454062007455,0.0007538945045670574,LFP,35
1.7830410739290792,3.4495156329627235,0.0009126091371075791,LFP,35
2.093135173742832,3.446352119210906,0.0010713237696480206,LFP,35
2.403229273556585,3.4305421414011086,0.0012300384021884621,LFP,35
2.713323373370338,3.436846997791483,0.0013887530347289037,LFP,35
3.333511572997844,3.422911879847326,0.0017061822998097867,LFP,35
3.9536997726253498,3.4049526130175427,0.00202361156489067,LFP,35
4.573887972252855,3.4016168975410737,0.0023410408299715533,LFP,35
5.194076171880361,3.4139927248647384,0.0026584700950524364,LFP,35
5.814264371507868,3.4021653236983065,0.0029758993601333994,LFP,35
6.434452571135374,3.3862660850358344,0.003293328625214282,LFP,35
7.05464077076288,3.386016815396019,0.0036107578902951657,LFP,35
8.295017170017893,3.3797167197841493,0.004245616420456932,LFP,35
9.535393569272903,3.3702703429761005,0.004880474950618778,LFP,35
10.775769968527918,3.3567816037514384,0.005515333480780545,LFP,35
12.01614636778293,3.344828458006009,0.006150192010942311,LFP,35
13.256522767037945,3.3456354638053893,0.006785050541104157,LFP,35
15.737275565547966,3.3397548004081745,0.00805476760142769,LFP,35
18.21802836405799,3.326798224606714,0.009324484661751302,LFP,35
20.69878116256801,3.3121923042895665,0.010594201722074915,LFP,35
23.179533961078036,3.313789026470506,0.011863918782398527,LFP,35
25.66028675958806,3.296394812611701,0.013133635842722058,LFP,35
28.14103955809809,3.29557227856778,0.014403352903045672,LFP,35
30.62179235660811,3.286688233075664,0.015673069963369285,LFP,35
33.102545155118136,3.297048815706479,0.01694278702369282,LFP,35
38.064050752138186,3.2796394824150914,0.01948222114434004,LFP,35
43.02555634915824,3.2735433146599515,0.02202165526498719,LFP,35
47.98706194617829,3.2683468096140906,0.02456108938563441,LFP,35
52.94856754319834,3.2683583794915623,0.02710052350628156,LFP,35
57.91007314021839,3.2592055847484716,0.0296399576269287,LFP,35
62.87157873723844,3.2656245146138803,0.032179391747575926,LFP,35
67.83308433425849,3.2598937846489577,0.03471882586822307,LFP,35
72.79458993127854,3.2550639136687565,0.0372582599888703,LFP,35
77.75609552829859,3.2561477953658104,0.039797694109517445,LFP,35
82.71760112531864,3.254624980572068,0.042337128230164583,LFP,35
87.67910672233869,3.2585967439084316,0.04487656235081181,LFP,35
97.60211791637876,3.2502671324625183,0.049955430592106186,LFP,35
107.52512911041887,3.2543111758201015,0.055034298833400476,LFP,35
117.44814030445896,3.2482461779417524,0.06011316707469484,LFP,35
127.37115149849907,3.2512985183084226,0.06519203531598922,LFP,35
137.29416269253915,3.24509703027921,0.07027090355728358,LFP,35
147.21717388657927,3.2513310139691733,0.07534977179857796,LFP,35
167.06319627465945,3.2513531704060306,0.08550750828116661,LFP,35
186.90921866273965,3.258027523808391,0.09566524476375536,LFP,35
206.75524105081985,3.246754754670683,0.1058229812463441,LFP,35
226.60126343890005,3.2487238157658327,0.11598071772893276,LFP,35
266.2933082150604,3.24337543282047,0.13629619069411017,LFP,35
305.9853529912208,3.23317666411264,0.15661166365928755,LFP,35
345.6773977673812,3.24798264401086,0.17692713662446505,LFP,35
385.3694425435416,3.245871587105163,0.19724260958964243,LFP,35
425.061487319702,3.2384962839272147,0.21755808255481981,LFP,35
464.7535320958624,3.224604684189788,0.23787355551999725,LFP,35
544.1376216481831,3.2103181548702935,0.2785045014503521,LFP,35
623.5217112005039,3.2111715076005103,0.3191354473807069,LFP,35
702.9058007528247,3.2140270866584433,0.35976639331106175,LFP,35
782.2898903051455,3.2054259580827247,0.4003973392414166,LFP,35
861.6739798574663,3.202691215273014,0.44102828517177145,LFP,35
941.0580694097872,3.2077682002247387,0.4816592311021263,LFP,35
1020.442158962108,3.2044669085772024,0.522290177032481,LFP,35
1179.2103380667495,3.20765164289689,0.6035520688931908,LFP,35
1337.978517171391,3.193408021650375,0.6848139607539004,LFP,35
1496.7466962760327,3.202841309790831,0.76607585261461,LFP,35
1655.5148753806743,3.182235455122994,0.84733774447532,LFP,35
1814.283054485316,3.1587172681141515,0.9285996363360295,LFP,35
1973.0512335899575,3.1384762801938275,1.0098615281967391,LFP,35
2131.819412694599,3.1218366959491175,1.091123420057449,LFP,35
2290.5875917992407,3.100391266021984,1.1723853119181582,LFP,35
2608.123950008524,2.955019486881934,1.334909095639578,LFP,35
2893.9066723968785,2.6387049929265265,1.4811805009888552,LFP,35
2941.9693959033148,2.5013461192004587,1.505780316028222,LFP,35
0.0,3.5158427533166714,0.0,LFP,36
0.0024226101547949,3.5245109734707643,1.2926470201413707e-06,LFP,36
0.0048452203095898,3.5171738932041374,2.5852940402827413e-06,LFP,36
0.0096904406191797,3.5215228485091203,5.170588080565483e-06,LFP,36
0.0193808812383595,3.524686832590073,1.0341176161130965e-05,LFP,36
0.0387617624767191,3.5184454763880533,2.068235232226193e-05,LFP,36
0.0775235249534382,3.5103656461524313,4.136470464452386e-05,LFP,36
0.1550470499068764,3.513095854725862,8.272940928904772e-05,LFP,36
0.2325705748603146,3.5023524580514347,0.0001240941139335243,LFP,36
0.3876176247671911,3.496007632286121,0.00020682352322256835,LFP,36
0.5426646746740675,3.4798634848697594,0.0002895529325116124,LFP,36
0.697711724580944,3.476492505536101,0.00037228234180065645,LFP,36
0.8527587744878204,3.4710477680160414,0.0004550117510897005,LFP,36
1.0078058243946968,3.470348234490107,0.0005377411603787446,LFP,36
1.1628528743015734,3.461640511227247,0.0006204705696677887,LFP,36
1.4729469741153265,3.4493846253097478,0.0007859293882458767,LFP,36
1.7830410739290792,3.4471985540697005,0.0009513882068240484,LFP,36
2.093135173742832,3.441103088074624,0.0011168470254021364,LFP,36
2.403229273556585,3.429999035719287,0.0012823058439802245,LFP,36
2.713323373370338,3.4348609868493,0.0014477646625583127,LFP,36
3.333511572997844,3.429257703258812,0.0017786822997144887,LFP,36
3.9536997726253498,3.405860162322997,0.002109599936870665,LFP,36
4.573887972252855,3.402196213511828,0.0024405175740268414,LFP,36
5.194076171880361,3.4049904914497806,0.0027714352111830177,LFP,36
5.814264371507868,3.3908359906618424,0.0031023528483392774,LFP,36
6.434452571135374,3.3953894282855,0.0034332704854954533,LFP,36
7.05464077076288,3.3803094985679487,0.0037641881226516296,LFP,36
8.295017170017893,3.373214044905403,0.004426023396963982,LFP,36
9.535393569272903,3.362971989451993,0.005087858671276418,LFP,36
10.775769968527918,3.3621436908145546,0.005749693945588771,LFP,36
12.01614636778293,3.3489073038999337,0.006411529219901123,LFP,36
13.256522767037945,3.351041632304001,0.0070733644942135585,LFP,36
15.737275565547966,3.3393294525748343,0.008397035042838263,LFP,36
18.21802836405799,3.3191720135751277,0.009720705591463052,LFP,36
20.69878116256801,3.3088008264078703,0.01104437614008784,LFP,36
23.179533961078036,3.316260129921216,0.012368046688712627,LFP,36
25.66028675958806,3.316780207288695,0.013691717237337331,LFP,36
28.14103955809809,3.2960465010100144,0.015015387785962122,LFP,36
30.62179235660811,3.2984026427646373,0.01633905833458691,LFP,36
33.102545155118136,3.2897390856163926,0.017662728883211614,LFP,36
38.064050752138186,3.2830676935794894,0.02031006998046119,LFP,36
43.02555634915824,3.275345271590902,0.022957411077710686,LFP,36
47.98706194617829,3.272433143500947,0.02560475217496026,LFP,36
52.94856754319834,3.2675486589635283,0.028252093272209754,LFP,36
57.91007314021839,3.2647465501052495,0.030899434369459248,LFP,36
62.87157873723844,3.2622595072489022,0.033546775466708825,LFP,36
67.83308433425849,3.258609381634254,0.036194116563958316,LFP,36
72.79458993127854,3.2606204912264856,0.0388414576612079,LFP,36
77.75609552829859,3.254175309187453,0.04148879875845739,LFP,36
82.71760112531864,3.255818614665555,0.04413613985570688,LFP,36
87.67910672233869,3.251937355079581,0.04678348095295646,LFP,36
97.60211791637876,3.244127036905009,0.052078163147455524,LFP,36
107.52512911041887,3.250849220527678,0.05737284534195451,LFP,36
117.44814030445896,3.2525944358259222,0.06266752753645358,LFP,36
127.37115149849907,3.250200647739613,0.06796220973095266,LFP,36
137.29416269253915,3.2572756892161934,0.07325689192545172,LFP,36
147.21717388657927,3.239104249536907,0.0785515741199508,LFP,36
167.06319627465945,3.2509324552924457,0.08914093850894886,LFP,36
186.90921866273965,3.2478700030317955,0.09973030289794699,LFP,36
206.75524105081985,3.2489620226461633,0.11031966728694512,LFP,36
226.60126343890005,3.247263974822238,0.12090903167594318,LFP,36
266.2933082150604,3.243680953351869,0.1420877604539394,LFP,36
305.9853529912208,3.249863331234756,0.16326648923193557,LFP,36
345.6773977673812,3.241490073448022,0.18444521800993186,LFP,36
385.3694425435416,3.243322264347786,0.20562394678792803,LFP,36
425.061487319702,3.2356925093551965,0.22680267556592423,LFP,36
464.7535320958624,3.2268883910749757,0.24798140434392044,LFP,36
544.1376216481831,3.2145255454090993,0.2903388618999129,LFP,36
623.5217112005039,3.206133437905191,0.33269631945590533,LFP,36
702.9058007528247,3.2064997966679853,0.3750537770118977,LFP,36
782.2898903051455,3.2117304647216622,0.41741123456789014,LFP,36
861.6739798574663,3.1993894365681625,0.4597686921238826,LFP,36
941.0580694097872,3.2086613474971912,0.502126149679875,LFP,36
1020.442158962108,3.2049677639507315,0.5444836072358674,LFP,36
1179.2103380667495,3.202794091815316,0.6291985223478522,LFP,36
1337.978517171391,3.1981849726797105,0.7139134374598372,LFP,36
1496.7466962760327,3.2100290113170136,0.7986283525718219,LFP,36
1655.5148753806743,3.181824180471441,0.8833432676838071,LFP,36
1814.283054485316,3.15703714226022,0.9680581827957917,LFP,36
1973.0512335899575,3.1335258967299144,1.0527730979077765,LFP,36
2131.819412694599,3.1143397581475036,1.1374880130197613,LFP,36
2290.5875917992407,3.101274061211305,1.2222029281317461,LFP,36
2608.123950008524,2.9637450786169475,1.391632758355716,LFP,36
2893.9066723968785,2.636887729847509,1.5441196055572888,LFP,36
2941.9693959033148,2.5047125374033454,1.5697647289369239,LFP,36
0.0,3.523729550358666,0.0,LFP,37
0.0024226101547949,3.5169271142501035,1.2773147254328099e-06,LFP,37
0.0048452203095898,3.512139548267374,2.5546294508656198e-06,LFP,37
0.0096904406191797,3.519088890187627,5.1092589017312396e-06,LFP,37
0.0193808812383595,3.503191256857357,1.0218517803462479e-05,LFP,37
0.0387617624767191,3.505517227244144,2.0437035606924958e-05,LFP,37
0.0775235249534382,3.5086011020347767,4.0874071213849916e-05,LFP,37
0.1550470499068764,3.4964491036580885,8.174814242769985e-05,LFP,37
0.2325705748603146,3.503448903538671,0.00012262221364150305,LFP,37
0.3876176247671911,3.490773909845821,0.00020437035606919927,LFP,37
0.5426646746740675,3.487441675006242,0.0002861184984968955,LFP,37
0.697711724580944,3.467426319661669,0.00036786664092459167,LFP,37
0.8527587744878204,3.4737003649187788,0.00044961478335228786,LFP,37
1.0078058243946968,3.475649699139945,0.0005313629257799841,LFP,37
1.1628528743015734,3.457834371734991,0.0006131110682076803,LFP,37
1.4729469741153265,3.4520620480377504,0.0007766073530630728,LFP,37
1.7830410739290792,3.4427601758791004,0.0009401036379185478,LFP,37
2.093135173742832,3.4478863972601776,0.0011035999227739402,LFP,37
2.403229273556585,3.4299911221517094,0.0012670962076293327,LFP,37
2.713323373370338,3.430419219323608,0.0014305924924847252,LFP,37
3.333511572997844,3.4170994084631543,0.00175758506219551,LFP,37
3.9536997726253498,3.420066643685064,0.002084577631906295,LFP,37
4.573887972252855,3.4102343513757565,0.00241157020161708,LFP,37
5.194076171880361,3.3958771770739675,0.002738562771327865,LFP,37
5.814264371507868,3.3899111559004123,0.0030655553410387317,LFP,37
6.434452571135374,3.384852304207072,0.0033925479107495167,LFP,37
7.05464077076288,3.3864853608315375,0.0037195404804603017,LFP,37
8.295017170017893,3.374649263602572,0.004373525619881871,LFP,37
9.535393569272903,3.3653503574922743,0.0050275107593035235,LFP,37
10.775769968527918,3.362113625709068,0.005681495898725093,LFP,37
12.01614636778293,3.355497286630145,0.006335481038146663,LFP,37
13.256522767037945,3.3422069304164492,0.006989466177568315,LFP,37
15.737275565547966,3.335275386561016,0.008297436456411456,LFP,37
18.21802836405799,3.3348694472192535,0.009605406735254677,LFP,37
20.69878116256801,3.3089785176768407,0.010913377014097898,LFP,37
23.179533961078036,3.31402348927357,0.01222134729294112,LFP,37
25.66028675958806,3.306002972527619,0.013529317571784258,LFP,37
28.14103955809809,3.3003518044442277,0.014837287850627481,LFP,37
30.62179235660811,3.2939457527293308,0.016145258129470704,LFP,37
33.102545155118136,3.2965035975199677,0.017453228408313846,LFP,37
38.064050752138186,3.2889623979948786,0.02006916896600029,LFP,37
43.02555634915824,3.2836128074143107,0.022685109523686648,LFP,37
47.98706194617829,3.277402111026938,0.02530105008137309,LFP,37
52.94856754319834,3.2730108605985007,0.027916990639059454,LFP,37
57.91007314021839,3.2632217720959447,0.030532931196745813,LFP,37
62.87157873723844,3.260108301331436,0.03314887175443226,LFP,37
67.83308433425849,3.26168952951571,0.03576481231211862,LFP,37
72.79458993127854,3.253052730743774,0.038380752869805065,LFP,37
77.75609552829859,3.257252183939497,0.040996693427491425,LFP,37
82.71760112531864,3.241926183660242,0.043612633985177784,LFP,37
87.67910672233869,3.2476273051452327,0.046228574542864234,LFP,37
97.60211791637876,3.2477034596297845,0.051460455658237036,LFP,37
107.52512911041887,3.2613324193058975,0.05669233677360976,LFP,37
117.44814030445896,3.250637695564676,0.061924217888982565,LFP,37
127.37115149849907,3.2424944806896887,0.06715609900435537,LFP,37
137.29416269253915,3.2617483706396513,0.07238798011972818,LFP,37
147.21717388657927,3.2458281766039185,0.07761986123510098,LFP,37
167.06319627465945,3.2384761948623253,0.08808362346584651,LFP,37
186.90921866273965,3.2535133657496065,0.09854738569659212,LFP,37
206.75524105081985,3.2549790609370244,0.10901114792733772,LFP,37
226.60126343890005,3.238081599223424,0.11947491015808326,LFP,37
266.2933082150604,3.2457715953356887,0.1404024346195744,LFP,37
305.9853529912208,3.2545643372528326,0.16132995908106554,LFP,37
345.6773977673812,3.2322832922286633,0.18225748354255675,LFP,37
385.3694425435416,3.2402723640539897,0.2031850080040479,LFP,37
425.061487319702,3.2303288025462313,0.22411253246553903,LFP,37
464.7535320958624,3.227483685252866,0.24504005692703018,LFP,37
544.1376216481831,3.2174121429030365,0.28689510585001254,LFP,37
623.5217112005039,3.216041403457482,0.32875015477299485,LFP,37
702.9058007528247,3.210749385507214,0.3706052036959771,LFP,37
782.2898903051455,3.1988201668200804,0.41246025261895947,LFP,37
861.6739798574663,3.214600490165954,0.4543153015419418,LFP,37
941.0580694097872,3.2111853650486273,0.4961703504649241,LFP,37
1020.442158962108,3.205599928760509,0.5380253993879064,LFP,37
1179.2103380667495,3.1969391117979447,0.621735497233871,LFP,37
1337.978517171391,3.203912031144591,0.7054455950798356,LFP,37
1496.7466962760327,3.1984309379812,0.7891556929258001,LFP,37
1655.5148753806743,3.186362005252605,0.8728657907717651,LFP,37
1814.283054485316,3.1654296996104248,0.9565758886177295,LFP,37
1973.0512335899575,3.1354304383049194,1.0402859864636942,LFP,37
2131.819412694599,3.1234476904649884,1.1239960843096588,LFP,37
2290.5875917992407,3.097605205349376,1.2077061821556232,LFP,37
2608.123950008524,2.9517113335224696,1.3751263778475527,LFP,37
2893.9066723968785,2.642350892078096,1.525804553970289,LFP,37
2941.9693959033148,2.4945283033595267,1.5511454964069697,LFP,37
0.0,3.5169783273969584,0.0,LFP,38
0.0024226101547949,3.517623729654547,1.5259509766562239e-06,LFP,38
0.0048452203095898,3.5161378756300667,3.0519019533124477e-06,LFP,38
0.0096904406191797,3.5143108265002376,6.1038039066248955e-06,LFP,38
0.0193808812383595,3.5135494051636456,1.2207607813249791e-05,LFP,38
0.0387617624767191,3.51064714566539,2.4415215626499582e-05,LFP,38
0.0775235249534382,3.513360068516346,4.8830431252999164e-05,LFP,38
0.1550470499068764,3.507894171894468,9.766086250599834e-05,LFP,38
0.2325705748603146,3.5086177057979904,0.0001464912937589417,LFP,38
0.3876176247671911,3.4991880204672077,0.00024415215626493565,LFP,38
0.5426646746740675,3.479231155015754,0.0003418130187709297,LFP,38
0.697711724580944,3.473906999921298,0.0004394738812769237,LFP,38
0.8527587744878204,3.4653438343672893,0.0005371347437829176,LFP,38
1.0078058243946968,3.4700226680813056,0.0006347956062889116,LFP,38
1.1628528743015734,3.47669545787467,0.0007324564687949057,LFP,38
1.4729469741153265,3.454499531004626,0.0009277781938068937,LFP,38
1.7830410739290792,3.4441438756176925,0.0011230999188189803,LFP,38
2.093135173742832,3.440349818431778,0.001318421643830968,LFP,38
2.403229273556585,3.430310408988844,0.0015137433688429563,LFP,38
2.713323373370338,3.4327143521017334,0.0017090650938549443,LFP,38
3.333511572997844,3.4291819745116476,0.0020997085438789202,LFP,38
3.9536997726253498,3.412648897084854,0.002490351993902896,LFP,38
4.573887972252855,3.4066733642655516,0.002880995443926872,LFP,38
5.194076171880361,3.395051779628468,0.0032716388939508486,LFP,38
5.814264371507868,3.3979606096063804,0.003662282343974923,LFP,38
6.434452571135374,3.3875609019099144,0.0040529257939988985,LFP,38
7.05464077076288,3.384626139595109,0.0044435692440228745,LFP,38
8.295017170017893,3.371653264449182,0.005224856144070826,LFP,38
9.535393569272903,3.363896841473232,0.006006143044118877,LFP,38
10.775769968527918,3.3585446363852154,0.006787429944166829,LFP,38
12.01614636778293,3.3541347287692207,0.007568716844214782,LFP,38
13.256522767037945,3.351269478678753,0.008350003744262832,LFP,38
15.737275565547966,3.336772435188214,0.009912577544358736,LFP,38
18.21802836405799,3.329363262126829,0.011475151344454737,LFP,38
20.69878116256801,3.3178385790064473,0.013037725144550741,LFP,38
23.179533961078036,3.3101454243065946,0.014600298944646742,LFP,38
25.66028675958806,3.3069964219222134,0.016162872744742644,LFP,38
28.14103955809809,3.3043983521452462,0.01772544654483865,LFP,38
30.62179235660811,3.292881948448246,0.019288020344934653,LFP,38
33.102545155118136,3.289302827714588,0.020850594145030557,LFP,38
38.064050752138186,3.2973103048325028,0.02397574174522256,LFP,38
43.02555634915824,3.2862596134367306,0.027100889345414467,LFP,38
47.98706194617829,3.28010493499925,0.030226036945606473,LFP,38
52.94856754319834,3.2724954028037385,0.03335118454579838,LFP,38
57.91007314021839,3.2661375251219242,0.03647633214599028,LFP,38
62.87157873723844,3.2676597802925396,0.03960147974618229,LFP,38
67.83308433425849,3.2643068590448356,0.042726627346374196,LFP,38
72.79458993127854,3.256492484447249,0.045851774946566205,LFP,38
77.75609552829859,3.261012712081198,0.04897692254675811,LFP,38
82.71760112531864,3.2576773688506333,0.052102070146950015,LFP,38
87.67910672233869,3.259123823067001,0.05522721774714202,LFP,38
97.60211791637876,3.2536930514370064,0.06147751294752593,LFP,38
107.52512911041887,3.2473226781868916,0.06772780814790974,LFP,38
117.44814030445896,3.2439868280721584,0.07397810334829365,LFP,38
127.37115149849907,3.247802635797191,0.08022839854867757,LFP,38
137.29416269253915,3.244535726697449,0.08647869374906147,LFP,38
147.21717388657927,3.2466117225031628,0.0927289889494454,LFP,38
167.06319627465945,3.252805910160413,0.10522957935021313,LFP,38
186.90921866273965,3.2373812888240234,0.11773016975098094,LFP,38
206.75524105081985,3.251289011505747,0.13023076015174875,LFP,38
226.60126343890005,3.2388440965855008,0.14273135055251648,LFP,38
266.2933082150604,3.2544603667911374,0.16773253135405206,LFP,38
305.9853529912208,3.246490475267766,0.19273371215558757,LFP,38
345.6773977673812,3.243693757112868,0.21773489295712323,LFP,38
385.3694425435416,3.2379046499937787,0.24273607375865877,LFP,38
425.061487319702,3.2421975689426894,0.2677372545601943,LFP,38
464.7535320958624,3.2212080626291386,0.2927384353617299,LFP,38
544.1376216481831,3.208955288695519,0.34274079696480103,LFP,38
623.5217112005039,3.201164631362862,0.3927431585678722,LFP,38
702.9058007528247,3.2091236760800164,0.44274552017094326,LFP,38
782.2898903051455,3.2054960363219345,0.4927478817740144,LFP,38
861.6739798574663,3.20234872617962,0.5427502433770856,LFP,38
941.0580694097872,3.2066470034022028,0.5927526049801567,LFP,38
1020.442158962108,3.201315073402695,0.6427549665832278,LFP,38
1179.2103380667495,3.1932125971630785,0.7427596897893701,LFP,38
1337.978517171391,3.1935282413144805,0.8427644129955123,LFP,38
1496.7466962760327,3.2000051331106274,0.9427691362016545,LFP,38
1655.5148753806743,3.180993905347245,1.042773859407797,LFP,38
1814.283054485316,3.1477103355916416,1.1427785826139392,LFP,38
1973.0512335899575,3.1409353503639044,1.2427833058200815,LFP,38
2131.819412694599,3.116299213520503,1.3427880290262237,LFP,38
2290.5875917992407,3.0937685401311006,1.4427927522323658,LFP,38
2608.123950008524,2.9580775108843027,1.6428021986446508,LFP,38
2893.9066723968785,2.6403886231709985,1.8228107004157066,LFP,38
2941.9693959033148,2.5044114110849236,1.8530843949803248,LFP,38
0.0,3.514430516980855,0.0,LFP,39
0.0024226101547949,3.5200779888212854,1.5451309367439169e-06,LFP,39
0.0048452203095898,3.5221236358631214,3.0902618734878338e-06,LFP,39
0.0096904406191797,3.5112568500788917,6.1805237469756675e-06,LFP,39
0.0193808812383595,3.51821621176507,1.2361047493951335e-05,LFP,39
0.0387617624767191,3.51377921297348,2.472209498790267e-05,LFP,39
0.0775235249534382,3.512233561689461,4.944418997580534e-05,LFP,39
0.1550470499068764,3.5113950980106248,9.88883799516107e-05,LFP,39
0.2325705748603146,3.499395993908139,0.00014833256992735953,LFP,39
0.3876176247671911,3.4882836560113715,0.0002472209498789658,LFP,39
0.5426646746740675,3.487128388644971,0.00034610932983057213,LFP,39
0.697711724580944,3.4790413101203246,0.0004449977097821784,LFP,39
0.8527587744878204,3.48161048681811,0.0005438860897337847,LFP,39
1.0078058243946968,3.4591132029838554,0.000642774469685391,LFP,39
1.1628528743015734,3.4651552090271247,0.0007416628496369973,LFP,39
1.4729469741153265,3.4560677671415925,0.0009394396095402099,LFP,39
1.7830410739290792,3.4457842231545706,0.0011372163694435224,LFP,39
2.093135173742832,3.435329984439696,0.0013349931293467347,LFP,39
2.403229273556585,3.426561587362141,0.0015327698892499473,LFP,39
2.713323373370338,3.4362634172341626,0.00173054664915316,LFP,39
3.333511572997844,3.4121408680082266,0.002126100168959585,LFP,39
3.9536997726253498,3.4150572122155163,0.0025216536887660104,LFP,39
4.573887972252855,3.4065428251326044,0.0029172072085724356,LFP,39
5.194076171880361,3.4048629536065094,0.003312760728378861,LFP,39
5.814264371507868,3.393797836484226,0.0037083142481853858,LFP,39
6.434452571135374,3.384979315671981,0.0041038677679918105,LFP,39
7.05464077076288,3.385286667308365,0.004499421287798236,LFP,39
8.295017170017893,3.3797048473296147,0.005290528327411086,LFP,39
9.535393569272903,3.370282361127154,0.006081635367024036,LFP,39
10.775769968527918,3.364719556544834,0.006872742406636887,LFP,39
12.01614636778293,3.354700574366015,0.007663849446249738,LFP,39
13.256522767037945,3.3507108444128657,0.008454956485862686,LFP,39
15.737275565547966,3.344626936492134,0.010037170565088387,LFP,39
18.21802836405799,3.329400540930428,0.011619384644314187,LFP,39
20.69878116256801,3.309726453147619,0.01320159872353999,LFP,39
23.179533961078036,3.3142117227587855,0.01478381280276579,LFP,39
25.66028675958806,3.3106094712564382,0.01636602688199149,LFP,39
28.14103955809809,3.295257419986613,0.01794824096121729,LFP,39
30.62179235660811,3.2969582433269333,0.019530455040443092,LFP,39
33.102545155118136,3.293132760150747,0.021112669119668793,LFP,39
38.064050752138186,3.28572405859538,0.024277097278120392,LFP,39
43.02555634915824,3.2827984417621767,0.027441525436571895,LFP,39
47.98706194617829,3.273300920062716,0.030605953595023494,LFP,39
52.94856754319834,3.2692074286682598,0.033770381753475,LFP,39
57.91007314021839,3.266800812119393,0.0369348099119265,LFP,39
62.87157873723844,3.262690571342496,0.0400992380703781,LFP,39
67.83308433425849,3.255256529159668,0.0432636662288296,LFP,39
72.79458993127854,3.2574694802291444,0.0464280943872812,LFP,39
77.75609552829859,3.253646146419876,0.0495925225457327,LFP,39
82.71760112531864,3.2574079914134915,0.0527569507041842,LFP,39
87.67910672233869,3.2510205486923516,0.055921378862635804,LFP,39
97.60211791637876,3.2529172868607525,0.062250235179538906,LFP,39
107.52512911041887,3.2460625250320785,0.06857909149644191,LFP,39
117.44814030445896,3.228835352328457,0.074907947813345,LFP,39
127.37115149849907,3.257510320541459,0.08123680413024811,LFP,39
137.29416269253915,3.24862485983071,0.08756566044715121,LFP,39
147.21717388657927,3.2542156734570993,0.09389451676405432,LFP,39
167.06319627465945,3.2442876649593444,0.10655222939786042,LFP,39
186.90921866273965,3.24378396018946,0.11920994203166663,LFP,39
206.75524105081985,3.240758587376935,0.13186765466547282,LFP,39
226.60126343890005,3.2488839683110315,0.14452536729927892,LFP,39
266.2933082150604,3.2491815465986207,0.16984079256689125,LFP,39
305.9853529912208,3.243468555981251,0.19515621783450354,LFP,39
345.6773977673812,3.2437883366374898,0.22047164310211598,LFP,39
385.3694425435416,3.2370092458484536,0.24578706836972827,LFP,39
425.061487319702,3.232462229988302,0.27110249363734057,LFP,39
464.7535320958624,3.220603779147904,0.2964179189049529,LFP,39
544.1376216481831,3.21458964262448,0.3470487694401776,LFP,39
623.5217112005039,3.2128862581217885,0.39767961997540224,LFP,39
702.9058007528247,3.2078285996704756,0.44831047051062684,LFP,39
782.2898903051455,3.211987848444964,0.49894132104585154,LFP,39
861.6739798574663,3.2048371124666946,0.5495721715810762,LFP,39
941.0580694097872,3.2083412739423034,0.6002030221163008,LFP,39
1020.442158962108,3.2037334677319134,0.6508338726515255,LFP,39
1179.2103380667495,3.2005323111231143,0.7520955737219748,LFP,39
1337.978517171391,3.1959246260998198,0.8533572747924241,LFP,39
1496.7466962760327,3.1967393221008114,0.9546189758628733,LFP,39
1655.5148753806743,3.1822668000968526,1.055880676933323,LFP,39
1814.283054485316,3.165916515240673,1.1571423780037722,LFP,39
1973.0512335899575,3.136916580530779,1.2584040790742215,LFP,39
2131.819412694599,3.118198562403452,1.3596657801446708,LFP,39
2290.5875917992407,3.09703073404053,1.4609274812151198,LFP,39
2608.123950008524,2.9531836586267417,1.6634508833560189,LFP,39
2893.9066723968785,2.6439684750166137,1.8457219452828275,LFP,39
2941.9693959033148,2.506018552621717,1.8763761555142915,LFP,39
0.0,3.5173228160658674,0.0,LFP,40
0.0024226101547949,3.5117586712361564,1.4084414123239706e-06,LFP,40
0.0048452203095898,3.508308996138113,2.8168828246479413e-06,LFP,40
0.0096904406191797,3.519907316025821,5.6337656492958826e-06,LFP,40
0.0193808812383595,3.522709700646345,1.1267531298591765e-05,LFP,40
0.0387617624767191,3.511215584258418,2.253506259718353e-05,LFP,40
0.0775235249534382,3.511879534211714,4.507012519436706e-05,LFP,40
0.1550470499068764,3.507582445127845,9.014025038873413e-05,LFP,40
0.2325705748603146,3.506503010582913,0.0001352103755830497,LFP,40
0.3876176247671911,3.4901237105332426,0.00022535062597177978,LFP,40
0.5426646746740675,3.4892767522042085,0.0003154908763605099,LFP,40
0.697711724580944,3.4752235747778637,0.00040563112674924,LFP,40
0.8527587744878204,3.475177299191706,0.0004957713771379702,LFP,40
1.0078058243946968,3.4742633786809036,0.0005859116275267002,LFP,40
1.1628528743015734,3.4653755857827555,0.0006760518779154305,LFP,40
1.4729469741153265,3.4547960849912336,0.0008563323786928908,LFP,40
1.7830410739290792,3.451182969946973,0.001036612879470442,LFP,40
2.093135173742832,3.4434042462167516,0.001216893380247902,LFP,40
2.403229273556585,3.442622811134261,0.0013971738810253623,LFP,40
2.713323373370338,3.4255576535358996,0.0015774543818028227,LFP,40
3.333511572997844,3.434010206819399,0.001938015383357743,LFP,40
3.9536997726253498,3.4162322655231714,0.0022985763849126635,LFP,40
4.573887972252855,3.401229090323032,0.0026591373864675843,LFP,40
5.194076171880361,3.4116414724209494,0.0030196983880225047,LFP,40
5.814264371507868,3.390224528336443,0.003380259389577516,LFP,40
6.434452571135374,3.3844966423229557,0.003740820391132436,LFP,40
7.05464077076288,3.385196434253941,0.004101381392687357,LFP,40
8.295017170017893,3.3676795711363003,0.004822503395797198,LFP,40
9.535393569272903,3.3600760630694975,0.00554362539890713,LFP,40
10.775769968527918,3.3532329806240515,0.006264747402016971,LFP,40
12.01614636778293,3.355975458112992,0.006985869405126812,LFP,40
13.256522767037945,3.3572131735515947,0.007706991408236744,LFP,40
15.737275565547966,3.3368733853965655,0.009149235414456426,LFP,40
18.21802836405799,3.325531505725289,0.010591479420676198,LFP,40
20.69878116256801,3.3177083435843198,0.012033723426895971,LFP,40
23.179533961078036,3.313633567301847,0.013475967433115745,LFP,40
25.66028675958806,3.3081024665574774,0.014918211439335425,LFP,40
28.14103955809809,3.304903109820688,0.0163604554455552,LFP,40
30.62179235660811,3.296302803299232,0.017802699451774973,LFP,40
33.102545155118136,3.2995057959313665,0.019244943457994657,LFP,40
38.064050752138186,3.282983009937362,0.0221294314704342,LFP,40
43.02555634915824,3.2808732028822534,0.025013919482873657,LFP,40
47.98706194617829,3.278902627862067,0.0278984074953132,LFP,40
52.94856754319834,3.2775634631478288,0.030782895507752657,LFP,40
57.91007314021839,3.2707201059402378,0.03366738352019211,LFP,40
62.87157873723844,3.268491154683141,0.03655187153263166,LFP,40
67.83308433425849,3.2567137990772577,0.03943635954507111,LFP,40
72.79458993127854,3.259363535608549,0.04232084755751066,LFP,40
77.75609552829859,3.246704042444779,0.045205335569950114,LFP,40
82.71760112531864,3.259291560733423,0.048089823582389564,LFP,40
87.67910672233869,3.255687401708047,0.05097431159482911,LFP,40
97.60211791637876,3.2504000628537835,0.056743287619708115,LFP,40
107.52512911041887,3.247881530771802,0.06251226364458702,LFP,40
117.44814030445896,3.2504179201287253,0.06828123966946602,LFP,40
127.37115149849907,3.251353007159704,0.07405021569434503,LFP,40
137.29416269253915,3.249084387950013,0.07981919171922403,LFP,40
147.21717388657927,3.242478906009263,0.08558816774410302,LFP,40
167.06319627465945,3.2435752135317286,0.09712611979386095,LFP,40
186.90921866273965,3.246909627049623,0.10866407184361894,LFP,40
206.75524105081985,3.2500165878715808,0.12020202389337693,LFP,40
226.60126343890005,3.2451746891640223,0.13173997594313486,LFP,40
266.2933082150604,3.2351200472601698,0.15481588004265076,LFP,40
305.9853529912208,3.245032040586841,0.17789178414216666,LFP,40
345.6773977673812,3.2473521426263416,0.20096768824168268,LFP,40
385.3694425435416,3.2392822560228542,0.22404359234119858,LFP,40
425.061487319702,3.225842359554489,0.2471194964407145,LFP,40
464.7535320958624,3.2335472088396724,0.2701954005402304,LFP,40
544.1376216481831,3.2131998981619088,0.3163472087392623,LFP,40
623.5217112005039,3.199520608334996,0.36249901693829417,LFP,40
702.9058007528247,3.205008869772961,0.408650825137326,LFP,40
782.2898903051455,3.2046676889320627,0.4548026333363579,LFP,40
861.6739798574663,3.205057568056852,0.5009544415353897,LFP,40
941.0580694097872,3.207197386351845,0.5471062497344216,LFP,40
1020.442158962108,3.199651929842775,0.5932580579334534,LFP,40
1179.2103380667495,3.205680571616432,0.6855616743315172,LFP,40
1337.978517171391,3.205426396983728,0.7778652907295809,LFP,40
1496.7466962760327,3.2033525663186775,0.8701689071276445,LFP,40
1655.5148753806743,3.1854480615068157,0.9624725235257086,LFP,40
1814.283054485316,3.1667103664886844,1.054776139923772,LFP,40
1973.0512335899575,3.1296164316392248,1.1470797563218358,LFP,40
2131.819412694599,3.1149017774459913,1.2393833727198995,LFP,40
2290.5875917992407,3.0943946996082237,1.331686989117963,LFP,40
2608.123950008524,2.9482532576374765,1.516294221914091,LFP,40
2893.9066723968785,2.6362535415349946,1.6824407314306054,LFP,40
2941.9693959033148,2.499292763804809,1.7103831265541294,LFP,40
0.0,3.5194059643115807,0.0,LFP,41
0.0024226101547949,3.515141649973099,1.3802807660203168e-06,LFP,41
0.0048452203095898,3.5136010800056607,2.7605615320406335e-06,LFP,41
0.0096904406191797,3.5184852899192145,5.521123064081267e-06,LFP,41
0.0193808812383595,3.5163980885041273,1.1042246128162534e-05,LFP,41
0.0387617624767191,3.5070124370012383,2.2084492256325068e-05,LFP,41
0.0775235249534382,3.5118033694276756,4.4168984512650137e-05,LFP,41
0.1550470499068764,3.5132481569628107,8.833796902530029e-05,LFP,41
0.2325705748603146,3.5070746745829737,0.00013250695353789996,LFP,41
0.3876176247671911,3.481493694195133,0.0002208449225631963,LFP,41
0.5426646746740675,3.488217488680035,0.0003091828915884927,LFP,41
0.697711724580944,3.469784898863095,0.000397520860613789,LFP,41
0.8527587744878204,3.4684650514348228,0.00048585882963908533,LFP,41
1.0078058243946968,3.466521471395735,0.0005741967986643817,LFP,41
1.1628528743015734,3.458044571135026,0.0006625347676896781,LFP,41
1.4729469741153265,3.452139511776004,0.0008392107057402709,LFP,41
1.7830410739290792,3.436663742186364,0.0010158866437909528,LFP,41
2.093135173742832,3.4386019680062003,0.0011925625818415453,LFP,41
2.403229273556585,3.437923085307033,0.001369238519892138,LFP,41
2.713323373370338,3.4335926500800342,0.0015459144579427308,LFP,41
3.333511572997844,3.414799257905459,0.0018992663340439162,LFP,41
3.9536997726253498,3.417219465453144,0.002252618210145102,LFP,41
4.573887972252855,3.4068422415919044,0.0026059700862462874,LFP,41
5.194076171880361,3.3932647978475425,0.002959321962347473,LFP,41
5.814264371507868,3.392928390769031,0.0033126738384487474,LFP,41
6.434452571135374,3.388133240661378,0.0036660257145499325,LFP,41
7.05464077076288,3.387862035735887,0.004019377590651118,LFP,41
8.295017170017893,3.3753228369756365,0.004726081342853489,LFP,41
9.535393569272903,3.3764816664573387,0.005432785095055949,LFP,41
10.775769968527918,3.360601235572847,0.00613948884725832,LFP,41
12.01614636778293,3.3595174778583208,0.006846192599460691,LFP,41
13.256522767037945,3.341574650318827,0.00755289635166315,LFP,41
15.737275565547966,3.336112141718531,0.008966303856067892,LFP,41
18.21802836405799,3.3330209007314875,0.010379711360472723,LFP,41
20.69878116256801,3.3115837829974994,0.011793118864877555,LFP,41
23.179533961078036,3.3047979510130654,0.013206526369282386,LFP,41
25.66028675958806,3.3058285537970695,0.014619933873687126,LFP,41
28.14103955809809,3.3019088023353063,0.016033341378091957,LFP,41
30.62179235660811,3.294727622916018,0.01744674888249679,LFP,41
33.102545155118136,3.2884340820185396,0.01886015638690153,LFP,41
38.064050752138186,3.2810083814592783,0.021686971395711192,LFP,41
43.02555634915824,3.2846369509981233,0.024513786404520767,LFP,41
47.98706194617829,3.270272351465084,0.027340601413330425,LFP,41
52.94856754319834,3.2671391276204123,0.03016741642214,LFP,41
57.91007314021839,3.280140366348917,0.032994231430949574,LFP,41
62.87157873723844,3.2554519853839357,0.03582104643975923,LFP,41
67.83308433425849,3.2666483233627024,0.038647861448568806,LFP,41
72.79458993127854,3.256398538394141,0.04147467645737847,LFP,41
77.75609552829859,3.2537213121174915,0.04430149146618804,LFP,41
82.71760112531864,3.260851233461154,0.04712830647499761,LFP,41
87.67910672233869,3.2563607820350304,0.04995512148380728,LFP,41
97.60211791637876,3.2530236307223532,0.05560875150142651,LFP,41
107.52512911041887,3.2558469567118675,0.06126238151904566,LFP,41
117.44814030445896,3.2546256142716175,0.06691601153666489,LFP,41
127.37115149849907,3.259977444504673,0.07256964155428412,LFP,41
137.29416269253915,3.2430821936319374,0.07822327157190336,LFP,41
147.21717388657927,3.2489587276144927,0.0838769015895226,LFP,41
167.06319627465945,3.2384348413601813,0.09518416162476098,LFP,41
186.90921866273965,3.254434524768478,0.10649142165999945,LFP,41
206.75524105081985,3.253851380481728,0.1177986816952379,LFP,41
226.60126343890005,3.2506089002571907,0.1291059417304763,LFP,41
266.2933082150604,3.2451902128775365,0.15172046180095314,LFP,41
305.9853529912208,3.2448195830060094,0.17433498187142998,LFP,41
345.6773977673812,3.2441781588077956,0.1969495019419069,LFP,41
385.3694425435416,3.23787129730482,0.21956402201238376,LFP,41
425.061487319702,3.232295222680882,0.2421785420828606,LFP,41
464.7535320958624,3.2234760674584915,0.2647930621533375,LFP,41
544.1376216481831,3.2117876613049128,0.3100221022942912,LFP,41
623.5217112005039,3.2103998321754044,0.35525114243524497,LFP,41
702.9058007528247,3.201301046914447,0.40048018257619866,LFP,41
782.2898903051455,3.2159628628761374,0.4457092227171524,LFP,41
861.6739798574663,3.205512042375705,0.49093826285810616,LFP,41
941.0580694097872,3.197400034380762,0.5361673029990599,LFP,41
1020.442158962108,3.2091924904419034,0.5813963431400136,LFP,41
1179.2103380667495,3.2004135556308406,0.671854423421921,LFP,41
1337.978517171391,3.2007971672410243,0.7623125037038285,LFP,41
1496.7466962760327,3.206209557485788,0.8527705839857359,LFP,41
1655.5148753806743,3.188929606483415,0.9432286642676437,LFP,41
1814.283054485316,3.1575426940636224,1.033686744549551,LFP,41
1973.0512335899575,3.1318537381840463,1.1241448248314585,LFP,41
2131.819412694599,3.1092816664148812,1.214602905113366,LFP,41
2290.5875917992407,3.1002021535491826,1.305060985395273,LFP,41
2608.123950008524,2.94849246108155,1.4859771459590885,LFP,41
2893.9066723968785,2.6381963475800014,1.6488016904665217,LFP,41
2941.9693959033148,2.5064079337740837,1.6761854000110323,LFP,41
0.0,3.517237439323346,0.0,LFP,42
0.0024226101547949,3.513504242874201,1.2529064360632121e-06,LFP,42
0.0048452203095898,3.516955832349043,2.5058128721264242e-06,LFP,42
0.0096904406191797,3.5118163117918892,5.0116257442528485e-06,LFP,42
0.0193808812383595,3.5145425408662456,1.0023251488505697e-05,LFP,42
0.0387617624767191,3.499236499779907,2.0046502977011394e-05,LFP,42
0.0775235249534382,3.512121389511771,4.009300595402279e-05,LFP,42
0.1550470499068764,3.5058156412236796,8.018601190804559e-05,LFP,42
0.2325705748603146,3.4971179514627666,0.00012027901786202256,LFP,42
0.3876176247671911,3.491356761471404,0.00020046502977006457,LFP,42
0.5426646746740675,3.4832284024160725,0.00028065104167810664,LFP,42
0.697711724580944,3.478757350031835,0.0003608370535861486,LFP,42
0.8527587744878204,3.4791119949429246,0.0004410230654941906,LFP,42
1.0078058243946968,3.4703140755417663,0.0005212090774022326,LFP,42
1.1628528743015734,3.451282090932249,0.0006013950893102747,LFP,42
1.4729469741153265,3.4616810377430385,0.0007617671131263588,LFP,42
1.7830410739290792,3.4432225055288965,0.0009221391369425238,LFP,42
2.093135173742832,3.444127051495213,0.0010825111607586078,LFP,42
2.403229273556585,3.4321110197313005,0.0012428831845746919,LFP,42
2.713323373370338,3.442177626632109,0.001403255208390776,LFP,42
3.333511572997844,3.425879644336584,0.0017239992560229439,LFP,42
3.9536997726253498,3.418122461099814,0.0020447433036551122,LFP,42
4.573887972252855,3.4034860384101044,0.0023654873512872804,LFP,42
5.194076171880361,3.4095316823294772,0.0026862313989194486,LFP,42
5.814264371507868,3.394100102028099,0.0030069754465516974,LFP,42
6.434452571135374,3.3829816943632225,0.003327719494183865,LFP,42
7.05464077076288,3.3838576155969875,0.0036484635418160332,LFP,42
8.295017170017893,3.368047678773438,0.0042899516370803695,LFP,42
9.535393569272903,3.3759389956520454,0.0049314397323447865,LFP,42
10.775769968527918,3.3652988562551114,0.005572927827609124,LFP,42
12.01614636778293,3.3571371534728365,0.00621441592287346,LFP,42
13.256522767037945,3.350104171757689,0.006855904018137876,LFP,42
15.737275565547966,3.3389927162104938,0.008138880208666549,LFP,42
18.21802836405799,3.32991067321326,0.009421856399195301,LFP,42
20.69878116256801,3.3192979446250503,0.010704832589724055,LFP,42
23.179533961078036,3.31718369710795,0.011987808780252808,LFP,42
25.66028675958806,3.3108774056043573,0.01327078497078148,LFP,42
28.14103955809809,3.299917470983976,0.014553761161310234,LFP,42
30.62179235660811,3.295964074066261,0.01583673735183899,LFP,42
33.102545155118136,3.2910494274730233,0.01711971354236766,LFP,42
38.064050752138186,3.287408238010659,0.019685665923425168,LFP,42
43.02555634915824,3.277727587292801,0.022251618304482593,LFP,42
47.98706194617829,3.284943381089766,0.024817570685540098,LFP,42
52.94856754319834,3.2602246159523647,0.027383523066597526,LFP,42
57.91007314021839,3.262888174037818,0.02994947544765495,LFP,42
62.87157873723844,3.26122727177466,0.03251542782871246,LFP,42
67.83308433425849,3.257717147519196,0.035081380209769884,LFP,42
72.79458993127854,3.263537431434533,0.03764733259082739,LFP,42
77.75609552829859,3.2595448723211975,0.04021328497188482,LFP,42
82.71760112531864,3.255593178450784,0.042779237352942236,LFP,42
87.67910672233869,3.2542685946651,0.045345189733999744,LFP,42
97.60211791637876,3.252323269163618,0.05047709449611468,LFP,42
107.52512911041887,3.251545155337709,0.055608999258229534,LFP,42
117.44814030445896,3.2527508317378317,0.06074090402034446,LFP,42
127.37115149849907,3.2514235565835556,0.0658728087824594,LFP,42
137.29416269253915,3.2474112633462506,0.07100471354457433,LFP,42
147.21717388657927,3.250886644653126,0.07613661830668926,LFP,42
167.06319627465945,3.2422043957330757,0.08640042783091904,LFP,42
186.90921866273965,3.244440202670023,0.09666423735514891,LFP,42
206.75524105081985,3.2429617449230674,0.10692804687937876,LFP,42
226.60126343890005,3.240306294439383,0.11719185640360856,LFP,42
266.2933082150604,3.2459971581585267,0.13771947545206822,LFP,42
305.9853529912208,3.2492139607769683,0.15824709450052785,LFP,42
345.6773977673812,3.2386697862929306,0.17877471354898758,LFP,42
385.3694425435416,3.239258710488993,0.19930233259744723,LFP,42
425.061487319702,3.2295049527716975,0.21982995164590688,LFP,42
464.7535320958624,3.226321689687139,0.24035757069436653,LFP,42
544.1376216481831,3.2154603933036654,0.2814128087912859,LFP,42
623.5217112005039,3.210301293195679,0.32246804688820524,LFP,42
702.9058007528247,3.20680583137651,0.3635232849851245,LFP,42
782.2898903051455,3.1994903788613964,0.4045785230820439,LFP,42
861.6739798574663,3.205615292357921,0.4456337611789632,LFP,42
941.0580694097872,3.1960363366370013,0.48668899927588255,LFP,42
1020.442158962108,3.209125498642185,0.5277442373728018,LFP,42
1179.2103380667495,3.20429521533612,0.6098547135666404,LFP,42
1337.978517171391,3.202923200309304,0.6919651897604792,LFP,42
1496.7466962760327,3.1986269511330647,0.7740756659543178,LFP,42
1655.5148753806743,3.1898892051117342,0.8561861421481567,LFP,42
1814.283054485316,3.153190803063102,0.9382966183419952,LFP,42
1973.0512335899575,3.130441657342481,1.020407094535834,LFP,42
2131.819412694599,3.1149766440861706,1.1025175707296724,LFP,42
2290.5875917992407,3.0991283549799244,1.1846280469235109,LFP,42
2608.123950008524,2.9648412502921477,1.3488489993111885,LFP,42
2893.9066723968785,2.6368143460976152,1.496647856460098,LFP,42
2941.9693959033148,2.4893482451055116,1.5215045571953585,LFP,42
0.0,3.520068601522407,0.0,LFP,43
0.0024226101547949,3.517857918243381,1.4440256008464053e-06,LFP,43
0.0048452203095898,3.5216809323536022,2.8880512016928105e-06,LFP,43
0.0096904406191797,3.512899043749653,5.776102403385621e-06,LFP,43
0.0193808812383595,3.517970350437214,1.1552204806771242e-05,LFP,43
0.0387617624767191,3.5281012335465154,2.3104409613542484e-05,LFP,43
0.0775235249534382,3.5144221732455794,4.620881922708497e-05,LFP,43
0.1550470499068764,3.503434349281427,9.241763845416995e-05,LFP,43
0.2325705748603146,3.49962153893531,0.0001386264576812021,LFP,43
0.3876176247671911,3.495945304985119,0.00023104409613536794,LFP,43
0.5426646746740675,3.4813639576548683,0.00032346173458953377,LFP,43
0.697711724580944,3.478736939747375,0.00041587937304369963,LFP,43
0.8527587744878204,3.481150242674411,0.0005082970114978654,LFP,43
1.0078058243946968,3.4671965791576316,0.0006007146499520312,LFP,43
1.1628528743015734,3.450387063019513,0.0006931322884061972,LFP,43
1.4729469741153265,3.4549984058203544,0.0008779675653145289,LFP,43
1.7830410739290792,3.45775445007856,0.0010628028422229538,LFP,43
2.093135173742832,3.4422613237144652,0.0012476381191312855,LFP,43
2.403229273556585,3.4333427119605386,0.0014324733960396172,LFP,43
2.713323373370338,3.4302159509715255,0.001617308672947949,LFP,43
3.333511572997844,3.4272728522221216,0.001986979226764612,LFP,43
3.9536997726253498,3.413962160903696,0.0023566497805812756,LFP,43
4.573887972252855,3.4024701570662157,0.002726320334397939,LFP,43
5.194076171880361,3.390049636592438,0.0030959908882146024,LFP,43
5.814264371507868,3.3821716523582053,0.003465661442031359,LFP,43
6.434452571135374,3.390597518323447,0.003835331995848022,LFP,43
7.05464077076288,3.3929866086077376,0.0042050025496646855,LFP,43
8.295017170017893,3.375039731912491,0.004944343657298012,LFP,43
9.535393569272903,3.367070695888756,0.005683684764931432,LFP,43
10.775769968527918,3.3560154574847063,0.006423025872564759,LFP,43
12.01614636778293,3.350216029655287,0.007162366980198087,LFP,43
13.256522767037945,3.35257715668202,0.007901708087831505,LFP,43
15.737275565547966,3.3364593375356537,0.00938039030309816,LFP,43
18.21802836405799,3.3264895299297472,0.010859072518364906,LFP,43
20.69878116256801,3.317871744713415,0.012337754733631653,LFP,43
23.179533961078036,3.310331728438545,0.013816436948898399,LFP,43
25.66028675958806,3.3071763107718115,0.01529511916416505,LFP,43
28.14103955809809,3.301295545719226,0.0167738013794318,LFP,43
30.62179235660811,3.3027720054862706,0.018252483594698547,LFP,43
33.102545155118136,3.2898610442578256,0.0197311658099652,LFP,43
38.064050752138186,3.2808779759887075,0.022688530240498692,LFP,43
43.02555634915824,3.289924994030694,0.025645894671032093,LFP,43
47.98706194617829,3.275072307973486,0.028603259101565588,LFP,43
52.94856754319834,3.2618017623244935,0.031560623532098986,LFP,43
57.91007314021839,3.2649072571510827,0.034517987962632384,LFP,43
62.87157873723844,3.2572284185878964,0.03747535239316588,LFP,43
67.83308433425849,3.256981297630802,0.04043271682369928,LFP,43
72.79458993127854,3.2594801679361582,0.04339008125423278,LFP,43
77.75609552829859,3.2505932538016986,0.046347445684766175,LFP,43
82.71760112531864,3.2585554224799393,0.04930481011529957,LFP,43
87.67910672233869,3.252362303010871,0.05226217454583307,LFP,43
97.60211791637876,3.2544253749138545,0.05817690340689996,LFP,43
107.52512911041887,3.2483801062661093,0.06409163226796677,LFP,43
117.44814030445896,3.254867091000395,0.07000636112903365,LFP,43
127.37115149849907,3.25005576543858,0.07592108999010055,LFP,43
137.29416269253915,3.2430964945344174,0.08183581885116743,LFP,43
147.21717388657927,3.246997858571735,0.08775054771223434,LFP,43
167.06319627465945,3.242267636686647,0.09958000543436804,LFP,43
186.90921866273965,3.2411289540872006,0.11140946315650183,LFP,43
206.75524105081985,3.2475708212724843,0.1232389208786356,LFP,43
226.60126343890005,3.2514870041081507,0.13506837860076928,LFP,43
266.2933082150604,3.2453870332238566,0.1587272940450368,LFP,43
305.9853529912208,3.2380466998909245,0.18238620948930426,LFP,43
345.6773977673812,3.238768215693955,0.20604512493357183,LFP,43
385.3694425435416,3.2403320345325275,0.2297040403778393,LFP,43
425.061487319702,3.233080792158949,0.2533629558221068,LFP,43
464.7535320958624,3.219165787089734,0.2770218712663743,LFP,43
544.1376216481831,3.2114574053695377,0.3243397021549093,LFP,43
623.5217112005039,3.215964847360518,0.37165753304344434,LFP,43
702.9058007528247,3.2095283827617647,0.41897536393197926,LFP,43
782.2898903051455,3.207672588772929,0.4662931948205143,LFP,43
861.6739798574663,3.2099926726693595,0.5136110257090493,LFP,43
941.0580694097872,3.2080922032334995,0.5609288565975843,LFP,43
1020.442158962108,3.2067336486827798,0.6082466874861193,LFP,43
1179.2103380667495,3.207581460894412,0.7028823492631893,LFP,43
1337.978517171391,3.1947648351425357,0.7975180110402592,LFP,43
1496.7466962760327,3.1930400546039723,0.8921536728173292,LFP,43
1655.5148753806743,3.185325932488333,0.9867893345943995,LFP,43
1814.283054485316,3.1646461178516203,1.0814249963714693,LFP,43
1973.0512335899575,3.1414970640200743,1.1760606581485393,LFP,43
2131.819412694599,3.1190163630242704,1.2706963199256094,LFP,43
2290.5875917992407,3.100695952562947,1.365331981702679,LFP,43
2608.123950008524,2.9512561692180537,1.5546033052568196,LFP,43
2893.9066723968785,2.6448859763372217,1.7249474964555453,LFP,43
2941.9693959033148,2.4965912729919446,1.7535958545301324,LFP,43
0.0,3.51800791496834,0.0,LFP,44
0.0024226101547949,3.5159287842937497,1.4598117916044282e-06,LFP,44
0.0048452203095898,3.522638595415549,2.9196235832088564e-06,LFP,44
0.0096904406191797,3.5224736547168645,5.839247166417713e-06,LFP,44
0.0193808812383595,3.50805924943062,1.1678494332835425e-05,LFP,44
0.0387617624767191,3.5194506988381344,2.335698866567085e-05,LFP,44
0.0775235249534382,3.508602513090535,4.67139773313417e-05,LFP,44
0.1550470499068764,3.5076515723917927,9.342795466268342e-05,LFP,44
0.2325705748603146,3.498506605020167,0.00014014193199397173,LFP,44
0.3876176247671911,3.4834151368518507,0.00023356988665665097,LFP,44
0.5426646746740675,3.4946059229595408,0.00032699784131933027,LFP,44
0.697711724580944,3.471458099446293,0.00042042579598200946,LFP,44
0.8527587744878204,3.4710698400331377,0.0005138537506446888,LFP,44
1.0078058243946968,3.469351228906623,0.0006072817053073679,LFP,44
1.1628528743015734,3.4661094723673087,0.0007007096599700472,LFP,44
1.4729469741153265,3.4584056229713633,0.0008875655692954058,LFP,44
1.7830410739290792,3.450151145466656,0.0010744214786208588,LFP,44
2.093135173742832,3.431429460303208,0.0012612773879462171,LFP,44
2.403229273556585,3.4430893701530545,0.0014481332972715755,LFP,44
2.713323373370338,3.4226395323255194,0.0016349892065969341,LFP,44
3.333511572997844,3.4210058828086667,0.002008701025247651,LFP,44
3.9536997726253498,3.403312421666202,0.0023824128438983683,LFP,44
4.573887972252855,3.409086193989933,0.0027561246625490855,LFP,44
5.194076171880361,3.4024150607543695,0.0031298364811998027,LFP,44
5.814264371507868,3.3987154157304875,0.0035035482998506135,LFP,44
6.434452571135374,3.3901543922419886,0.0038772601185013303,LFP,44
7.05464077076288,3.3856259020152937,0.004250971937152048,LFP,44
8.295017170017893,3.37326149702775,0.004998395574453481,LFP,44
9.535393569272903,3.363207167812322,0.00574581921175501,LFP,44
10.775769968527918,3.3609216589698594,0.006493242849056445,LFP,44
12.01614636778293,3.3501120900196466,0.007240666486357879,LFP,44
13.256522767037945,3.3497464685251335,0.007988090123659405,LFP,44
15.737275565547966,3.341886774862869,0.009482937398262274,LFP,44
18.21802836405799,3.3283264737854408,0.010977784672865237,LFP,44
20.69878116256801,3.3207911140261026,0.012472631947468199,LFP,44
23.179533961078036,3.310666449223717,0.013967479222071161,LFP,44
25.66028675958806,3.3079265473892177,0.015462326496674028,LFP,44
28.14103955809809,3.299745458322542,0.016957173771276993,LFP,44
30.62179235660811,3.3009980501565748,0.018452021045879955,LFP,44
33.102545155118136,3.294032780163703,0.019946868320482824,LFP,44
38.064050752138186,3.2768892658022652,0.02293656286968875,LFP,44
43.02555634915824,3.2752863218100785,0.02592625741889458,LFP,44
47.98706194617829,3.2770804258532826,0.0289159519681005,LFP,44
52.94856754319834,3.265798043394695,0.03190564651730633,LFP,44
57.91007314021839,3.261386432466825,0.03489534106651216,LFP,44
62.87157873723844,3.256477983408961,0.03788503561571809,LFP,44
67.83308433425849,3.261433520095498,0.04087473016492392,LFP,44
72.79458993127854,3.2587884247343935,0.043864424714129845,LFP,44
77.75609552829859,3.2484858098693943,0.04685411926333567,LFP,44
82.71760112531864,3.2491851986182945,0.0498438138125415,LFP,44
87.67910672233869,3.2577708612692313,0.05283350836174743,LFP,44
97.60211791637876,3.250374794793107,0.058812897460159184,LFP,44
107.52512911041887,3.2481316261148483,0.06479228655857085,LFP,44
117.44814030445896,3.2481861207926555,0.0707716756569826,LFP,44
127.37115149849907,3.2541393439640918,0.07675106475539437,LFP,44
137.29416269253915,3.2473200489412477,0.0827304538538061,LFP,44
147.21717388657927,3.2482587249342827,0.08870984295221787,LFP,44
167.06319627465945,3.244856756600991,0.10066862114904129,LFP,44
186.90921866273965,3.2531958805557997,0.1126273993458648,LFP,44
206.75524105081985,3.2494298085128865,0.1245861775426883,LFP,44
226.60126343890005,3.252112960595551,0.13654495573951173,LFP,44
266.2933082150604,3.241111075013738,0.16046251213315865,LFP,44
305.9853529912208,3.2408255458956163,0.18438006852680558,LFP,44
345.6773977673812,3.2381673368241723,0.2082976249204526,LFP,44
385.3694425435416,3.232349401200632,0.23221518131409952,LFP,44
425.061487319702,3.228047748163581,0.2561327377077464,LFP,44
464.7535320958624,3.2275588297486064,0.28005029410139337,LFP,44
544.1376216481831,3.2015952806668255,0.32788540688868734,LFP,44
623.5217112005039,3.211773629572796,0.3757205196759812,LFP,44
702.9058007528247,3.2065606936888553,0.42355563246327504,LFP,44
782.2898903051455,3.1976878432903937,0.47139074525056895,LFP,44
861.6739798574663,3.1965646275692463,0.5192258580378629,LFP,44
941.0580694097872,3.2015590131460216,0.5670609708251567,LFP,44
1020.442158962108,3.2065953625874615,0.6148960836124506,LFP,44
1179.2103380667495,3.2097063699431927,0.7105663091870384,LFP,44
1337.978517171391,3.1973524101148336,0.8062365347616262,LFP,44
1496.7466962760327,3.1986687145555974,0.9019067603362139,LFP,44
1655.5148753806743,3.187999182661202,0.997576985910802,LFP,44
1814.283054485316,3.163223705282826,1.0932472114853895,LFP,44
1973.0512335899575,3.1356063589640213,1.1889174370599773,LFP,44
2131.819412694599,3.115833882325949,1.2845876626345651,LFP,44
2290.5875917992407,3.1046567440996964,1.3802578882091527,LFP,44
2608.123950008524,2.956023749289515,1.5715983393583286,LFP,44
2893.9066723968785,2.6383843097510105,1.7438047453925865,LFP,44
2941.9693959033148,2.5036338086662253,1.772766289358895,LFP,44
0.0,3.519909789668238,0.0,LFP,45
0.0024226101547949,3.514058569246852,1.426308189530602e-06,LFP,45
0.0048452203095898,3.509179717457318,2.852616379061204e-06,LFP,45
0.0096904406191797,3.523839241471718,5.705232758122408e-06,LFP,45
0.0193808812383595,3.5161035523845996,1.1410465516244816e-05,LFP,45
0.0387617624767191,3.5139593737816748,2.282093103248963e-05,LFP,45
0.0775235249534382,3.509185449539041,4.564186206497926e-05,LFP,45
0.1550470499068764,3.5084327130852198,9.128372412995854e-05,LFP,45
0.2325705748603146,3.505084693764181,0.00013692558619488564,LFP,45
0.3876176247671911,3.4938466947988354,0.0002282093103248401,LFP,45
0.5426646746740675,3.484176782764003,0.0003194930344547946,LFP,45
0.697711724580944,3.474805680016974,0.00041077675858474907,LFP,45
0.8527587744878204,3.4795193975557765,0.0005020604827147035,LFP,45
1.0078058243946968,3.4690915482128073,0.000593344206844658,LFP,45
1.1628528743015734,3.4659616134695006,0.0006846279309746125,LFP,45
1.4729469741153265,3.454087769187993,0.0008671953792345215,LFP,45
1.7830410739290792,3.453532704997711,0.0010497628274945226,LFP,45
2.093135173742832,3.4397195067399986,0.0012323302757544315,LFP,45
2.403229273556585,3.4322700026761654,0.0014148977240143405,LFP,45
2.713323373370338,3.4273997595560726,0.0015974651722742495,LFP,45
3.333511572997844,3.4344670048362116,0.0019626000687940673,LFP,45
3.9536997726253498,3.413991662474551,0.0023277349653138854,LFP,45
4.573887972252855,3.3959675755579988,0.0026928698618337034,LFP,45
5.194076171880361,3.403310114117924,0.0030580047583535215,LFP,45
5.814264371507868,3.3941063338784354,0.003423139654873431,LFP,45
6.434452571135374,3.3937568449995603,0.0037882745513932487,LFP,45
7.05464077076288,3.377024350430848,0.004153409447913067,LFP,45
8.295017170017893,3.39045483754708,0.004883679240952703,LFP,45
9.535393569272903,3.3704996625814108,0.00561394903399243,LFP,45
10.775769968527918,3.3614452463455957,0.0063442188270320665,LFP,45
12.01614636778293,3.3560375651736924,0.007074488620071703,LFP,45
13.256522767037945,3.342077109412436,0.00780475841311143,LFP,45
15.737275565547966,3.3292425925075935,0.009265297999190701,LFP,45
18.21802836405799,3.3347843303881795,0.010725837585270065,LFP,45
20.69878116256801,3.3192000559373165,0.01218637717134943,LFP,45
23.179533961078036,3.324810963605463,0.013646916757428794,LFP,45
25.66028675958806,3.3127310902544727,0.015107456343508064,LFP,45
28.14103955809809,3.297283455447159,0.01656799592958743,LFP,45
30.62179235660811,3.2948417494761206,0.018028535515666792,LFP,45
33.102545155118136,3.2943441020975923,0.019489075101746065,LFP,45
38.064050752138186,3.28450841839623,0.022410154273904793,LFP,45
43.02555634915824,3.2844352255659217,0.025331233446063427,LFP,45
47.98706194617829,3.2710189240019933,0.028252312618222156,LFP,45
52.94856754319834,3.2667885222606374,0.03117339179038079,LFP,45
57.91007314021839,3.2651059271970406,0.034094470962539425,LFP,45
62.87157873723844,3.262244639569958,0.03701555013469816,LFP,45
67.83308433425849,3.262558397527101,0.03993662930685679,LFP,45
72.79458993127854,3.2613490141937325,0.042857708479015516,LFP,45
77.75609552829859,3.2554212357640253,0.04577878765117415,LFP,45
82.71760112531864,3.2596177601941814,0.048699866823332785,LFP,45
87.67910672233869,3.249531443721498,0.05162094599549152,LFP,45
97.60211791637876,3.2552355003558016,0.057463104339808876,LFP,45
107.52512911041887,3.2552086521800545,0.06330526268412615,LFP,45
117.44814030445896,3.2514110956745643,0.06914742102844351,LFP,45
127.37115149849907,3.2522937205550013,0.07498957937276088,LFP,45
137.29416269253915,3.244264228901236,0.08083173771707823,LFP,45
147.21717388657927,3.2454471298311427,0.0866738960613956,LFP,45
167.06319627465945,3.2423221159283826,0.09835821275003023,LFP,45
186.90921866273965,3.2461655898383146,0.11004252943866497,LFP,45
206.75524105081985,3.236799612134093,0.12172684612729968,LFP,45
226.60126343890005,3.2570114457907042,0.13341116281593432,LFP,45
266.2933082150604,3.2559218827746412,0.1567797961932037,LFP,45
305.9853529912208,3.2431465309617726,0.18014842957047303,LFP,45
345.6773977673812,3.2412024105840063,0.2035170629477425,LFP,45
385.3694425435416,3.2434291357683502,0.22688569632501185,LFP,45
425.061487319702,3.2312469684062024,0.2502543297022812,LFP,45
464.7535320958624,3.2241146880526594,0.2736229630795506,LFP,45
544.1376216481831,3.2103602644483975,0.32036022983408935,LFP,45
623.5217112005039,3.215784284229322,0.3670974965886281,LFP,45
702.9058007528247,3.2094565552306964,0.4138347633431668,LFP,45
782.2898903051455,3.2031907124624226,0.46057203009770564,LFP,45
861.6739798574663,3.2063044796669686,0.5073092968522444,LFP,45
941.0580694097872,3.2058047643158667,0.5540465636067832,LFP,45
1020.442158962108,3.203900114539257,0.6007838303613219,LFP,45
1179.2103380667495,3.198049529629577,0.6942583638703994,LFP,45
1337.978517171391,3.1984129664846215,0.7877328973794769,LFP,45
1496.7466962760327,3.1841134206057453,0.8812074308885542,LFP,45
1655.5148753806743,3.183049255338073,0.9746819643976322,LFP,45
1814.283054485316,3.1621006486207976,1.0681564979067095,LFP,45
1973.0512335899575,3.1346906184426038,1.161631031415787,LFP,45
2131.819412694599,3.116777807309491,1.2551055649248646,LFP,45
2290.5875917992407,3.095352998732278,1.3485800984339418,LFP,45
2608.123950008524,2.9550773357669278,1.5355291654520973,LFP,45
2893.9066723968785,2.6423374614277946,1.7037833257684365,LFP,45
2941.9693959033148,2.5004198292066,1.7320801840197295,LFP,45
0.0,3.5178465053512236,0.0,LFP,46
0.0024226101547949,3.522900189892757,1.3006782514935236e-06,LFP,46
0.0048452203095898,3.52034111059757,2.6013565029870472e-06,LFP,46
0.0096904406191797,3.510935700802083,5.2027130059740945e-06,LFP,46
0.0193808812383595,3.5220485179572023,1.0405426011948189e-05,LFP,46
0.0387617624767191,3.512861449483888,2.0810852023896378e-05,LFP,46
0.0775235249534382,3.514533083795979,4.1621704047792756e-05,LFP,46
0.1550470499068764,3.5079010015482184,8.324340809558553e-05,LFP,46
0.2325705748603146,3.4992993367661342,0.00012486511214333072,LFP,46
0.3876176247671911,3.489052424871109,0.0002081085202389125,LFP,46
0.5426646746740675,3.493667641150585,0.00029135192833449437,LFP,46
0.697711724580944,3.47468428978754,0.00037459533643007615,LFP,46
0.8527587744878204,3.476091141748838,0.00045783874452565794,LFP,46
1.0078058243946968,3.4710360731161805,0.0005410821526212398,LFP,46
1.1628528743015734,3.4590740029980784,0.0006243255607168216,LFP,46
1.4729469741153265,3.448188861455686,0.0007908123769079853,LFP,46
1.7830410739290792,3.4456048943049122,0.000957299193099233,LFP,46
2.093135173742832,3.447494461074073,0.0011237860092903965,LFP,46
2.403229273556585,3.433825275215718,0.0012902728254815601,LFP,46
2.713323373370338,3.43230617715498,0.0014567596416727238,LFP,46
3.333511572997844,3.430703282430485,0.001789733274055051,LFP,46
3.9536997726253498,3.4143830634425,0.0021227069064373785,LFP,46
4.573887972252855,3.413085164130057,0.002455680538819706,LFP,46
5.194076171880361,3.401831232467899,0.0027886541712020332,LFP,46
5.814264371507868,3.3942746065454896,0.0031216278035844443,LFP,46
6.434452571135374,3.386724022284615,0.003454601435966771,LFP,46
7.05464077076288,3.385388929052685,0.0037875750683490986,LFP,46
8.295017170017893,3.370887819848463,0.004453522333113753,LFP,46
9.535393569272903,3.3780627176593216,0.005119469597878492,LFP,46
10.775769968527918,3.3696280304141055,0.005785416862643147,LFP,46
12.01614636778293,3.363718193945578,0.0064513641274078016,LFP,46
13.256522767037945,3.3488443390077682,0.0071173113921725395,LFP,46
15.737275565547966,3.333876928498777,0.008449205921701848,LFP,46
18.21802836405799,3.325710994838242,0.00978110045123124,LFP,46
20.69878116256801,3.323842258785374,0.011112994980760635,LFP,46
23.179533961078036,3.308958767551953,0.012444889510290028,LFP,46
25.66028675958806,3.3089259154014545,0.013776784039819336,LFP,46
28.14103955809809,3.3074920493735616,0.01510867856934873,LFP,46
30.62179235660811,3.2940302013281273,0.016440573098878124,LFP,46
33.102545155118136,3.296429630484988,0.017772467628407434,LFP,46
38.064050752138186,3.2865627544247307,0.02043625668746622,LFP,46
43.02555634915824,3.271638263493607,0.02310004574652492,LFP,46
47.98706194617829,3.2767473451249343,0.025763834805583707,LFP,46
52.94856754319834,3.262070141734434,0.028427623864642412,LFP,46
57.91007314021839,3.2615959346349905,0.03109141292370111,LFP,46
62.87157873723844,3.2613573279124273,0.0337552019827599,LFP,46
67.83308433425849,3.268355832639243,0.0364189910418186,LFP,46
72.79458993127854,3.250745987653351,0.03908278010087739,LFP,46
77.75609552829859,3.2472823014736045,0.04174656915993609,LFP,46
82.71760112531864,3.253929887071555,0.04441035821899479,LFP,46
87.67910672233869,3.253212314146924,0.04707414727805358,LFP,46
97.60211791637876,3.2476829745670606,0.052401725396171064,LFP,46
107.52512911041887,3.2472929370624297,0.057729303514288476,LFP,46
117.44814030445896,3.246171818019802,0.06305688163240596,LFP,46
127.37115149849907,3.2448965219667394,0.06838445975052344,LFP,46
137.29416269253915,3.246159777782856,0.07371203786864093,LFP,46
147.21717388657927,3.2518749811469267,0.07903961598675843,LFP,46
167.06319627465945,3.25052014191103,0.08969477222299332,LFP,46
186.90921866273965,3.25245085079597,0.1003499284592283,LFP,46
206.75524105081985,3.2508246876408293,0.11100508469546326,LFP,46
226.60126343890005,3.2423837281093117,0.12166024093169817,LFP,46
266.2933082150604,3.2493105076970688,0.14297055340416803,LFP,46
305.9853529912208,3.246151712395474,0.1642808658766379,LFP,46
345.6773977673812,3.2471592155825633,0.18559117834910785,LFP,46
385.3694425435416,3.237695522354225,0.20690149082157772,LFP,46
425.061487319702,3.2354039084575086,0.22821180329404758,LFP,46
464.7535320958624,3.2258219705833717,0.24952211576651748,LFP,46
544.1376216481831,3.216791395516263,0.2921427407114573,LFP,46
623.5217112005039,3.2095122553405333,0.334763365656397,LFP,46
702.9058007528247,3.212823403352794,0.37738399060133676,LFP,46
782.2898903051455,3.2090787843629816,0.4200046155462766,LFP,46
861.6739798574663,3.208365962475102,0.46262524049121634,LFP,46
941.0580694097872,3.1976037636030665,0.5052458654361561,LFP,46
1020.442158962108,3.2056619371658717,0.5478664903810959,LFP,46
1179.2103380667495,3.2006888094690025,0.6331077402709754,LFP,46
1337.978517171391,3.198797606874046,0.718348990160855,LFP,46
1496.7466962760327,3.197769454743161,0.8035902400507344,LFP,46
1655.5148753806743,3.188152696936847,0.8888314899406143,LFP,46
1814.283054485316,3.1579718815838915,0.9740727398304937,LFP,46
1973.0512335899575,3.1319780834607847,1.0593139897203732,LFP,46
2131.819412694599,3.121074816457964,1.1445552396102527,LFP,46
2290.5875917992407,3.0889472899145507,1.229796489500132,LFP,46
2608.123950008524,2.94890030168665,1.4002789892798915,LFP,46
2893.9066723968785,2.641169933712479,1.5537132390816746,LFP,46
2941.9693959033148,2.5075514172542857,1.5795176959187094,LFP,46
0.0,3.5095381623141284,0.0,LFP,47
0.0024226101547949,3.533464892431956,1.513562709287521e-06,LFP,47
0.0048452203095898,3.5160184633508993,3.027125418575042e-06,LFP,47
0.0096904406191797,3.5246824963907706,6.054250837150084e-06,LFP,47
0.0193808812383595,3.5163562436246103,1.2108501674300168e-05,LFP,47
0.0387617624767191,3.515511546434392,2.4217003348600337e-05,LFP,47
0.0775235249534382,3.5047951647798143,4.843400669720067e-05,LFP,47
0.1550470499068764,3.5120322355852926,9.686801339440136e-05,LFP,47
0.2325705748603146,3.493571831241251,0.00014530202009154668,LFP,47
0.3876176247671911,3.4859310562456125,0.0002421700334859437,LFP,47
0.5426646746740675,3.4926959455335704,0.00033903804688034076,LFP,47
0.697711724580944,3.4759324761681585,0.0004359060602747378,LFP,47
0.8527587744878204,3.4732885049528948,0.0005327740736691348,LFP,47
1.0078058243946968,3.462691952429842,0.0006296420870635319,LFP,47
1.1628528743015734,3.4605152926191356,0.000726510100457929,LFP,47
1.4729469741153265,3.4518372650783853,0.0009202461272467231,LFP,47
1.7830410739290792,3.45183833539425,0.0011139821540356151,LFP,47
2.093135173742832,3.446253286505181,0.0013077181808244089,LFP,47
2.403229273556585,3.4309088258592797,0.001501454207613203,LFP,47
2.713323373370338,3.4254557613066194,0.0016951902344019972,LFP,47
3.333511572997844,3.423232833489905,0.0020826622879795854,LFP,47
3.9536997726253498,3.415109657129191,0.0024701343415571737,LFP,47
4.573887972252855,3.4046323372950384,0.002857606395134762,LFP,47
5.194076171880361,3.402436052798125,0.0032450784487123505,LFP,47
5.814264371507868,3.3927722900658774,0.003632550502290036,LFP,47
6.434452571135374,3.393628602762025,0.004020022555867624,LFP,47
7.05464077076288,3.3817368136229486,0.004407494609445213,LFP,47
8.295017170017893,3.3672548477496855,0.0051824387166003886,LFP,47
9.535393569272903,3.3662666537829478,0.005957382823755663,LFP,47
10.775769968527918,3.3554533363755246,0.00673232693091084,LFP,47
12.01614636778293,3.359225637324796,0.007507271038066016,LFP,47
13.256522767037945,3.3392474369290612,0.008282215145221289,LFP,47
15.737275565547966,3.333633209002415,0.009832103359531642,LFP,47
18.21802836405799,3.3253280986971756,0.011381991573842093,LFP,47
20.69878116256801,3.3249602948584682,0.012931879788152544,LFP,47
23.179533961078036,3.314976780897623,0.014481768002462994,LFP,47
25.66028675958806,3.3151140547384133,0.016031656216773344,LFP,47
28.14103955809809,3.3032999757302783,0.017581544431083798,LFP,47
30.62179235660811,3.2926713250833646,0.01913143264539425,LFP,47
33.102545155118136,3.292978820582867,0.020681320859704602,LFP,47
38.064050752138186,3.281648354647389,0.023781097288325503,LFP,47
43.02555634915824,3.2792629963231503,0.026880873716946307,LFP,47
47.98706194617829,3.2628150570193437,0.029980650145567205,LFP,47
52.94856754319834,3.2657834294749684,0.03308042657418801,LFP,47
57.91007314021839,3.2748540414000105,0.03618020300280881,LFP,47
62.87157873723844,3.26419522811986,0.03927997943142972,LFP,47
67.83308433425849,3.2595673837675436,0.042379755860050515,LFP,47
72.79458993127854,3.2520998284549263,0.04547953228867142,LFP,47
77.75609552829859,3.264231825052969,0.04857930871729222,LFP,47
82.71760112531864,3.248586219154475,0.051679085145913024,LFP,47
87.67910672233869,3.2481272733013284,0.054778861574533926,LFP,47
97.60211791637876,3.2513618926631676,0.06097841443177563,LFP,47
107.52512911041887,3.240361897704885,0.06717796728901725,LFP,47
117.44814030445896,3.246657301074449,0.07337752014625894,LFP,47
127.37115149849907,3.246680477607394,0.07957707300350066,LFP,47
137.29416269253915,3.2453284733536343,0.08577662586074235,LFP,47
147.21717388657927,3.2385230689616744,0.09197617871798405,LFP,47
167.06319627465945,3.2379605597788044,0.10437528443246738,LFP,47
186.90921866273965,3.2415013180157404,0.11677439014695078,LFP,47
206.75524105081985,3.2465182926542906,0.12917349586143417,LFP,47
226.60126343890005,3.2515849972913196,0.1415726015759175,LFP,47
266.2933082150604,3.2455816261390975,0.16637081300488424,LFP,47
305.9853529912208,3.249394718734411,0.19116902443385095,LFP,47
345.6773977673812,3.2435979557840233,0.21596723586281777,LFP,47
385.3694425435416,3.23887020501641,0.24076544729178448,LFP,47
425.061487319702,3.2357288732839473,0.26556365872075116,LFP,47
464.7535320958624,3.2185064301706814,0.2903618701497179,LFP,47
544.1376216481831,3.2185449126416374,0.33995829300765146,LFP,47
623.5217112005039,3.2053620473545834,0.38955471586558493,LFP,47
702.9058007528247,3.2092826122737406,0.43915113872351835,LFP,47
782.2898903051455,3.217775346031828,0.4887475615814519,LFP,47
861.6739798574663,3.2039750805745664,0.5383439844393854,LFP,47
941.0580694097872,3.2030592326963996,0.5879404072973188,LFP,47
1020.442158962108,3.2099538204732774,0.6375368301552523,LFP,47
1179.2103380667495,3.2040437968808173,0.7367296758711193,LFP,47
1337.978517171391,3.2061802933771313,0.8359225215869862,LFP,47
1496.7466962760327,3.1944295065472423,0.935115367302853,LFP,47
1655.5148753806743,3.1796329329275124,1.0343082130187204,LFP,47
1814.283054485316,3.1611376482266516,1.133501058734587,LFP,47
1973.0512335899575,3.1371430659981154,1.2326939044504541,LFP,47
2131.819412694599,3.1182856173503297,1.331886750166321,LFP,47
2290.5875917992407,3.098092781970521,1.4310795958821878,LFP,47
2608.123950008524,2.955142578160716,1.6294652873139222,LFP,47
2893.9066723968785,2.6410382759862556,1.8080124096024826,LFP,47
2941.9693959033148,2.503531141478019,1.8380403304638544,LFP,47
0.0,3.511269453801694,0.0,LFP,48
0.0024226101547949,3.515516868861411,1.2852596903878696e-06,LFP,48
0.0048452203095898,3.5225192882282177,2.5705193807757392e-06,LFP,48
0.0096904406191797,3.5202238289641508,5.1410387615514785e-06,LFP,48
0.0193808812383595,3.507318197862638,1.0282077523102957e-05,LFP,48
0.0387617624767191,3.515881600619085,2.0564155046205914e-05,LFP,48
0.0775235249534382,3.5115054804825068,4.112831009241183e-05,LFP,48
0.1550470499068764,3.5003582521534096,8.225662018482367e-05,LFP,48
0.2325705748603146,3.4930422851337157,0.0001233849302771885,LFP,48
0.3876176247671911,3.4909988871873074,0.00020564155046200847,LFP,48
0.5426646746740675,3.4850861561811004,0.0002878981706468285,LFP,48
0.697711724580944,3.484563777886733,0.0003701547908316485,LFP,48
0.8527587744878204,3.472313329614261,0.0004524114110164685,LFP,48
1.0078058243946968,3.4652660358904837,0.0005346680312012885,LFP,48
1.1628528743015734,3.45606403132558,0.0006169246513861085,LFP,48
1.4729469741153265,3.453919683502502,0.0007814378917557486,LFP,48
1.7830410739290792,3.4473474403119053,0.0009459511321254717,LFP,48
2.093135173742832,3.445516042895129,0.0011104643724951116,LFP,48
2.403229273556585,3.4384646705083886,0.0012749776128647516,LFP,48
2.713323373370338,3.4287116185349027,0.0014394908532343916,LFP,48
3.333511572997844,3.424737295783566,0.0017685173339736717,LFP,48
3.9536997726253498,3.418659637596558,0.002097543814712952,LFP,48
4.573887972252855,3.4024045780347945,0.002426570295452232,LFP,48
5.194076171880361,3.401787965138269,0.002755596776191512,LFP,48
5.814264371507868,3.402952375719382,0.003084623256930875,LFP,48
6.434452571135374,3.387335679203743,0.003413649737670155,LFP,48
7.05464077076288,3.3824724427317503,0.003742676218409435,LFP,48
8.295017170017893,3.3831703136564233,0.004400729179887995,LFP,48
9.535393569272903,3.3605697999833004,0.005058782141366638,LFP,48
10.775769968527918,3.355201621779826,0.0057168351028451985,LFP,48
12.01614636778293,3.363617609539914,0.0063748880643237586,LFP,48
13.256522767037945,3.3452124299702883,0.007032941025802401,LFP,48
15.737275565547966,3.337358733872029,0.008349046948759521,LFP,48
18.21802836405799,3.3262611830250206,0.009665152871716725,LFP,48
20.69878116256801,3.3237544955347698,0.010981258794673928,LFP,48
23.179533961078036,3.3145687072041374,0.012297364717631131,LFP,48
25.66028675958806,3.3080065357065447,0.01361347064058825,LFP,48
28.14103955809809,3.3053034467940843,0.014929576563545453,LFP,48
30.62179235660811,3.3003648383142705,0.01624568248650266,LFP,48
33.102545155118136,3.292073053138253,0.017561788409459777,LFP,48
38.064050752138186,3.2768781563424407,0.020194000255374184,LFP,48
43.02555634915824,3.2801935457223346,0.022826212101288507,LFP,48
47.98706194617829,3.268197353779345,0.025458423947202914,LFP,48
52.94856754319834,3.277040124313598,0.028090635793117238,LFP,48
57.91007314021839,3.2732701146983776,0.030722847639031558,LFP,48
62.87157873723844,3.2665020165705454,0.033355059484945965,LFP,48
67.83308433425849,3.26434300668925,0.03598727133086029,LFP,48
72.79458993127854,3.26168832001607,0.038619483176774695,LFP,48
77.75609552829859,3.256014141494682,0.04125169502268902,LFP,48
82.71760112531864,3.250068196603851,0.04388390686860334,LFP,48
87.67910672233869,3.250670918805298,0.046516118714517746,LFP,48
97.60211791637876,3.2518615769535137,0.051780542406346476,LFP,48
107.52512911041887,3.2503308899414662,0.05704496609817513,LFP,48
117.44814030445896,3.2562274681881056,0.062309389790003854,LFP,48
127.37115149849907,3.250456364961491,0.06757381348183258,LFP,48
137.29416269253915,3.25306092401419,0.07283823717366131,LFP,48
147.21717388657927,3.2467299979266664,0.07810266086549005,LFP,48
167.06319627465945,3.2481419654395634,0.08863150824914742,LFP,48
186.90921866273965,3.251909261563837,0.09916035563280488,LFP,48
206.75524105081985,3.2518615015047803,0.10968920301646233,LFP,48
226.60126343890005,3.242845449157448,0.12021805040011971,LFP,48
266.2933082150604,3.2437599429504766,0.14127574516743457,LFP,48
305.9853529912208,3.2395800851319643,0.16233343993474939,LFP,48
345.6773977673812,3.2355023419830373,0.1833911347020643,LFP,48
385.3694425435416,3.237692089507925,0.20444882946937915,LFP,48
425.061487319702,3.239259406853651,0.22550652423669396,LFP,48
464.7535320958624,3.2253313443447817,0.24656421900400882,LFP,48
544.1376216481831,3.2135202781384615,0.28867960853863855,LFP,48
623.5217112005039,3.2126959413165537,0.33079499807326823,LFP,48
702.9058007528247,3.209351125802676,0.3729103876078979,LFP,48
782.2898903051455,3.2202332787054395,0.41502577714252764,LFP,48
861.6739798574663,3.2036229519854,0.4571411666771574,LFP,48
941.0580694097872,3.2003678367316457,0.49925655621178705,LFP,48
1020.442158962108,3.2053938859518523,0.5413719457464168,LFP,48
1179.2103380667495,3.1999320537117297,0.6256027248156761,LFP,48
1337.978517171391,3.1981626976200714,0.7098335038849356,LFP,48
1496.7466962760327,3.1970872579904697,0.7940642829541948,LFP,48
1655.5148753806743,3.182602285728298,0.8782950620234546,LFP,48
1814.283054485316,3.1642448807299477,0.9625258410927139,LFP,48
1973.0512335899575,3.130162266000629,1.0467566201619734,LFP,48
2131.819412694599,3.11132017315943,1.1309873992312327,LFP,48
2290.5875917992407,3.100617663628505,1.2152181783004918,LFP,48
2608.123950008524,2.9489369933509604,1.383679736439011,LFP,48
2893.9066723968785,2.634489096506412,1.5352951387636777,LFP,48
2941.9693959033148,2.4997805762150977,1.5607937031987422,LFP,48
0.0,3.517427519435854,0.0,LFP,49
0.0024226101547949,3.5158206426564425,1.3598956343169675e-06,LFP,49
0.0048452203095898,3.504959353777736,2.719791268633935e-06,LFP,49
0.0096904406191797,3.518446171063055,5.43958253726787e-06,LFP,49
0.0193808812383595,3.5202606948721336,1.087916507453574e-05,LFP,49
0.0387617624767191,3.517638731108174,2.175833014907148e-05,LFP,49
0.0775235249534382,3.502751947326279,4.351666029814296e-05,LFP,49
0.1550470499068764,3.511552784537039,8.703332059628593e-05,LFP,49
0.2325705748603146,3.506899745520218,0.00013054998089437916,LFP,49
0.3876176247671911,3.4940834032878776,0.00021758330149066122,LFP,49
0.5426646746740675,3.480350554338344,0.0003046166220869433,LFP,49
0.697711724580944,3.4759474477656074,0.00039164994268322536,LFP,49
0.8527587744878204,3.4652149135498145,0.0004786832632795074,LFP,49
1.0078058243946968,3.4748471004940917,0.0005657165838757895,LFP,49
1.1628528743015734,3.4600448598653464,0.0006527499044720716,LFP,49
1.4729469741153265,3.453231859997084,0.0008268165456646357,LFP,49
1.7830410739290792,3.4399622972828747,0.0010008831868572878,LFP,49
2.093135173742832,3.4456779357982055,0.0011749498280498518,LFP,49
2.403229273556585,3.4425367138233662,0.001349016469242416,LFP,49
2.713323373370338,3.4246482285076922,0.0015230831104349801,LFP,49
3.333511572997844,3.419531082083977,0.0018712163928201082,LFP,49
3.9536997726253498,3.4090029097597867,0.0022193496752052366,LFP,49
4.573887972252855,3.4089207230207714,0.002567482957590365,LFP,49
5.194076171880361,3.4088803305455646,0.0029156162399754933,LFP,49
5.814264371507868,3.3988823101588874,0.003263749522360709,LFP,49
6.434452571135374,3.387442916793244,0.003611882804745837,LFP,49
7.05464077076288,3.3773300521180434,0.003960016087130966,LFP,49
8.295017170017893,3.363713844049248,0.0046562826519012225,LFP,49
9.535393569272903,3.3625471280073875,0.005352549216671567,LFP,49
10.775769968527918,3.3583814822395017,0.0060488157814418235,LFP,49
12.01614636778293,3.3473332595214114,0.00674508234621208,LFP,49
13.256522767037945,3.3464236336101743,0.007441348910982424,LFP,49
15.737275565547966,3.3387299773347774,0.008833882040522937,LFP,49
18.21802836405799,3.3307095279460595,0.010226415170063537,LFP,49
20.69878116256801,3.316604806611984,0.011618948299604139,LFP,49
23.179533961078036,3.3137692144165167,0.013011481429144739,LFP,49
25.66028675958806,3.3078810191054506,0.01440401455868525,LFP,49
28.14103955809809,3.3077944670566612,0.015796547688225852,LFP,49
30.62179235660811,3.300533446369946,0.017189080817766454,LFP,49
33.102545155118136,3.295610610886718,0.01858161394730697,LFP,49
38.064050752138186,3.281793610349432,0.02136668020638817,LFP,49
43.02555634915824,3.2772541627590095,0.024151746465469283,LFP,49
47.98706194617829,3.2767806299911593,0.026936812724550483,LFP,49
52.94856754319834,3.2619501839513956,0.0297218789836316,LFP,49
57.91007314021839,3.2690474930357643,0.03250694524271271,LFP,49
62.87157873723844,3.2734339709830333,0.03529201150179392,LFP,49
67.83308433425849,3.255214815053312,0.03807707776087503,LFP,49
72.79458993127854,3.258232786286815,0.040862144019956234,LFP,49
77.75609552829859,3.2579825369175777,0.04364721027903734,LFP,49
82.71760112531864,3.2568886937540005,0.046432276538118454,LFP,49
87.67910672233869,3.257341406198928,0.04921734279719966,LFP,49
97.60211791637876,3.245594127845175,0.054787475315361975,LFP,49
107.52512911041887,3.2548700594542574,0.0603576078335242,LFP,49
117.44814030445896,3.247192329443715,0.06592774035168651,LFP,49
127.37115149849907,3.244620550363584,0.07149787286984884,LFP,49
137.29416269253915,3.255998332417057,0.07706800538801115,LFP,49
147.21717388657927,3.2540326524054883,0.08263813790617347,LFP,49
167.06319627465945,3.2488121379554125,0.09377840294249802,LFP,49
186.90921866273965,3.2459353490673677,0.10491866797882264,LFP,49
206.75524105081985,3.2492418968308217,0.11605893301514726,LFP,49
226.60126343890005,3.2467766919710925,0.1271991980514718,LFP,49
266.2933082150604,3.2463550877608807,0.149479728124121,LFP,49
305.9853529912208,3.252714030831346,0.17176025819677015,LFP,49
345.6773977673812,3.2455971372902566,0.19404078826941942,LFP,49
385.3694425435416,3.240098201083877,0.2163213183420686,LFP,49
425.061487319702,3.235541000974306,0.23860184841471777,LFP,49
464.7535320958624,3.2309803584366916,0.26088237848736695,LFP,49
544.1376216481831,3.2057427434706582,0.3054434386326654,LFP,49
623.5217112005039,3.2119186254538388,0.35000449877796375,LFP,49
702.9058007528247,3.2085562814904702,0.39456555892326206,LFP,49
782.2898903051455,3.203070498676515,0.43912661906856054,LFP,49
861.6739798574663,3.201592322304975,0.4836876792138589,LFP,49
941.0580694097872,3.2010384114882444,0.5282487393591573,LFP,49
1020.442158962108,3.2091681667853407,0.5728097995044557,LFP,49
1179.2103380667495,3.197090559316516,0.6619319197950524,LFP,49
1337.978517171391,3.1950447570446743,0.7510540400856491,LFP,49
1496.7466962760327,3.2079974442920194,0.8401761603762459,LFP,49
1655.5148753806743,3.179312698650052,0.929298280666843,LFP,49
1814.283054485316,3.1615171926174677,1.0184204009574396,LFP,49
1973.0512335899575,3.1412468310130706,1.1075425212480363,LFP,49
2131.819412694599,3.1152704844350727,1.196664641538633,LFP,49
2290.5875917992407,3.0949325949356843,1.2857867618292296,LFP,49
2608.123950008524,2.964909585961436,1.4640310024104235,LFP,49
2893.9066723968785,2.637290906532393,1.6244508189334976,LFP,49
2941.9693959033148,2.4950277386022424,1.651430103132576,LFP,49
0.0,3.5170559514974795,0.0,LFP,50
0.0024226101547949,3.5217016142230624,1.3651995187618596e-06,LFP,50
0.0048452203095898,3.5161153137491263,2.730399037523719e-06,LFP,50
0.0096904406191797,3.51523609266754,5.460798075047438e-06,LFP,50
0.0193808812383595,3.5150521503900864,1.0921596150094877e-05,LFP,50
0.0387617624767191,3.5167596809228923,2.1843192300189753e-05,LFP,50
0.0775235249534382,3.5090275914881044,4.3686384600379506e-05,LFP,50
0.1550470499068764,3.497797859454976,8.737276920075903e-05,LFP,50
0.2325705748603146,3.5020826276647283,0.0001310591538010886,LFP,50
0.3876176247671911,3.5018951298587653,0.00021843192300184373,LFP,50
0.5426646746740675,3.4789150623269762,0.0003058046922025989,LFP,50
0.697711724580944,3.4780306014500493,0.000393177461403354,LFP,50
0.8527587744878204,3.4637591084117267,0.0004805502306041091,LFP,50
1.0078058243946968,3.475119592571492,0.0005679229998048642,LFP,50
1.1628528743015734,3.463675237728889,0.0006552957690056195,LFP,50
1.4729469741153265,3.450245571563201,0.0008300413074071298,LFP,50
1.7830410739290792,3.4494657834913003,0.0010047868458087283,LFP,50
2.093135173742832,3.4371911910850486,0.0011795323842102383,LFP,50
2.403229273556585,3.435096106831546,0.0013542779226117488,LFP,50
2.713323373370338,3.430740420704606,0.001529023461013259,LFP,50
3.333511572997844,3.422702784996364,0.0018785145378162795,LFP,50
3.9536997726253498,3.4071016808306536,0.0022280056146193002,LFP,50
4.573887972252855,3.4020720952017727,0.0025774966914223207,LFP,50
5.194076171880361,3.4001757333947893,0.0029269877682253417,LFP,50
5.814264371507868,3.397910449567991,0.00327647884502845,LFP,50
6.434452571135374,3.3789885545226492,0.0036259699218314703,LFP,50
7.05464077076288,3.3863580719005433,0.003975460998634491,LFP,50
8.295017170017893,3.378910982441439,0.004674443152240532,LFP,50
9.535393569272903,3.3596883669251114,0.005373425305846662,LFP,50
10.775769968527918,3.3659342642204426,0.006072407459452703,LFP,50
12.01614636778293,3.3545505030741225,0.0067713896130587444,LFP,50
13.256522767037945,3.3471542360090916,0.007470371766664873,LFP,50
15.737275565547966,3.3433383507163876,0.008868336073876956,LFP,50
18.21802836405799,3.3295206005747624,0.010266300381089125,LFP,50
20.69878116256801,3.3124591291628636,0.011664264688301297,LFP,50
23.179533961078036,3.314686233290401,0.013062228995513465,LFP,50
25.66028675958806,3.301819953832909,0.014460193302725547,LFP,50
28.14103955809809,3.308756093360748,0.01585815760993772,LFP,50
30.62179235660811,3.2993086974124948,0.01725612191714989,LFP,50
33.102545155118136,3.2919231262136246,0.018654086224361974,LFP,50
38.064050752138186,3.2957584604714856,0.02145001483878631,LFP,50
43.02555634915824,3.2856918812679234,0.024245943453210565,LFP,50
47.98706194617829,3.2748814134175355,0.027041872067634906,LFP,50
52.94856754319834,3.2653785812311185,0.02983780068205916,LFP,50
57.91007314021839,3.2797785334783964,0.03263372929648341,LFP,50
62.87157873723844,3.261435659202211,0.035429657910907755,LFP,50
67.83308433425849,3.2657258996750156,0.038225586525332006,LFP,50
72.79458993127854,3.2600080737319392,0.04102151513975635,LFP,50
77.75609552829859,3.2549869946591197,0.0438174437541806,LFP,50
82.71760112531864,3.2568461123883488,0.04661337236860485,LFP,50
87.67910672233869,3.255718735258032,0.04940930098302919,LFP,50
97.60211791637876,3.2468103401979755,0.05500115821187779,LFP,50
107.52512911041887,3.2533911415897907,0.060593015440726296,LFP,50
117.44814030445896,3.2434725887373608,0.06618487266957487,LFP,50
127.37115149849907,3.2455803820743276,0.07177672989842349,LFP,50
137.29416269253915,3.252752422424998,0.07736858712727207,LFP,50
147.21717388657927,3.2528719751008546,0.08296044435612067,LFP,50
167.06319627465945,3.248413033848872,0.09414415881381777,LFP,50
186.90921866273965,3.2505376367108916,0.10532787327151495,LFP,50
206.75524105081985,3.24842219512413,0.11651158772921213,LFP,50
226.60126343890005,3.241286173094214,0.12769530218690922,LFP,50
266.2933082150604,3.2401884040340723,0.15006273110230353,LFP,50
305.9853529912208,3.243380677486329,0.17243016001769781,LFP,50
345.6773977673812,3.2432971106001096,0.19479758893309218,LFP,50
385.3694425435416,3.2389538820081363,0.21716501784848646,LFP,50
425.061487319702,3.2434057595488723,0.23953244676388075,LFP,50
464.7535320958624,3.2226536060283633,0.26189987567927503,LFP,50
544.1376216481831,3.2081053952130754,0.3066347335100637,LFP,50
623.5217112005039,3.2052484870520024,0.35136959134085227,LFP,50
702.9058007528247,3.2097959754026526,0.39610444917164084,LFP,50
782.2898903051455,3.213747743253756,0.4408393070024295,LFP,50
861.6739798574663,3.205777637163723,0.4855741648332181,LFP,50
941.0580694097872,3.2057346953375214,0.5303090226640067,LFP,50
1020.442158962108,3.207308866568952,0.5750438804947953,LFP,50
1179.2103380667495,3.2007442329688534,0.6645135961563725,LFP,50
1337.978517171391,3.1985522461029707,0.7539833118179498,LFP,50
1496.7466962760327,3.1928795142302193,0.8434530274795268,LFP,50
1655.5148753806743,3.178104432439683,0.9329227431411045,LFP,50
1814.283054485316,3.1577023377381734,1.0223924588026814,LFP,50
1973.0512335899575,3.1490077622720403,1.1118621744642587,LFP,50
2131.819412694599,3.12069091760553,1.2013318901258359,LFP,50
2290.5875917992407,3.103623814573679,1.2908016057874128,LFP,50
2608.123950008524,2.9580112734228754,1.4697410371105677,LFP,50
2893.9066723968785,2.6386867689203117,1.6307865253014064,LFP,50
2941.9693959033148,2.4918378308451574,1.6578710344914231,LFP,50
0.0,4.061971159314349,0.0,NMC,51
0.001649316382847,4.064195404424292,1.978251530976409e-06,NMC,51
0.003298632765694,4.062343523867117,3.956503061952818e-06,NMC,51
0.006597265531388,4.06796207200178,7.913006123905636e-06,NMC,51
0.0131945310627761,4.06467324080425,1.5826012247811273e-05,NMC,51
0.0263890621255522,4.063504555968879,3.1652024495622545e-05,NMC,51
0.0527781242511044,4.060854895121035,6.330404899124509e-05,NMC,51
0.1055562485022088,4.065217149324587,0.00012660809798247953,NMC,51
0.2111124970044177,4.063175760593661,0.00025321619596495906,NMC,51
0.4222249940088354,4.056938702737305,0.0005064323919299181,NMC,51
0.8444499880176709,4.061400507887494,0.0010128647838598362,NMC,51
1.6888999760353418,4.058464811417646,0.002025729567719759,NMC,51
2.533349964053013,4.044298500850192,0.003038594351579682,NMC,51
4.222249940088354,4.042217976527172,0.005064323919299527,NMC,51
5.911149916123696,4.044182214926322,0.007090053487019372,NMC,51
7.600049892159038,4.03509986056782,0.009115783054739217,NMC,51
9.28894986819438,4.03467496465086,0.011141512622459063,NMC,51
12.666749820265062,4.031696675306575,0.015192971757898754,NMC,51
16.044549772335746,4.023329325629351,0.019244430893338445,NMC,51
21.076941212052834,4.010573220591376,0.025280468717026456,NMC,51
25.606093507798217,4.009732198886631,0.03071290275834572,NMC,51
30.135245803543594,4.005479128004224,0.03614533679966498,NMC,51
34.664398099288974,4.006775537904674,0.041577770840984164,NMC,51
39.19355039503435,3.9976516981986094,0.047010204882303425,NMC,51
48.25185498652511,3.9871812202263386,0.05787507296494187,NMC,51
57.31015957801587,3.9936163767050066,0.0687399410475803,NMC,51
69.00620045828107,3.989082042835171,0.08276860832960145,NMC,51
80.70224133854627,3.9930464406367716,0.0967972756116225,NMC,51
92.39828221881147,3.9897414992520868,0.11082594289364366,NMC,51
104.09432309907668,3.98982122340431,0.12485461017566472,NMC,51
115.79036397934188,3.996933523938528,0.13888327745768586,NMC,51
127.48640485960708,3.9859056321566784,0.152911944739707,NMC,51
150.8784866201375,3.9785278045778867,0.1809692793037492,NMC,51
174.2705683806679,3.9840006239010872,0.20902661386779142,NMC,51
197.6626501411983,3.977660132240117,0.23708394843183364,NMC,51
221.0547319017287,3.9714935734927437,0.26514128299587586,NMC,51
244.4468136622591,3.9749483120713545,0.29319861755991805,NMC,51
267.8388954227895,3.955361448908226,0.32125595212396024,NMC,51
314.6230589438503,3.953821538805648,0.3773706212520448,NMC,51
361.4072224649111,3.9281626584650633,0.4334852903801292,NMC,51
408.1913859859719,3.9293943044597675,0.4895999595082136,NMC,51
454.9755495070327,3.9036752184213586,0.545714628636298,NMC,51
501.75971302809353,3.900042364210737,0.6018292977643824,NMC,51
548.5438765491543,3.8837979496969948,0.6579439668924668,NMC,51
595.3280400702151,3.874245656788253,0.7140586360205513,NMC,51
642.1122035912759,3.8578397554569754,0.7701733051486357,NMC,51
735.6805306333976,3.837049314549231,0.8824026434048047,NMC,51
829.2488576755192,3.8250575033405574,0.9946319816609734,NMC,51
922.8171847176408,3.795971408161685,1.1068613199171422,NMC,51
1016.3855117597624,3.783010625664868,1.2190906581733112,NMC,51
1109.953838801884,3.7491392141998587,1.33131999642948,NMC,51
1203.5221658440057,3.7048971843397336,1.4435493346856487,NMC,51
1297.090492886127,3.678065473546836,1.5557786729418177,NMC,51
1390.658819928249,3.65849975806909,1.6680080111979865,NMC,51
1484.2271469703703,3.630254641337517,1.7802373494541552,NMC,51
1671.3638010546138,3.5975901043960605,2.004696025966493,NMC,51
1858.500455138857,3.559217378595068,2.2291547024788305,NMC,51
2045.6371092231,3.527390866716854,2.453613378991169,NMC,51
2232.7737633073434,3.497343037206077,2.678072055503506,NMC,51
2419.910417391586,3.45305093478069,2.9025307320158436,NMC,51
2607.04707147583,3.3971436035223563,3.1269894085281815,NMC,51
2794.183725560073,3.345509254112056,3.351448085040519,NMC,51
2981.3203796443163,3.2942615901591243,3.5759067615528566,NMC,51
3355.5936878128027,3.007262398429392,4.024824114577532,NMC,51
3567.8549154554717,2.5057662013302235,4.279418140877209,NMC,51
0.0,4.0646170833041815,0.0,NMC,52
0.001649316382847,4.055201072715548,1.8586415023445777e-06,NMC,52
0.003298632765694,4.069586249974975,3.7172830046891555e-06,NMC,52
0.006597265531388,4.058951954610456,7.434566009378311e-06,NMC,52
0.0131945310627761,4.055104128774092,1.4869132018756622e-05,NMC,52
0.0263890621255522,4.069700067797701,2.9738264037513244e-05,NMC,52
0.0527781242511044,4.066417622838726,5.947652807502649e-05,NMC,52
0.1055562485022088,4.0680401525444445,0.00011895305615004296,NMC,52
0.2111124970044177,4.060088126770215,0.00023790611230008592,NMC,52
0.4222249940088354,4.054707142215038,0.00047581222460017184,NMC,52
0.8444499880176709,4.054022078815928,0.0009516244492003437,NMC,52
1.6888999760353418,4.054622686038227,0.0019032488984007687,NMC,52
2.533349964053013,4.051496530346218,0.002854873347601194,NMC,52
4.222249940088354,4.039889395754348,0.0047581222460020434,NMC,52
5.911149916123696,4.049159549193144,0.0066613711444028926,NMC,52
7.600049892159038,4.035687168092539,0.008564620042803743,NMC,52
9.28894986819438,4.0273782074892335,0.010467868941204593,NMC,52
12.666749820265062,4.02398040488995,0.014274366738006292,NMC,52
16.044549772335746,4.009897498629266,0.01808086453480799,NMC,52
21.076941212052834,4.0118762763613125,0.023751948435494212,NMC,52
25.606093507798217,4.005406203382904,0.028855923946111858,NMC,52
30.135245803543594,4.010081630237498,0.03395989945672951,NMC,52
34.664398099288974,4.009145225174383,0.039063874967347076,NMC,52
39.19355039503435,3.9994764635039144,0.04416785047796472,NMC,52
48.25185498652511,3.9945737934184087,0.05437580149919994,NMC,52
57.31015957801587,3.991801347411774,0.06458375252043515,NMC,52
69.00620045828107,3.991749844637071,0.07776421153925289,NMC,52
80.70224133854627,3.9862166577368634,0.09094467055807054,NMC,52
92.39828221881147,3.986147341635867,0.10412512957688828,NMC,52
104.09432309907668,3.992474555974848,0.11730558859570593,NMC,52
115.79036397934188,3.989452766794561,0.13048604761452368,NMC,52
127.48640485960708,3.9890702585397517,0.1436665066333414,NMC,52
150.8784866201375,3.982681266386999,0.17002742467097678,NMC,52
174.2705683806679,3.9672608312993836,0.1963883427086122,NMC,52
197.6626501411983,3.9780745029834637,0.22274926074624757,NMC,52
221.0547319017287,3.981355933701383,0.24911017878388297,NMC,52
244.4468136622591,3.9607004910816377,0.2754710968215184,NMC,52
267.8388954227895,3.9603584575360613,0.3018320148591538,NMC,52
314.6230589438503,3.9440381936249556,0.35455385093442465,NMC,52
361.4072224649111,3.9403817533672405,0.4072756870096954,NMC,52
408.1913859859719,3.918095201020075,0.4599975230849662,NMC,52
454.9755495070327,3.90288554752718,0.512719359160237,NMC,52
501.75971302809353,3.896137244629235,0.5654411952355078,NMC,52
548.5438765491543,3.87820701191056,0.6181630313107785,NMC,52
595.3280400702151,3.872385809673274,0.6708848673860494,NMC,52
642.1122035912759,3.864697594917188,0.7236067034613202,NMC,52
735.6805306333976,3.8449688410165805,0.8290503756118618,NMC,52
829.2488576755192,3.827638863788827,0.9344940477624034,NMC,52
922.8171847176408,3.805337553873907,1.039937719912945,NMC,52
1016.3855117597624,3.78653628517513,1.1453813920634865,NMC,52
1109.953838801884,3.7501133627339973,1.2508250642140282,NMC,52
1203.5221658440057,3.7082723674124147,1.3562687363645698,NMC,52
1297.090492886127,3.6789018096758763,1.4617124085151112,NMC,52
1390.658819928249,3.659020482068011,1.5671560806656528,NMC,52
1484.2271469703703,3.63618836470751,1.6725997528161944,NMC,52
1671.3638010546138,3.592052021065621,1.8834870971172777,NMC,52
1858.500455138857,3.561216789657786,2.0943744414183607,NMC,52
2045.6371092231,3.530557658837277,2.3052617857194444,NMC,52
2232.7737633073434,3.4913907997308176,2.516149130020527,NMC,52
2419.910417391586,3.454983447077691,2.72703647432161,NMC,52
2607.04707147583,3.3970723946706998,2.9379238186226933,NMC,52
2794.183725560073,3.3328423089621144,3.1488111629237765,NMC,52
2981.3203796443163,3.295914455651628,3.3596985072248597,NMC,52
3355.5936878128027,3.0148627811529356,3.781473195827026,NMC,52
3567.8549154554717,2.5024914844511206,4.020673831398393,NMC,52
0.0,4.05656406580487,0.0,NMC,53
0.001649316382847,4.061331610042604,2.091150392454585e-06,NMC,53
0.003298632765694,4.060117072836857,4.18230078490917e-06,NMC,53
0.006597265531388,4.059725662955525,8.36460156981834e-06,NMC,53
0.0131945310627761,4.063419018759696,1.672920313963668e-05,NMC,53
0.0263890621255522,4.061045873570765,3.345840627927336e-05,NMC,53
0.0527781242511044,4.066284577169536,6.691681255854671e-05,NMC,53
0.1055562485022088,4.048123393413831,0.00013383362511708215,NMC,53
0.2111124970044177,4.063617522056853,0.0002676672502341643,NMC,53
0.4222249940088354,4.052619813336079,0.0005353345004683286,NMC,53
0.8444499880176709,4.061842939833154,0.0010706690009366572,NMC,53
1.6888999760353418,4.052185379360344,0.002141338001873406,NMC,53
2.533349964053013,4.061854896803402,0.0032120070028101547,NMC,53
4.222249940088354,4.0444207354097355,0.005353345004683652,NMC,53
5.911149916123696,4.0467475775206685,0.007494683006557149,NMC,53
7.600049892159038,4.041113731530329,0.009636021008430647,NMC,53
9.28894986819438,4.032991299235001,0.011777359010304144,NMC,53
12.666749820265062,4.021353924598569,0.01606003501405114,NMC,53
16.044549772335746,4.024598295475515,0.020342711017798134,NMC,53
21.076941212052834,4.015659854654885,0.026723225662286194,NMC,53
25.606093507798217,4.010784769060779,0.0324656888423255,NMC,53
30.135245803543594,4.009119969277714,0.038208152022364814,NMC,53
34.664398099288974,4.000151930099333,0.043950615202404036,NMC,53
39.19355039503435,3.997360660466702,0.049693078382443336,NMC,53
48.25185498652511,3.990318647287022,0.06117800474252187,NMC,53
57.31015957801587,3.9907154684343458,0.07266293110260039,NMC,53
69.00620045828107,3.994726313990484,0.08749221475690591,NMC,53
80.70224133854627,3.9899963724602783,0.10232149841121133,NMC,53
92.39828221881147,3.9904614860727476,0.11715078206551684,NMC,53
104.09432309907668,3.99104503553198,0.13198006571982224,NMC,53
115.79036397934188,3.983894678245491,0.14680934937412776,NMC,53
127.48640485960708,3.990407134609886,0.16163863302843326,NMC,53
150.8784866201375,3.984275466147941,0.1912972003370442,NMC,53
174.2705683806679,3.981167749174494,0.2209557676456551,NMC,53
197.6626501411983,3.972633111842315,0.25061433495426605,NMC,53
221.0547319017287,3.967558774765384,0.280272902262877,NMC,53
244.4468136622591,3.975626485333547,0.3099314695714879,NMC,53
267.8388954227895,3.9750541967646296,0.3395900368800988,NMC,53
314.6230589438503,3.9413112680337523,0.3989071714973208,NMC,53
361.4072224649111,3.9322966370078434,0.4582243061145427,NMC,53
408.1913859859719,3.922573184520314,0.5175414407317646,NMC,53
454.9755495070327,3.9008058858487766,0.5768585753489863,NMC,53
501.75971302809353,3.895424536561992,0.6361757099662082,NMC,53
548.5438765491543,3.875753651279314,0.6954928445834301,NMC,53
595.3280400702151,3.872008115506904,0.754809979200652,NMC,53
642.1122035912759,3.853241440002083,0.8141271138178738,NMC,53
735.6805306333976,3.8341947102142147,0.9327613830523176,NMC,53
829.2488576755192,3.8195233993332804,1.0513956522867614,NMC,53
922.8171847176408,3.796603158968286,1.170029921521205,NMC,53
1016.3855117597624,3.7787115968249156,1.2886641907556489,NMC,53
1109.953838801884,3.7447344321939937,1.4072984599900924,NMC,53
1203.5221658440057,3.7074126320126175,1.5259327292245362,NMC,53
1297.090492886127,3.6811213830958525,1.64456699845898,NMC,53
1390.658819928249,3.6520942271602226,1.7632012676934237,NMC,53
1484.2271469703703,3.6328522466649935,1.8818355369278674,NMC,53
1671.3638010546138,3.596573679104348,2.1191040753967547,NMC,53
1858.500455138857,3.55777372299332,2.3563726138656422,NMC,53
2045.6371092231,3.528588408735627,2.59364115233453,NMC,53
2232.7737633073434,3.4929326094175788,2.8309096908034173,NMC,53
2419.910417391586,3.451665920359372,3.0681782292723048,NMC,53
2607.04707147583,3.4011020294332903,3.305446767741192,NMC,53
2794.183725560073,3.3453983428282794,3.5427153062100794,NMC,53
2981.3203796443163,3.3002866978825716,3.779983844678967,NMC,53
3355.5936878128027,2.996170983371448,4.2545209216167414,NMC,53
3567.8549154554717,2.499003585404969,4.523644634995287,NMC,53
0.0,4.073354281942043,0.0,NMC,54
0.001649316382847,4.056091181828134,1.9419603475085574e-06,NMC,54
0.003298632765694,4.060947454949535,3.883920695017115e-06,NMC,54
0.006597265531388,4.0715743177514865,7.76784139003423e-06,NMC,54
0.0131945310627761,4.0645220712327665,1.553568278006846e-05,NMC,54
0.0263890621255522,4.056713270941647,3.107136556013692e-05,NMC,54
0.0527781242511044,4.055488472278317,6.214273112027384e-05,NMC,54
0.1055562485022088,4.060922275213039,0.0001242854622405372,NMC,54
0.2111124970044177,4.061428787366004,0.0002485709244810744,NMC,54
0.4222249940088354,4.074967197267833,0.0004971418489621488,NMC,54
0.8444499880176709,4.060083316265572,0.0009942836979242977,NMC,54
1.6888999760353418,4.050326261408044,0.0019885673958486803,NMC,54
2.533349964053013,4.052604417662551,0.002982851093773063,NMC,54
4.222249940088354,4.053188870652472,0.004971418489621828,NMC,54
5.911149916123696,4.036732631439756,0.006959985885470593,NMC,54
7.600049892159038,4.037966730315238,0.008948553281319358,NMC,54
9.28894986819438,4.035971369666211,0.010937120677168123,NMC,54
12.666749820265062,4.0280436913373485,0.014914255468865652,NMC,54
16.044549772335746,4.017395292570837,0.018891390260563183,NMC,54
21.076941212052834,4.019803651576552,0.02481669648483207,NMC,54
25.606093507798217,4.01354244566253,0.030149472086674116,NMC,54
30.135245803543594,4.003949768082652,0.03548224768851616,NMC,54
34.664398099288974,4.004875599406569,0.04081502329035813,NMC,54
39.19355039503435,3.995576623306438,0.04614779889220017,NMC,54
48.25185498652511,3.997566203446762,0.05681335009588419,NMC,54
57.31015957801587,3.9935301957679847,0.0674789012995682,NMC,54
69.00620045828107,3.9841065555811443,0.08125021155182378,NMC,54
80.70224133854627,3.9839954757176503,0.09502152180407927,NMC,54
92.39828221881147,3.9838869275085904,0.10879283205633485,NMC,54
104.09432309907668,3.9891569721436055,0.12256414230859033,NMC,54
115.79036397934188,3.9843400385115917,0.13633545256084592,NMC,54
127.48640485960708,3.982171780575648,0.15010676281310148,NMC,54
150.8784866201375,3.9855989509192242,0.17764938331761254,NMC,54
174.2705683806679,3.9750744485998384,0.20519200382212363,NMC,54
197.6626501411983,3.973140631501837,0.2327346243266347,NMC,54
221.0547319017287,3.9769243529274045,0.2602772448311458,NMC,54
244.4468136622591,3.962068382068789,0.28781986533565684,NMC,54
267.8388954227895,3.958381513799024,0.3153624858401679,NMC,54
314.6230589438503,3.9495142466977184,0.37044772684919014,NMC,54
361.4072224649111,3.933191217304369,0.4255329678582123,NMC,54
408.1913859859719,3.9174244768527733,0.48061820886723444,NMC,54
454.9755495070327,3.898443153713317,0.5357034498762566,NMC,54
501.75971302809353,3.8955870630072997,0.5907886908852787,NMC,54
548.5438765491543,3.8825963534951295,0.6458739318943009,NMC,54
595.3280400702151,3.864493003452098,0.700959172903323,NMC,54
642.1122035912759,3.859306135816311,0.7560444139123451,NMC,54
735.6805306333976,3.8434547383100646,0.8662148959303896,NMC,54
829.2488576755192,3.8147388411009904,0.9763853779484338,NMC,54
922.8171847176408,3.809310357548659,1.0865558599664782,NMC,54
1016.3855117597624,3.781058011621535,1.1967263419845224,NMC,54
1109.953838801884,3.7485679141556125,1.3068968240025667,NMC,54
1203.5221658440057,3.714110107613083,1.417067306020611,NMC,54
1297.090492886127,3.6802234555465017,1.5272377880386552,NMC,54
1390.658819928249,3.652110276202673,1.6374082700566996,NMC,54
1484.2271469703703,3.623618074665573,1.747578752074744,NMC,54
1671.3638010546138,3.5836025187850615,1.9679197161108324,NMC,54
1858.500455138857,3.559366698940691,2.188260680146921,NMC,54
2045.6371092231,3.529820719359695,2.40860164418301,NMC,54
2232.7737633073434,3.5036600774017717,2.628942608219098,NMC,54
2419.910417391586,3.4552917586706253,2.8492835722551866,NMC,54
2607.04707147583,3.410460464933682,3.0696245362912755,NMC,54
2794.183725560073,3.3550785213912624,3.289965500327364,NMC,54
2981.3203796443163,3.303187481678897,3.5103064643634525,NMC,54
3355.5936878128027,3.011762246931872,3.9509883924356295,NMC,54
3567.8549154554717,2.494978061414776,4.200911870843098,NMC,54
0.0,4.059382964022071,0.0,NMC,55
0.001649316382847,4.072065280074389,1.852633959816818e-06,NMC,55
0.003298632765694,4.0554966829708015,3.705267919633636e-06,NMC,55
0.006597265531388,4.068208503332488,7.410535839267272e-06,NMC,55
0.0131945310627761,4.071217974906744,1.4821071678534543e-05,NMC,55
0.0263890621255522,4.063497755179498,2.9642143357069087e-05,NMC,55
0.0527781242511044,4.0631280865163495,5.928428671413817e-05,NMC,55
0.1055562485022088,4.068916127518116,0.00011856857342826637,NMC,55
0.2111124970044177,4.064288225252409,0.00023713714685653274,NMC,55
0.4222249940088354,4.0609165004258,0.0004742742937130655,NMC,55
0.8444499880176709,4.063873302864728,0.000948548587426131,NMC,55
1.6888999760353418,4.046733602741275,0.001897097174852343,NMC,55
2.533349964053013,4.0608777764424655,0.002845645762278555,NMC,55
4.222249940088354,4.047235210155437,0.004742742937130979,NMC,55
5.911149916123696,4.044076177267471,0.006639840111983402,NMC,55
7.600049892159038,4.034524647624231,0.008536937286835826,NMC,55
9.28894986819438,4.035566818580061,0.01043403446168825,NMC,55
12.666749820265062,4.026230116787767,0.014228228811393096,NMC,55
16.044549772335746,4.027077809377901,0.018022423161097943,NMC,55
21.076941212052834,4.007779976221207,0.02367517685788584,NMC,55
25.606093507798217,4.002437998748222,0.028762655184994993,NMC,55
30.135245803543594,4.005695828951041,0.03385013351210415,NMC,55
34.664398099288974,4.002329995636586,0.038937611839213224,NMC,55
39.19355039503435,3.9961382798265763,0.044025090166322375,NMC,55
48.25185498652511,3.99578813059136,0.05420004682054061,NMC,55
57.31015957801587,3.9915617291083816,0.06437500347475883,NMC,55
69.00620045828107,3.9893679407423113,0.077512860319897,NMC,55
80.70224133854627,3.990328366240489,0.09065071716503507,NMC,55
92.39828221881147,3.997037640238686,0.10378857401017325,NMC,55
104.09432309907668,3.9770612310890168,0.11692643085531133,NMC,55
115.79036397934188,3.983541485900776,0.1300642877004495,NMC,55
127.48640485960708,3.9855898678213877,0.14320214454558766,NMC,55
150.8784866201375,3.9800416386325823,0.1694778582358639,NMC,55
174.2705683806679,3.9839310784042823,0.19575357192614015,NMC,55
197.6626501411983,3.980865905647502,0.2220292856164164,NMC,55
221.0547319017287,3.98109003566713,0.24830499930669267,NMC,55
244.4468136622591,3.9664207014318222,0.2745807129969689,NMC,55
267.8388954227895,3.961855489863985,0.30085642668724516,NMC,55
314.6230589438503,3.9395812880346828,0.3534078540677978,NMC,55
361.4072224649111,3.929734617028741,0.40595928144835025,NMC,55
408.1913859859719,3.9114829153717285,0.45851070882890277,NMC,55
454.9755495070327,3.9046890400412755,0.5110621362094553,NMC,55
501.75971302809353,3.889183922630085,0.5636135635900078,NMC,55
548.5438765491543,3.879683659837379,0.6161649909705603,NMC,55
595.3280400702151,3.864614644850586,0.6687164183511128,NMC,55
642.1122035912759,3.851100821245616,0.7212678457316652,NMC,55
735.6805306333976,3.833774304513591,0.8263707004927704,NMC,55
829.2488576755192,3.819883938324236,0.9314735552538754,NMC,55
922.8171847176408,3.791435586832895,1.0365764100149804,NMC,55
1016.3855117597624,3.7809126701620825,1.1416792647760854,NMC,55
1109.953838801884,3.751816805082263,1.2467821195371904,NMC,55
1203.5221658440057,3.713235475619403,1.3518849742982955,NMC,55
1297.090492886127,3.6802209366214647,1.4569878290594005,NMC,55
1390.658819928249,3.6602015857224353,1.5620906838205055,NMC,55
1484.2271469703703,3.627946370311156,1.6671935385816106,NMC,55
1671.3638010546138,3.583544978246531,1.8773992481038204,NMC,55
1858.500455138857,3.556656807931413,2.0876049576260307,NMC,55
2045.6371092231,3.527332463501157,2.297810667148241,NMC,55
2232.7737633073434,3.4979098840809697,2.5080163766704504,NMC,55
2419.910417391586,3.4551201164940797,2.7182220861926605,NMC,55
2607.04707147583,3.4034575076779836,2.9284277957148706,NMC,55
2794.183725560073,3.3511579291564093,3.1386335052370806,NMC,55
2981.3203796443163,3.300629635399728,3.3488392147592907,NMC,55
3355.5936878128027,2.9993386436018294,3.769250633803711,NMC,55
3567.8549154554717,2.5018832693954574,4.007678119744528,NMC,55
0.0,4.062377584644407,0.0,NMC,56
0.001649316382847,4.063586252855889,2.254778216632896e-06,NMC,56
0.003298632765694,4.06115163036654,4.509556433265792e-06,NMC,56
0.006597265531388,4.06206675140387,9.019112866531584e-06,NMC,56
0.0131945310627761,4.070912624995999,1.8038225733063168e-05,NMC,56
0.0263890621255522,4.064250097865597,3.6076451466126336e-05,NMC,56
0.0527781242511044,4.07141181377169,7.215290293225267e-05,NMC,56
0.1055562485022088,4.074630219275539,0.0001443058058644932,NMC,56
0.2111124970044177,4.06746495738344,0.0002886116117289864,NMC,56
0.4222249940088354,4.060209476540513,0.0005772232234579728,NMC,56
0.8444499880176709,4.0570672382039135,0.0011544464469159456,NMC,56
1.6888999760353418,4.058564175927373,0.0023088928938319896,NMC,56
2.533349964053013,4.042072470804821,0.0034633393407480337,NMC,56
4.222249940088354,4.053899479493266,0.005772232234580121,NMC,56
5.911149916123696,4.044440881025962,0.00808112512841221,NMC,56
7.600049892159038,4.031944224433635,0.010390018022244298,NMC,56
9.28894986819438,4.044219914819996,0.012698910916076386,NMC,56
12.666749820265062,4.024864994798397,0.017316696703740562,NMC,56
16.044549772335746,4.016682520880138,0.021934482491404738,NMC,56
21.076941212052834,4.014325303164848,0.028814258084403514,NMC,56
25.606093507798217,4.0047686872611425,0.03500605611810247,NMC,56
30.135245803543594,4.014181575780047,0.04119785415180143,NMC,56
34.664398099288974,3.998906564740411,0.04738965218550029,NMC,56
39.19355039503435,4.004290109835386,0.053581450219199245,NMC,56
48.25185498652511,3.9916015471628157,0.06596504628659706,NMC,56
57.31015957801587,3.9836896434908553,0.07834864235399487,NMC,56
69.00620045828107,3.9974517868633646,0.09433828416677259,NMC,56
80.70224133854627,3.987495452878067,0.11032792597955018,NMC,56
92.39828221881147,3.9836944405485437,0.1263175677923279,NMC,56
104.09432309907668,3.983380386073954,0.14230720960510548,NMC,56
115.79036397934188,3.9890146976622054,0.1582968514178832,NMC,56
127.48640485960708,3.9872791769137756,0.1742864932306609,NMC,56
150.8784866201375,3.9805945389182362,0.2062657768562162,NMC,56
174.2705683806679,3.9778539731779876,0.2382450604817715,NMC,56
197.6626501411983,3.969887555963437,0.2702243441073268,NMC,56
221.0547319017287,3.9742644850155626,0.3022036277328821,NMC,56
244.4468136622591,3.967294504397177,0.3341829113584374,NMC,56
267.8388954227895,3.9580719800854123,0.3661621949839927,NMC,56
314.6230589438503,3.959832204905046,0.4301207622351034,NMC,56
361.4072224649111,3.933907072286466,0.4940793294862141,NMC,56
408.1913859859719,3.918252133938052,0.5580378967373247,NMC,56
454.9755495070327,3.904654734713797,0.6219964639884353,NMC,56
501.75971302809353,3.8927742860496597,0.6859550312395459,NMC,56
548.5438765491543,3.876414441308651,0.7499135984906565,NMC,56
595.3280400702151,3.8800303057507466,0.8138721657417671,NMC,56
642.1122035912759,3.854892399634028,0.8778307329928777,NMC,56
735.6805306333976,3.837111151433826,1.005747867495099,NMC,56
829.2488576755192,3.822520158031061,1.1336650019973202,NMC,56
922.8171847176408,3.7987688200273237,1.2615821364995417,NMC,56
1016.3855117597624,3.7742371214209007,1.3894992710017628,NMC,56
1109.953838801884,3.743301625527726,1.517416405503984,NMC,56
1203.5221658440057,3.7121233560695868,1.6453335400062052,NMC,56
1297.090492886127,3.6892219695587025,1.7732506745084264,NMC,56
1390.658819928249,3.6496676832808763,1.9011678090106476,NMC,56
1484.2271469703703,3.631262096993022,2.029084943512869,NMC,56
1671.3638010546138,3.5890164640464963,2.2849192125173112,NMC,56
1858.500455138857,3.5590914438225685,2.540753481521754,NMC,56
2045.6371092231,3.5274196156045723,2.796587750526197,NMC,56
2232.7737633073434,3.49750387624508,3.052422019530639,NMC,56
2419.910417391586,3.4552211366712493,3.3082562885350812,NMC,56
2607.04707147583,3.4045782779474085,3.5640905575395236,NMC,56
2794.183725560073,3.349579410015661,3.819924826543966,NMC,56
2981.3203796443163,3.298259839236389,4.075759095548409,NMC,56
3355.5936878128027,3.010139903948717,4.587427633557294,NMC,56
3567.8549154554717,2.4979321347827255,4.877609673402367,NMC,56
0.0,4.0670813316453,0.0,NMC,57
0.001649316382847,4.062694710882891,2.152995119825214e-06,NMC,57
0.003298632765694,4.066206923445617,4.305990239650428e-06,NMC,57
0.006597265531388,4.064000420893352,8.611980479300856e-06,NMC,57
0.0131945310627761,4.0646409853417635,1.722396095860171e-05,NMC,57
0.0263890621255522,4.0621733981488894,3.444792191720342e-05,NMC,57
0.0527781242511044,4.061144430024732,6.889584383440685e-05,NMC,57
0.1055562485022088,4.0676566699568815,0.0001377916876688021,NMC,57
0.2111124970044177,4.057888081980221,0.0002755833753376042,NMC,57
0.4222249940088354,4.060385123303191,0.0005511667506752084,NMC,57
0.8444499880176709,4.062247431956047,0.0011023335013504167,NMC,57
1.6888999760353418,4.050131300820187,0.0022046670027009276,NMC,57
2.533349964053013,4.049878608099904,0.0033070005040514387,NMC,57
4.222249940088354,4.037613899627526,0.00551166750675246,NMC,57
5.911149916123696,4.036686857900602,0.007716334509453481,NMC,57
7.600049892159038,4.033375721719234,0.009921001512154503,NMC,57
9.28894986819438,4.034704808529476,0.012125668514855525,NMC,57
12.666749820265062,4.027866876436668,0.016535002520257566,NMC,57
16.044549772335746,4.028401630059918,0.02094433652565961,NMC,57
21.076941212052834,4.015426221224277,0.027513551700772583,NMC,57
25.606093507798217,4.019390594072842,0.03342584535837431,NMC,57
30.135245803543594,4.005336995854572,0.03933813901597605,NMC,57
34.664398099288974,4.0037842601201445,0.04525043267357769,NMC,57
39.19355039503435,4.005764162635908,0.05116272633117941,NMC,57
48.25185498652511,3.9978400980464284,0.06298731364638278,NMC,57
57.31015957801587,3.9949226049391813,0.07481190096158614,NMC,57
69.00620045828107,3.99172779193704,0.09007975326595692,NMC,57
80.70224133854627,3.990661556614814,0.1053476055703276,NMC,57
92.39828221881147,3.989395726982283,0.12061545787469838,NMC,57
104.09432309907668,3.985665515544049,0.13588331017906904,NMC,57
115.79036397934188,3.9773523099168093,0.15115116248343982,NMC,57
127.48640485960708,3.974605324651754,0.16641901478781057,NMC,57
150.8784866201375,3.985790857455242,0.19695471939655204,NMC,57
174.2705683806679,3.9805444449490306,0.22749042400529348,NMC,57
197.6626501411983,3.974363294569281,0.25802612861403496,NMC,57
221.0547319017287,3.9661911241725942,0.2885618332227764,NMC,57
244.4468136622591,3.958444776209654,0.31909753783151784,NMC,57
267.8388954227895,3.9705302808009746,0.3496332424402593,NMC,57
314.6230589438503,3.947137446142899,0.41070465165774234,NMC,57
361.4072224649111,3.942003476825518,0.4717760608752252,NMC,57
408.1913859859719,3.913521697224028,0.5328474700927082,NMC,57
454.9755495070327,3.9032108461028296,0.593918879310191,NMC,57
501.75971302809353,3.8876077735394223,0.6549902885276739,NMC,57
548.5438765491543,3.88831919377521,0.7160616977451568,NMC,57
595.3280400702151,3.864035856476413,0.7771331069626397,NMC,57
642.1122035912759,3.848956048256998,0.8382045161801227,NMC,57
735.6805306333976,3.8392630708814237,0.9603473346150886,NMC,57
829.2488576755192,3.8192085554364485,1.0824901530500544,NMC,57
922.8171847176408,3.8009369516877634,1.2046329714850201,NMC,57
1016.3855117597624,3.78336148753016,1.3267757899199861,NMC,57
1109.953838801884,3.751873016905406,1.448918608354952,NMC,57
1203.5221658440057,3.718901779447748,1.5710614267899177,NMC,57
1297.090492886127,3.6840922055990433,1.6932042452248834,NMC,57
1390.658819928249,3.661930278464424,1.8153470636598492,NMC,57
1484.2271469703703,3.6230611232130774,1.937489882094815,NMC,57
1671.3638010546138,3.587789819474864,2.1817755189647468,NMC,57
1858.500455138857,3.552039713482154,2.4260611558346783,NMC,57
2045.6371092231,3.5307140349450212,2.6703467927046103,NMC,57
2232.7737633073434,3.4941088447760045,2.9146324295745414,NMC,57
2419.910417391586,3.45499089997991,3.1589180664444734,NMC,57
2607.04707147583,3.391660158764279,3.403203703314405,NMC,57
2794.183725560073,3.3364031052084178,3.6474893401843365,NMC,57
2981.3203796443163,3.2945665214085262,3.891774977054268,NMC,57
3355.5936878128027,3.0000147841558555,4.3803462507941315,NMC,57
3567.8549154554717,2.496839938162393,4.657429163445442,NMC,57
0.0,4.067553936336508,0.0,NMC,58
0.001649316382847,4.06815665540227,2.0849734965730783e-06,NMC,58
0.003298632765694,4.066183397866252,4.169946993146157e-06,NMC,58
0.006597265531388,4.065023848597583,8.339893986292313e-06,NMC,58
0.0131945310627761,4.06439517365562,1.6679787972584626e-05,NMC,58
0.0263890621255522,4.061641730878036,3.335957594516925e-05,NMC,58
0.0527781242511044,4.06335734385334,6.67191518903385e-05,NMC,58
0.1055562485022088,4.063012115094686,0.0001334383037806658,NMC,58
0.2111124970044177,4.056782825791466,0.0002668766075613316,NMC,58
0.4222249940088354,4.062070973083093,0.0005337532151226632,NMC,58
0.8444499880176709,4.061079881466868,0.0010675064302453263,NMC,58
1.6888999760353418,4.052871448806336,0.0021350128604907437,NMC,58
2.533349964053013,4.052141265055727,0.0032025192907361613,NMC,58
4.222249940088354,4.042553251278525,0.005337532151226996,NMC,58
5.911149916123696,4.042461215492866,0.00747254501171783,NMC,58
7.600049892159038,4.041795925205334,0.009607557872208666,NMC,58
9.28894986819438,4.02669652932451,0.0117425707326995,NMC,58
12.666749820265062,4.022831796388686,0.01601259645368117,NMC,58
16.044549772335746,4.020277532158309,0.02028262217466284,NMC,58
21.076941212052834,4.013829305129689,0.026644289884577645,NMC,58
25.606093507798217,4.014218309477725,0.03236979082350102,NMC,58
30.135245803543594,3.998575910503144,0.038095291762424405,NMC,58
34.664398099288974,4.008966496517926,0.04382079270134769,NMC,58
39.19355039503435,3.998560560367546,0.04954629364027107,NMC,58
48.25185498652511,4.000801446324331,0.06099729551811774,NMC,58
57.31015957801587,3.9893127228745904,0.0724482973959644,NMC,58
69.00620045828107,3.9931930788887664,0.08723377791613834,NMC,58
80.70224133854627,3.983106477575051,0.1020192584363122,NMC,58
92.39828221881147,3.9878006686525143,0.11680473895648615,NMC,58
104.09432309907668,3.978381242808072,0.13159021947666,NMC,58
115.79036397934188,3.9858252082727046,0.14637569999683395,NMC,58
127.48640485960708,3.9835867364334225,0.16116118051700787,NMC,58
150.8784866201375,3.981222605667475,0.19073214155735566,NMC,58
174.2705683806679,3.9856639314323146,0.22030310259770344,NMC,58
197.6626501411983,3.972483166803249,0.24987406363805123,NMC,58
221.0547319017287,3.9700571390396573,0.27944502467839905,NMC,58
244.4468136622591,3.9594364276624465,0.30901598571874683,NMC,58
267.8388954227895,3.9554659591156476,0.3385869467590946,NMC,58
314.6230589438503,3.9432192957910126,0.3977288688397903,NMC,58
361.4072224649111,3.9285098486776358,0.4568707909204859,NMC,58
408.1913859859719,3.92323936036573,0.5160127130011815,NMC,58
454.9755495070327,3.9055841963434483,0.575154635081877,NMC,58
501.75971302809353,3.8960196752711416,0.6342965571625727,NMC,58
548.5438765491543,3.879951232561928,0.6934384792432683,NMC,58
595.3280400702151,3.8695322751110406,0.7525804013239639,NMC,58
642.1122035912759,3.860153314806173,0.8117223234046594,NMC,58
735.6805306333976,3.834859533087216,0.9300061675660507,NMC,58
829.2488576755192,3.8205373816230828,1.0482900117274419,NMC,58
922.8171847176408,3.807752668615658,1.166573855888833,NMC,58
1016.3855117597624,3.7771112337609396,1.2848577000502241,NMC,58
1109.953838801884,3.7466281832764454,1.4031415442116153,NMC,58
1203.5221658440057,3.7066656088627017,1.5214253883730067,NMC,58
1297.090492886127,3.684817106661474,1.6397092325343978,NMC,58
1390.658819928249,3.6541555228363176,1.757993076695789,NMC,58
1484.2271469703703,3.62813269006325,1.8762769208571801,NMC,58
1671.3638010546138,3.598203887266585,2.1128446091799624,NMC,58
1858.500455138857,3.5571943269866826,2.3494122975027447,NMC,58
2045.6371092231,3.528286293318882,2.5859799858255275,NMC,58
2232.7737633073434,3.501228877688725,2.8225476741483093,NMC,58
2419.910417391586,3.4534059000907926,3.059115362471092,NMC,58
2607.04707147583,3.3988337069501386,3.2956830507938744,NMC,58
2794.183725560073,3.340606096844385,3.5322507391166567,NMC,58
2981.3203796443163,3.2897054123176392,3.768818427439439,NMC,58
3355.5936878128027,3.012281707682903,4.2419538040850036,NMC,58
3567.8549154554717,2.498084801356249,4.510282572650979,NMC,58
0.0,4.061057472550677,0.0,NMC,59
0.001649316382847,4.056073849029741,2.0936058844997222e-06,NMC,59
0.003298632765694,4.066915305781296,4.1872117689994445e-06,NMC,59
0.006597265531388,4.06754173314373,8.374423537998889e-06,NMC,59
0.0131945310627761,4.0614880631406844,1.6748847075997778e-05,NMC,59
0.0263890621255522,4.05779080857369,3.3497694151995556e-05,NMC,59
0.0527781242511044,4.058739759098942,6.699538830399111e-05,NMC,59
0.1055562485022088,4.047842928129812,0.00013399077660797095,NMC,59
0.2111124970044177,4.062460322451805,0.0002679815532159419,NMC,59
0.4222249940088354,4.05653609725673,0.0005359631064318838,NMC,59
0.8444499880176709,4.0651597958885155,0.0010719262128637676,NMC,59
1.6888999760353418,4.058013077545736,0.0021438524257276267,NMC,59
2.533349964053013,4.052952215874327,0.003215778638591486,NMC,59
4.222249940088354,4.044332084158007,0.005359631064319204,NMC,59
5.911149916123696,4.039021114225182,0.0075034834900469215,NMC,59
7.600049892159038,4.02874895780568,0.00964733591577464,NMC,59
9.28894986819438,4.029611513271096,0.011791188341502359,NMC,59
12.666749820265062,4.013147959219527,0.016078893192957792,NMC,59
16.044549772335746,4.015544897943714,0.02036659804441323,NMC,59
21.076941212052834,4.018950965441467,0.02675460488219832,NMC,59
25.606093507798217,4.019008994468237,0.03250381103620495,NMC,59
30.135245803543594,3.9965298379023433,0.03825301719021158,NMC,59
34.664398099288974,3.9928888249668124,0.04400222334421813,NMC,59
39.19355039503435,3.9956959477458778,0.04975142949822476,NMC,59
48.25185498652511,3.9909861849075536,0.061249841806237944,NMC,59
57.31015957801587,3.978516526612377,0.0727482541142511,NMC,59
69.00620045828107,3.983642282881762,0.0875949507619882,NMC,59
80.70224133854627,3.9850828348880847,0.10244164740972518,NMC,59
92.39828221881147,3.9866233674165525,0.11728834405746226,NMC,59
104.09432309907668,3.9930750931429246,0.13213504070519924,NMC,59
115.79036397934188,3.9824700497870986,0.14698173735293632,NMC,59
127.48640485960708,3.9811913761840723,0.1618284340006734,NMC,59
150.8784866201375,3.987933797017541,0.19152182729614745,NMC,59
174.2705683806679,3.975576767381396,0.22121522059162152,NMC,59
197.6626501411983,3.9732546112897213,0.25090861388709557,NMC,59
221.0547319017287,3.9684454869779646,0.28060200718256967,NMC,59
244.4468136622591,3.9649005265641195,0.3102954004780437,NMC,59
267.8388954227895,3.9585046576103884,0.3399887937735178,NMC,59
314.6230589438503,3.947249481091295,0.399375580364466,NMC,59
361.4072224649111,3.9318614994512946,0.45876236695541417,NMC,59
408.1913859859719,3.9178927685327904,0.5181491535463623,NMC,59
454.9755495070327,3.904112230484698,0.5775359401373105,NMC,59
501.75971302809353,3.8981097980494863,0.6369227267282586,NMC,59
548.5438765491543,3.8739401660920536,0.6963095133192067,NMC,59
595.3280400702151,3.8710588387263374,0.7556962999101549,NMC,59
642.1122035912759,3.866376507836596,0.815083086501103,NMC,59
735.6805306333976,3.8248364168653555,0.9338566596829994,NMC,59
829.2488576755192,3.8207338059224862,1.0526302328648955,NMC,59
922.8171847176408,3.8014547716969016,1.171403806046792,NMC,59
1016.3855117597624,3.786532995358789,1.2901773792286881,NMC,59
1109.953838801884,3.7462529396737967,1.4089509524105843,NMC,59
1203.5221658440057,3.7163233640924136,1.5277245255924807,NMC,59
1297.090492886127,3.69090709022856,1.646498098774377,NMC,59
1390.658819928249,3.6527960153234047,1.7652716719562733,NMC,59
1484.2271469703703,3.6312798527860237,1.8840452451381695,NMC,59
1671.3638010546138,3.595520338910126,2.121592391501962,NMC,59
1858.500455138857,3.5561647973336066,2.3591395378657545,NMC,59
2045.6371092231,3.5272139413283736,2.5966866842295473,NMC,59
2232.7737633073434,3.499457372968006,2.8342338305933397,NMC,59
2419.910417391586,3.458200883982244,3.071780976957132,NMC,59
2607.04707147583,3.392473393712039,3.309328123320925,NMC,59
2794.183725560073,3.350592936139748,3.5468752696847172,NMC,59
2981.3203796443163,3.3014691121394097,3.7844224160485096,NMC,59
3355.5936878128027,3.009115773943622,4.259516708776095,NMC,59
3567.8549154554717,2.5023408253261503,4.528956435359498,NMC,59
0.0,4.0622387830688975,0.0,NMC,60
0.001649316382847,4.0611751660140065,1.939687355152348e-06,NMC,60
0.003298632765694,4.058322300621655,3.879374710304696e-06,NMC,60
0.006597265531388,4.070070334934928,7.758749420609392e-06,NMC,60
0.0131945310627761,4.0675386974980965,1.5517498841218784e-05,NMC,60
0.0263890621255522,4.060249941327162,3.103499768243757e-05,NMC,60
0.0527781242511044,4.054772274653964,6.206999536487514e-05,NMC,60
0.1055562485022088,4.065813535180251,0.00012413999072973984,NMC,60
0.2111124970044177,4.06288707443909,0.00024827998145947967,NMC,60
0.4222249940088354,4.056554215346179,0.0004965599629189593,NMC,60
0.8444499880176709,4.054953915438636,0.0009931199258379187,NMC,60
1.6888999760353418,4.058212435299752,0.001986239851675922,NMC,60
2.533349964053013,4.0497239438191945,0.0029793597775139256,NMC,60
4.222249940088354,4.049131685679635,0.004965599629189932,NMC,60
5.911149916123696,4.033052392347723,0.006951839480865938,NMC,60
7.600049892159038,4.037110744600827,0.008938079332541945,NMC,60
9.28894986819438,4.029668852813299,0.010924319184217952,NMC,60
12.666749820265062,4.026100367830779,0.014896798887569965,NMC,60
16.044549772335746,4.0132629113042615,0.018869278590921978,NMC,60
21.076941212052834,4.013020868763992,0.02478764946464509,NMC,60
25.606093507798217,4.008285657087045,0.030114183250995942,NMC,60
30.135245803543594,4.013618981547144,0.035440717037346796,NMC,60
34.664398099288974,4.0006538426449,0.040767250823697566,NMC,60
39.19355039503435,3.998562657499085,0.04609378461004841,NMC,60
48.25185498652511,3.9808672742155564,0.05674685218275004,NMC,60
57.31015957801587,3.98621691026763,0.06739991975545165,NMC,60
69.00620045828107,3.9920606747973344,0.08115511120127612,NMC,60
80.70224133854627,3.987278579154389,0.09491030264710051,NMC,60
92.39828221881147,3.9853191047529735,0.108665494092925,NMC,60
104.09432309907668,3.986453698898889,0.12242068553874938,NMC,60
115.79036397934188,3.991198416389995,0.13617587698457387,NMC,60
127.48640485960708,3.9903097385862085,0.14993106843039833,NMC,60
150.8784866201375,3.981654917071692,0.1774414513220472,NMC,60
174.2705683806679,3.9814867920556916,0.20495183421369606,NMC,60
197.6626501411983,3.970912085514977,0.23246221710534493,NMC,60
221.0547319017287,3.962264307397406,0.2599725999969938,NMC,60
244.4468136622591,3.971680395824584,0.28748298288864266,NMC,60
267.8388954227895,3.959205024895712,0.3149933657802915,NMC,60
314.6230589438503,3.9504065866191826,0.37001413156358937,NMC,60
361.4072224649111,3.93789136669663,0.4250348973468871,NMC,60
408.1913859859719,3.917848264257299,0.48005566313018483,NMC,60
454.9755495070327,3.9048207731975735,0.5350764289134826,NMC,60
501.75971302809353,3.89740184663226,0.5900971946967803,NMC,60
548.5438765491543,3.8726537199783215,0.6451179604800781,NMC,60
595.3280400702151,3.8795749783236584,0.7001387262633758,NMC,60
642.1122035912759,3.8551529072193893,0.7551594920466735,NMC,60
735.6805306333976,3.8302688179715156,0.8652010236132691,NMC,60
829.2488576755192,3.8186017764310987,0.9752425551798646,NMC,60
922.8171847176408,3.803852399896123,1.08528408674646,NMC,60
1016.3855117597624,3.778573473208889,1.1953256183130554,NMC,60
1109.953838801884,3.7518495449503537,1.305367149879651,NMC,60
1203.5221658440057,3.7101084897686487,1.4154086814462465,NMC,60
1297.090492886127,3.6889138034968574,1.525450213012842,NMC,60
1390.658819928249,3.6563349185329788,1.6354917445794375,NMC,60
1484.2271469703703,3.627239590432902,1.745533276146033,NMC,60
1671.3638010546138,3.5932771833420585,1.9656163392792239,NMC,60
1858.500455138857,3.5581314478755437,2.1856994024124146,NMC,60
2045.6371092231,3.531682537512395,2.405782465545606,NMC,60
2232.7737633073434,3.487042360113333,2.625865528678797,NMC,60
2419.910417391586,3.454399806802229,2.845948591811988,NMC,60
2607.04707147583,3.402016921060804,3.0660316549451787,NMC,60
2794.183725560073,3.352243611327256,3.2861147180783696,NMC,60
2981.3203796443163,3.297298170228998,3.5061977812115606,NMC,60
3355.5936878128027,3.0016211811890843,3.9463639074779424,NMC,60
3567.8549154554717,2.495250343065394,4.195994859749753,NMC,60
0.0,4.059096634939171,0.0,NMC,61
0.001649316382847,4.068085933612605,1.9615294477062687e-06,NMC,61
0.003298632765694,4.059910614065196,3.9230588954125375e-06,NMC,61
0.006597265531388,4.071988909024448,7.846117790825075e-06,NMC,61
0.0131945310627761,4.066451114103261,1.569223558165015e-05,NMC,61
0.0263890621255522,4.062697918511673,3.13844711633003e-05,NMC,61
0.0527781242511044,4.072604474651612,6.27689423266006e-05,NMC,61
0.1055562485022088,4.063865722315574,0.00012553788465319063,NMC,61
0.2111124970044177,4.0604917235963125,0.00025107576930638126,NMC,61
0.4222249940088354,4.073881762396936,0.0005021515386127625,NMC,61
0.8444499880176709,4.061974597916645,0.001004303077225525,NMC,61
1.6888999760353418,4.0608495454475495,0.002008606154451136,NMC,61
2.533349964053013,4.055895334037243,0.003012909231676747,NMC,61
4.222249940088354,4.045854501585559,0.005021515386127968,NMC,61
5.911149916123696,4.038918775892074,0.007030121540579189,NMC,61
7.600049892159038,4.031908626804358,0.009038727695030412,NMC,61
9.28894986819438,4.0382969288734305,0.011047333849481634,NMC,61
12.666749820265062,4.034410125627099,0.015064546158384075,NMC,61
16.044549772335746,4.020570785490219,0.01908175846728652,NMC,61
21.076941212052834,4.014254505652396,0.025066773897952747,NMC,61
25.606093507798217,4.015015270290704,0.0304532877855524,NMC,61
30.135245803543594,3.9962435071754876,0.03583980167315206,NMC,61
34.664398099288974,4.006433577816553,0.04122631556075163,NMC,61
39.19355039503435,4.002456521127687,0.04661282944835128,NMC,61
48.25185498652511,3.9952592113755827,0.05738585722355051,NMC,61
57.31015957801587,3.9909074541672176,0.06815888499874972,NMC,61
69.00620045828107,3.9922580710636475,0.08206896850171864,NMC,61
80.70224133854627,3.980419325691969,0.09597905200468747,NMC,61
92.39828221881147,3.9832856453957617,0.10988913550765639,NMC,61
104.09432309907668,3.988874628015818,0.12379921901062521,NMC,61
115.79036397934188,3.9911605549228035,0.13770930251359412,NMC,61
127.48640485960708,3.983936987674004,0.15161938601656302,NMC,61
150.8784866201375,3.984568452149297,0.17943955302250075,NMC,61
174.2705683806679,3.975691625549042,0.2072597200284385,NMC,61
197.6626501411983,3.9811793769813435,0.23507988703437624,NMC,61
221.0547319017287,3.9706977444722202,0.26290005404031397,NMC,61
244.4468136622591,3.9651545900896568,0.2907202210462517,NMC,61
267.8388954227895,3.961650100526567,0.3185403880521895,NMC,61
314.6230589438503,3.9478007652811864,0.37418072206406505,NMC,61
361.4072224649111,3.9387976557270044,0.4298210560759405,NMC,61
408.1913859859719,3.921618525655453,0.48546139008781597,NMC,61
454.9755495070327,3.9027573107708053,0.5411017240996915,NMC,61
501.75971302809353,3.896144670130775,0.596742058111567,NMC,61
548.5438765491543,3.8867123560066896,0.6523823921234424,NMC,61
595.3280400702151,3.874392075844059,0.7080227261353179,NMC,61
642.1122035912759,3.8528055839881796,0.7636630601471934,NMC,61
735.6805306333976,3.835086380964826,0.8749437281709445,NMC,61
829.2488576755192,3.817630078480883,0.9862243961946954,NMC,61
922.8171847176408,3.8006202563985387,1.0975050642184463,NMC,61
1016.3855117597624,3.786344178019851,1.2087857322421973,NMC,61
1109.953838801884,3.748936880738489,1.3200664002659483,NMC,61
1203.5221658440057,3.7040544107976605,1.4313470682896992,NMC,61
1297.090492886127,3.676102128821728,1.5426277363134502,NMC,61
1390.658819928249,3.658544625584874,1.6539084043372012,NMC,61
1484.2271469703703,3.6440365271976627,1.7651890723609522,NMC,61
1671.3638010546138,3.58745662967101,1.987750408408454,NMC,61
1858.500455138857,3.5660959864594033,2.210311744455956,NMC,61
2045.6371092231,3.5282376345180477,2.4328730805034584,NMC,61
2232.7737633073434,3.4948121068445523,2.65543441655096,NMC,61
2419.910417391586,3.453082287415179,2.8779957525984616,NMC,61
2607.04707147583,3.403963410916278,3.1005570886459637,NMC,61
2794.183725560073,3.3362306128565624,3.3231184246934657,NMC,61
2981.3203796443163,3.300427931204967,3.5456797607409674,NMC,61
3355.5936878128027,3.006767878236821,3.9908024328359715,NMC,61
3567.8549154554717,2.503066883787761,4.243244385730826,NMC,61
0.0,4.066656083091565,0.0,NMC,62
0.001649316382847,4.065588443294413,2.020210525148538e-06,NMC,62
0.003298632765694,4.054421462210603,4.040421050297076e-06,NMC,62
0.006597265531388,4.064049674762615,8.080842100594152e-06,NMC,62
0.0131945310627761,4.051620364669372,1.6161684201188303e-05,NMC,62
0.0263890621255522,4.062351448596349,3.232336840237661e-05,NMC,62
0.0527781242511044,4.065814786771418,6.464673680475321e-05,NMC,62
0.1055562485022088,4.057749598147457,0.00012929347360949556,NMC,62
0.2111124970044177,4.0521585719648145,0.0002585869472189911,NMC,62
0.4222249940088354,4.062908764211398,0.0005171738944379822,NMC,62
0.8444499880176709,4.057522060320149,0.0010343477888759645,NMC,62
1.6888999760353418,4.055976633263907,0.0020686955777520174,NMC,62
2.533349964053013,4.057912175298969,0.00310304336662807,NMC,62
4.222249940088354,4.0453557691396425,0.005171738944380175,NMC,62
5.911149916123696,4.047090742544471,0.007240434522132281,NMC,62
7.600049892159038,4.035380834419929,0.009309130099884386,NMC,62
9.28894986819438,4.03133464766649,0.011377825677636491,NMC,62
12.666749820265062,4.025313415752428,0.015515216833140702,NMC,62
16.044549772335746,4.019100825229352,0.01965260798864491,NMC,62
21.076941212052834,4.017646526283712,0.025816671026468296,NMC,62
25.606093507798217,4.008008215606358,0.03136432776050939,NMC,62
30.135245803543594,4.0025359444930775,0.036911984494550486,NMC,62
34.664398099288974,4.002202108192034,0.0424596412285915,NMC,62
39.19355039503435,3.9901666278544017,0.04800729796263259,NMC,62
48.25185498652511,4.001080387834749,0.0591026114307147,NMC,62
57.31015957801587,3.99014667266326,0.0701979248987968,NMC,62
69.00620045828107,3.991671180113476,0.08452414219380266,NMC,62
80.70224133854627,3.9885367541051,0.09885035948880842,NMC,62
92.39828221881147,3.988443318517975,0.11317657678381429,NMC,62
104.09432309907668,3.985794460824892,0.12750279407882006,NMC,62
115.79036397934188,3.979214284739567,0.14182901137382592,NMC,62
127.48640485960708,3.981999477491259,0.15615522866883177,NMC,62
150.8784866201375,3.9790640470972463,0.1848076632588434,NMC,62
174.2705683806679,3.981799340438775,0.21346009784885506,NMC,62
197.6626501411983,3.9681005375423553,0.24211253243886668,NMC,62
221.0547319017287,3.97749005596175,0.2707649670288783,NMC,62
244.4468136622591,3.9732776420868494,0.29941740161888997,NMC,62
267.8388954227895,3.959875379619203,0.32806983620890157,NMC,62
314.6230589438503,3.944036500165809,0.38537470538892493,NMC,62
361.4072224649111,3.9305728135117164,0.44267957456894824,NMC,62
408.1913859859719,3.9255967745504114,0.4999844437489715,NMC,62
454.9755495070327,3.9045059770134607,0.5572893129289948,NMC,62
501.75971302809353,3.8892876603623883,0.6145941821090181,NMC,62
548.5438765491543,3.8809526517638986,0.6718990512890413,NMC,62
595.3280400702151,3.864545215134988,0.7292039204690646,NMC,62
642.1122035912759,3.8654856234454784,0.7865087896490879,NMC,62
735.6805306333976,3.84228697943814,0.9011185280091345,NMC,62
829.2488576755192,3.8218547222308574,1.0157282663691811,NMC,62
922.8171847176408,3.805681434783076,1.1303380047292275,NMC,62
1016.3855117597624,3.779828626312824,1.2449477430892741,NMC,62
1109.953838801884,3.75389100459136,1.3595574814493208,NMC,62
1203.5221658440057,3.703248947886834,1.4741672198093672,NMC,62
1297.090492886127,3.6902686478950497,1.5887769581694138,NMC,62
1390.658819928249,3.657306248028682,1.7033866965294604,NMC,62
1484.2271469703703,3.6389767733344867,1.8179964348895068,NMC,62
1671.3638010546138,3.6015738287969112,2.0472159116096,NMC,62
1858.500455138857,3.547209106260049,2.276435388329693,NMC,62
2045.6371092231,3.529160556922568,2.5056548650497863,NMC,62
2232.7737633073434,3.495249257269556,2.734874341769879,NMC,62
2419.910417391586,3.4544250099651235,2.9640938184899723,NMC,62
2607.04707147583,3.390926016516425,3.1933132952100656,NMC,62
2794.183725560073,3.3450669170941394,3.4225327719301584,NMC,62
2981.3203796443163,3.294229480551612,3.6517522486502516,NMC,62
3355.5936878128027,2.9986908925031504,4.110191202090438,NMC,62
3567.8549154554717,2.5014838014255716,4.370185203620006,NMC,62
0.0,4.069840336522768,0.0,NMC,63
0.001649316382847,4.071138989526466,1.9070703283888356e-06,NMC,63
0.003298632765694,4.065440638148468,3.8141406567776712e-06,NMC,63
0.006597265531388,4.058985588789115,7.6282813135553425e-06,NMC,63
0.0131945310627761,4.060883670249772,1.5256562627110685e-05,NMC,63
0.0263890621255522,4.06524383325088,3.051312525422137e-05,NMC,63
0.0527781242511044,4.051974177345629,6.102625050844274e-05,NMC,63
0.1055562485022088,4.065128175246415,0.00012205250101687521,NMC,63
0.2111124970044177,4.065136219353129,0.00024410500203375041,NMC,63
0.4222249940088354,4.066990699975769,0.00048821000406750083,NMC,63
0.8444499880176709,4.059311650213609,0.0009764200081350017,NMC,63
1.6888999760353418,4.057067310141889,0.0019528400162700868,NMC,63
2.533349964053013,4.056416652801315,0.002929260024405172,NMC,63
4.222249940088354,4.051995084793892,0.004882100040675342,NMC,63
5.911149916123696,4.039439280918925,0.006834940056945511,NMC,63
7.600049892159038,4.032080418764826,0.008787780073215682,NMC,63
9.28894986819438,4.0322236652188135,0.010740620089485852,NMC,63
12.666749820265062,4.01997865225424,0.01464630012202619,NMC,63
16.044549772335746,4.022130226128602,0.01855198015456653,NMC,63
21.076941212052834,4.005842454912582,0.02437083000977506,NMC,63
25.606093507798217,4.012743729146689,0.029607794879462787,NMC,63
30.135245803543594,4.004275371319876,0.034844759749150515,NMC,63
34.664398099288974,4.00052970393992,0.04008172461883816,NMC,63
39.19355039503435,3.996051640120596,0.04531868948852588,NMC,63
48.25185498652511,4.001731413401177,0.055792619227901255,NMC,63
57.31015957801587,3.9922039168373753,0.06626654896727661,NMC,63
69.00620045828107,3.9876339465700843,0.07979043847346946,NMC,63
80.70224133854627,3.992554635223528,0.09331432797966221,NMC,63
92.39828221881147,3.996312338152189,0.10683821748585506,NMC,63
104.09432309907668,3.98349842379622,0.12036210699204782,NMC,63
115.79036397934188,3.980832141312143,0.13388599649824068,NMC,63
127.48640485960708,3.9835748960611754,0.1474098860044335,NMC,63
150.8784866201375,3.982709367829605,0.17445766501681909,NMC,63
174.2705683806679,3.985025069931371,0.2015054440292047,NMC,63
197.6626501411983,3.9820705748027985,0.2285532230415903,NMC,63
221.0547319017287,3.9764159567349964,0.2556010020539759,NMC,63
244.4468136622591,3.9644549641990734,0.2826487810663615,NMC,63
267.8388954227895,3.962568727238012,0.3096965600787471,NMC,63
314.6230589438503,3.945842704715261,0.3637921181035184,NMC,63
361.4072224649111,3.929152997204915,0.4178876761282896,NMC,63
408.1913859859719,3.918738605570918,0.4719832341530608,NMC,63
454.9755495070327,3.9014340415092748,0.526078792177832,NMC,63
501.75971302809353,3.8927775472793984,0.5801743502026032,NMC,63
548.5438765491543,3.8771852047277418,0.6342699082273744,NMC,63
595.3280400702151,3.860257128393296,0.6883654662521456,NMC,63
642.1122035912759,3.855914870886769,0.7424610242769168,NMC,63
735.6805306333976,3.8354162379843637,0.8506521403264593,NMC,63
829.2488576755192,3.816227814338828,0.9588432563760017,NMC,63
922.8171847176408,3.8059103544607003,1.067034372425544,NMC,63
1016.3855117597624,3.780110186685933,1.1752254884750866,NMC,63
1109.953838801884,3.756186685992438,1.283416604524629,NMC,63
1203.5221658440057,3.72005299577133,1.3916077205741713,NMC,63
1297.090492886127,3.686482251521326,1.4997988366237136,NMC,63
1390.658819928249,3.6552180498096694,1.6079899526732562,NMC,63
1484.2271469703703,3.6353607625103437,1.7161810687227985,NMC,63
1671.3638010546138,3.587247688750731,1.9325633008218832,NMC,63
1858.500455138857,3.5497271832501043,2.148945532920968,NMC,63
2045.6371092231,3.5268606048050013,2.3653277650200533,NMC,63
2232.7737633073434,3.5024536570195366,2.5817099971191375,NMC,63
2419.910417391586,3.453212198761097,2.7980922292182226,NMC,63
2607.04707147583,3.39327025153232,3.0144744613173073,NMC,63
2794.183725560073,3.341815197810977,3.230856693416392,NMC,63
2981.3203796443163,3.298405743301578,3.4472389255154767,NMC,63
3355.5936878128027,3.009787656866691,3.8800033897136466,NMC,63
3567.8549154554717,2.5056527506171875,4.1254366451609545,NMC,63
0.0,4.0601753269139405,0.0,NMC,64
0.001649316382847,4.064691384549867,2.149782540571117e-06,NMC,64
0.003298632765694,4.064618490107144,4.299565081142234e-06,NMC,64
0.006597265531388,4.0675869094472334,8.599130162284468e-06,NMC,64
0.0131945310627761,4.067193151741608,1.7198260324568936e-05,NMC,64
0.0263890621255522,4.058140419883222,3.439652064913787e-05,NMC,64
0.0527781242511044,4.076824362338318,6.879304129827574e-05,NMC,64
0.1055562485022088,4.066008167759601,0.0001375860825965399,NMC,64
0.2111124970044177,4.066509273566772,0.0002751721651930798,NMC,64
0.4222249940088354,4.063665131689668,0.0005503443303861596,NMC,64
0.8444499880176709,4.05844504443639,0.0011006886607723193,NMC,64
1.6888999760353418,4.0689423256468,0.0022013773215447327,NMC,64
2.533349964053013,4.0414852679116775,0.003302065982317146,NMC,64
4.222249940088354,4.051791101788399,0.005503443303861972,NMC,64
5.911149916123696,4.0459440446502315,0.007704820625406798,NMC,64
7.600049892159038,4.041940433516242,0.009906197946951625,NMC,64
9.28894986819438,4.031421803947272,0.012107575268496451,NMC,64
12.666749820265062,4.0282661508278785,0.016510329911586102,NMC,64
16.044549772335746,4.020054123030012,0.020913084554675755,NMC,64
21.076941212052834,4.016855689358671,0.027472497513242607,NMC,64
25.606093507798217,4.011853324413304,0.03337596917595283,NMC,64
30.135245803543594,4.006455521567476,0.039279440838663054,NMC,64
34.664398099288974,4.005482187587044,0.045182912501373185,NMC,64
39.19355039503435,3.9971592902747535,0.0510863841640834,NMC,64
48.25185498652511,3.9931699405390475,0.06289332748950376,NMC,64
57.31015957801587,3.9933487579579947,0.0747002708149241,NMC,64
69.00620045828107,3.9857443587551353,0.0899453412815118,NMC,64
80.70224133854627,3.9932652731527822,0.10519041174809937,NMC,64
92.39828221881147,3.988429370190238,0.12043548221468707,NMC,64
104.09432309907668,3.987370373697147,0.13568055268127466,NMC,64
115.79036397934188,3.9893814713490325,0.15092562314786234,NMC,64
127.48640485960708,3.991039929042738,0.16617069361445,NMC,64
150.8784866201375,3.9819398430913844,0.19666083454762529,NMC,64
174.2705683806679,3.974446270175241,0.22715097548080057,NMC,64
197.6626501411983,3.9753296469421113,0.25764111641397586,NMC,64
221.0547319017287,3.967717325222427,0.2881312573471511,NMC,64
244.4468136622591,3.969545661777395,0.3186213982803264,NMC,64
267.8388954227895,3.9501049098756815,0.3491115392135017,NMC,64
314.6230589438503,3.941067248109611,0.4100918210798523,NMC,64
361.4072224649111,3.937299343225811,0.4710721029462029,NMC,64
408.1913859859719,3.9219086418294333,0.5320523848125535,NMC,64
454.9755495070327,3.901071513050986,0.593032666678904,NMC,64
501.75971302809353,3.89010396204943,0.6540129485452545,NMC,64
548.5438765491543,3.874968454244383,0.7149932304116051,NMC,64
595.3280400702151,3.8680179102834,0.7759735122779556,NMC,64
642.1122035912759,3.859200699680093,0.8369537941443062,NMC,64
735.6805306333976,3.831909824044483,0.9589143578770074,NMC,64
829.2488576755192,3.828100246821656,1.0808749216097084,NMC,64
922.8171847176408,3.8071907239893252,1.2028354853424097,NMC,64
1016.3855117597624,3.78699957540171,1.3247960490751107,NMC,64
1109.953838801884,3.7555261686957047,1.4467566128078118,NMC,64
1203.5221658440057,3.7134316598479304,1.568717176540513,NMC,64
1297.090492886127,3.683011682048473,1.690677740273214,NMC,64
1390.658819928249,3.6566503568038953,1.812638304005915,NMC,64
1484.2271469703703,3.630286291374609,1.9345988677386163,NMC,64
1671.3638010546138,3.591573863576019,2.1785199952040184,NMC,64
1858.500455138857,3.5665393493201236,2.4224411226694205,NMC,64
2045.6371092231,3.533745511478669,2.6663622501348234,NMC,64
2232.7737633073434,3.4970080938806993,2.910283377600225,NMC,64
2419.910417391586,3.455938147401763,3.154204505065627,NMC,64
2607.04707147583,3.399426387407138,3.3981256325310296,NMC,64
2794.183725560073,3.3483163537815925,3.6420467599964317,NMC,64
2981.3203796443163,3.297383649321797,3.8859678874618337,NMC,64
3355.5936878128027,3.001859484481728,4.373810142392639,NMC,64
3567.8549154554717,2.4927567161832362,4.650479607373468,NMC,64
0.0,4.069648700575236,0.0,NMC,65
0.001649316382847,4.059371391329608,2.1630565816376757e-06,NMC,65
0.003298632765694,4.06819378665025,4.326113163275351e-06,NMC,65
0.006597265531388,4.062698621549384,8.652226326550703e-06,NMC,65
0.0131945310627761,4.055846384952284,1.7304452653101405e-05,NMC,65
0.0263890621255522,4.066688726665177,3.460890530620281e-05,NMC,65
0.0527781242511044,4.065770094801704,6.921781061240562e-05,NMC,65
0.1055562485022088,4.059246887139548,0.00013843562122479961,NMC,65
0.2111124970044177,4.066458311154344,0.00027687124244959923,NMC,65
0.4222249940088354,4.054417781918074,0.0005537424848991985,NMC,65
0.8444499880176709,4.052164531283565,0.001107484969798397,NMC,65
1.6888999760353418,4.062172506865787,0.0022149699395968884,NMC,65
2.533349964053013,4.060654306838155,0.0033224549093953796,NMC,65
4.222249940088354,4.046920723004179,0.005537424848992362,NMC,65
5.911149916123696,4.047196266699835,0.007752394788589344,NMC,65
7.600049892159038,4.0276245624738065,0.009967364728186327,NMC,65
9.28894986819438,4.030653798412829,0.012182334667783309,NMC,65
12.666749820265062,4.0235242954340285,0.016612274546977272,NMC,65
16.044549772335746,4.016512665117685,0.02104221442617124,NMC,65
21.076941212052834,4.011486678515553,0.02764212911704884,NMC,65
25.606093507798217,4.002856141476726,0.033582052338838736,NMC,65
30.135245803543594,4.01607166905224,0.039521975560628635,NMC,65
34.664398099288974,3.994735702600033,0.04546189878241844,NMC,65
39.19355039503435,3.9949252093268908,0.051401822004208335,NMC,65
48.25185498652511,3.9941926425867735,0.06328166844778804,NMC,65
57.31015957801587,3.991435542383592,0.07516151489136773,NMC,65
69.00620045828107,3.991586958261802,0.0905007175260315,NMC,65
80.70224133854627,3.991822824580031,0.10583992016069517,NMC,65
92.39828221881147,3.987288755795572,0.12117912279535895,NMC,65
104.09432309907668,3.9982758847108,0.13651832543002262,NMC,65
115.79036397934188,3.9873156936492284,0.1518575280646864,NMC,65
127.48640485960708,3.9836194347658473,0.16719673069935012,NMC,65
150.8784866201375,3.9882734873087173,0.19787513596867756,NMC,65
174.2705683806679,3.979454849920423,0.228553541238005,NMC,65
197.6626501411983,3.978271295467017,0.25923194650733244,NMC,65
221.0547319017287,3.971985986218457,0.2899103517766599,NMC,65
244.4468136622591,3.966649033268023,0.3205887570459873,NMC,65
267.8388954227895,3.9631903563377584,0.3512671623153148,NMC,65
314.6230589438503,3.94947137230155,0.4126239728539698,NMC,65
361.4072224649111,3.9342040124823443,0.47398078339262467,NMC,65
408.1913859859719,3.9148513521528363,0.5353375939312796,NMC,65
454.9755495070327,3.9049598272784074,0.5966944044699344,NMC,65
501.75971302809353,3.8901142392920462,0.6580512150085893,NMC,65
548.5438765491543,3.878607044839177,0.7194080255472441,NMC,65
595.3280400702151,3.8729887993378957,0.7807648360858991,NMC,65
642.1122035912759,3.8556649873767266,0.8421216466245539,NMC,65
735.6805306333976,3.837099291488638,0.9648352677018638,NMC,65
829.2488576755192,3.817336238892172,1.0875488887791736,NMC,65
922.8171847176408,3.798564617677327,1.2102625098564834,NMC,65
1016.3855117597624,3.7884018483477226,1.332976130933793,NMC,65
1109.953838801884,3.7504425789374647,1.455689752011103,NMC,65
1203.5221658440057,3.7158660213590693,1.5784033730884126,NMC,65
1297.090492886127,3.677642259967746,1.7011169941657225,NMC,65
1390.658819928249,3.6538808752639826,1.8238306152430321,NMC,65
1484.2271469703703,3.6261721433342555,1.946544236320342,NMC,65
1671.3638010546138,3.590847797670072,2.1919714784749615,NMC,65
1858.500455138857,3.5549164890245284,2.437398720629581,NMC,65
2045.6371092231,3.526255872966509,2.682825962784201,NMC,65
2232.7737633073434,3.4918424428325956,2.92825320493882,NMC,65
2419.910417391586,3.4489132507533435,3.1736804470934397,NMC,65
2607.04707147583,3.3875713764231907,3.419107689248059,NMC,65
2794.183725560073,3.3493830862456258,3.6645349314026787,NMC,65
2981.3203796443163,3.3009752592217856,3.909962173557298,NMC,65
3355.5936878128027,3.012679045849276,4.400816657866537,NMC,65
3567.8549154554717,2.4969696935459575,4.679194445326831,NMC,65
0.0,4.0622771474041,0.0,NMC,66
0.001649316382847,4.058541813306476,1.8872761065491347e-06,NMC,66
0.003298632765694,4.06363832061432,3.7745522130982694e-06,NMC,66
0.006597265531388,4.061079049518657,7.549104426196539e-06,NMC,66
0.0131945310627761,4.058108218262359,1.5098208852393078e-05,NMC,66
0.0263890621255522,4.057857685647304,3.0196417704786155e-05,NMC,66
0.0527781242511044,4.055778703240381,6.039283540957231e-05,NMC,66
0.1055562485022088,4.069074462937472,0.00012078567081913446,NMC,66
0.2111124970044177,4.056612366150246,0.0002415713416382689,NMC,66
0.4222249940088354,4.0598466206018555,0.0004831426832765378,NMC,66
0.8444499880176709,4.055895714659912,0.0009662853665530756,NMC,66
1.6888999760353418,4.053849664946113,0.001932570733106234,NMC,66
2.533349964053013,4.047346988550909,0.002898856099659392,NMC,66
4.222249940088354,4.044094630204536,0.004831426832765708,NMC,66
5.911149916123696,4.044934861129647,0.006763997565872024,NMC,66
7.600049892159038,4.033177688034724,0.00869656829897834,NMC,66
9.28894986819438,4.032184735836662,0.010629139032084657,NMC,66
12.666749820265062,4.0256175812514785,0.014494280498297287,NMC,66
16.044549772335746,4.020578242445078,0.01835942196450992,NMC,66
21.076941212052834,4.009240437982371,0.024117875722536646,NMC,66
25.606093507798217,4.00971816610885,0.029300484104760743,NMC,66
30.135245803543594,4.009316981913812,0.03448309248698485,NMC,66
34.664398099288974,3.9946910275687166,0.03966570086920887,NMC,66
39.19355039503435,4.0008091579905685,0.04484830925143297,NMC,66
48.25185498652511,3.991830311379429,0.055213526015881094,NMC,66
57.31015957801587,3.9995702583698054,0.0655787427803292,NMC,66
69.00620045828107,3.991654516014121,0.07896226259745696,NMC,66
80.70224133854627,3.9915015233809705,0.09234578241458465,NMC,66
92.39828221881147,3.9912776274970176,0.10572930223171241,NMC,66
104.09432309907668,3.9830204038978443,0.11911282204884008,NMC,66
115.79036397934188,3.9808452791248223,0.13249634186596784,NMC,66
127.48640485960708,3.9817609529220137,0.14587986168309558,NMC,66
150.8784866201375,3.9764771898037443,0.17264690131735103,NMC,66
174.2705683806679,3.981243846410116,0.19941394095160647,NMC,66
197.6626501411983,3.9782419082165523,0.2261809805858619,NMC,66
221.0547319017287,3.9784357211316004,0.2529480202201173,NMC,66
244.4468136622591,3.961535220555468,0.2797150598543728,NMC,66
267.8388954227895,3.9608596584700972,0.3064820994886282,NMC,66
314.6230589438503,3.950089917299288,0.36001617875713915,NMC,66
361.4072224649111,3.926553063065188,0.41355025802565004,NMC,66
408.1913859859719,3.911666237705764,0.46708433729416093,NMC,66
454.9755495070327,3.8981889748617977,0.5206184165626718,NMC,66
501.75971302809353,3.89595181624914,0.5741524958311827,NMC,66
548.5438765491543,3.876914588454334,0.6276865750996935,NMC,66
595.3280400702151,3.8686485963561354,0.6812206543682044,NMC,66
642.1122035912759,3.851143727874894,0.7347547336367153,NMC,66
735.6805306333976,3.83146226627412,0.8418228921737372,NMC,66
829.2488576755192,3.8202287051374872,0.9488910507107589,NMC,66
922.8171847176408,3.801957369928451,1.0559592092477808,NMC,66
1016.3855117597624,3.767118908346564,1.1630273677848024,NMC,66
1109.953838801884,3.7451249389173236,1.270095526321824,NMC,66
1203.5221658440057,3.7215501313347064,1.377163684858846,NMC,66
1297.090492886127,3.680516140945326,1.4842318433958677,NMC,66
1390.658819928249,3.6604511272572537,1.5913000019328893,NMC,66
1484.2271469703703,3.6338748704554,1.6983681604699112,NMC,66
1671.3638010546138,3.5979120865695515,1.9125044775439546,NMC,66
1858.500455138857,3.559278687010371,2.126640794617998,NMC,66
2045.6371092231,3.524546028662855,2.340777111692042,NMC,66
2232.7737633073434,3.4925892741483326,2.5549134287660853,NMC,66
2419.910417391586,3.4560871223817156,2.7690497458401286,NMC,66
2607.04707147583,3.3993212012447818,2.983186062914172,NMC,66
2794.183725560073,3.3411811084328726,3.197322379988216,NMC,66
2981.3203796443163,3.2935848752222925,3.411458697062259,NMC,66
3355.5936878128027,3.0109891115204777,3.8397313312103463,NMC,66
3567.8549154554717,2.497500576877959,4.082617139805357,NMC,66
0.0,4.068776739636894,0.0,NMC,67
0.001649316382847,4.057789219518631,2.057440414618076e-06,NMC,67
0.003298632765694,4.060964719544082,4.114880829236152e-06,NMC,67
0.006597265531388,4.058923224324053,8.229761658472304e-06,NMC,67
0.0131945310627761,4.0647258740648065,1.6459523316944608e-05,NMC,67
0.0263890621255522,4.07396930046819,3.2919046633889216e-05,NMC,67
0.0527781242511044,4.0516984712970086,6.583809326777843e-05,NMC,67
0.1055562485022088,4.065111360135999,0.00013167618653554578,NMC,67
0.2111124970044177,4.070345704362691,0.00026335237307109155,NMC,67
0.4222249940088354,4.052111284694871,0.0005267047461421831,NMC,67
0.8444499880176709,4.057539679826447,0.0010534094922843662,NMC,67
1.6888999760353418,4.059721296294295,0.0021068189845688226,NMC,67
2.533349964053013,4.049420149467513,0.003160228476853279,NMC,67
4.222249940088354,4.056214410124678,0.005267047461422191,NMC,67
5.911149916123696,4.04538359901517,0.007373866445991102,NMC,67
7.600049892159038,4.040539242341124,0.009480685430560014,NMC,67
9.28894986819438,4.0199452143014875,0.011587504415128926,NMC,67
12.666749820265062,4.029323981755372,0.01580114238426675,NMC,67
16.044549772335746,4.027384125056556,0.020014780353404576,NMC,67
21.076941212052834,4.014904222564218,0.026292439168858386,NMC,67
25.606093507798217,4.013383810933366,0.03194233210276687,NMC,67
30.135245803543594,4.004496011984128,0.03759222503667535,NMC,67
34.664398099288974,4.001301644296808,0.04324211797058375,NMC,67
39.19355039503435,3.9973829253868156,0.04889201090449223,NMC,67
48.25185498652511,3.998142502201407,0.06019179677230911,NMC,67
57.31015957801587,3.986718037055725,0.07149158264012598,NMC,67
69.00620045828107,3.9967747449265563,0.08608181374942006,NMC,67
80.70224133854627,3.988526662428351,0.10067204485871403,NMC,67
92.39828221881147,3.986924293866576,0.1152622759680081,NMC,67
104.09432309907668,3.9916664817942027,0.1298525070773021,NMC,67
115.79036397934188,3.9887351625640624,0.14444273818659614,NMC,67
127.48640485960708,3.9804938155648757,0.1590329692958902,NMC,67
150.8784866201375,3.9824995654018833,0.18821343151447825,NMC,67
174.2705683806679,3.9710848128221743,0.2173938937330663,NMC,67
197.6626501411983,3.986007281487984,0.24657435595165436,NMC,67
221.0547319017287,3.972814605555355,0.2757548181702424,NMC,67
244.4468136622591,3.966316434583243,0.30493528038883044,NMC,67
267.8388954227895,3.9604937651351237,0.3341157426074185,NMC,67
314.6230589438503,3.9477574015047034,0.3924766670445947,NMC,67
361.4072224649111,3.9324431069754264,0.45083759148177077,NMC,67
408.1913859859719,3.914679937272758,0.5091985159189469,NMC,67
454.9755495070327,3.9068588816204763,0.567559440356123,NMC,67
501.75971302809353,3.8866975328240474,0.625920364793299,NMC,67
548.5438765491543,3.8818709764251556,0.6842812892304752,NMC,67
595.3280400702151,3.872992989822935,0.7426422136676513,NMC,67
642.1122035912759,3.8643522920795816,0.8010031381048274,NMC,67
735.6805306333976,3.83530270775895,0.9177249869791797,NMC,67
829.2488576755192,3.8221754196732083,1.034446835853532,NMC,67
922.8171847176408,3.804025266222946,1.1511686847278841,NMC,67
1016.3855117597624,3.7806028069798017,1.2678905336022364,NMC,67
1109.953838801884,3.746675584544848,1.3846123824765886,NMC,67
1203.5221658440057,3.7176277905454223,1.5013342313509406,NMC,67
1297.090492886127,3.6748847549195163,1.6180560802252928,NMC,67
1390.658819928249,3.6517180595183407,1.734777929099645,NMC,67
1484.2271469703703,3.6301216037060944,1.8514997779739972,NMC,67
1671.3638010546138,3.5996979961663182,2.0849434757227017,NMC,67
1858.500455138857,3.572834734484419,2.318387173471406,NMC,67
2045.6371092231,3.5299719181735654,2.551830871220111,NMC,67
2232.7737633073434,3.498033690059611,2.785274568968815,NMC,67
2419.910417391586,3.446328269774125,3.0187182667175194,NMC,67
2607.04707147583,3.401077091721097,3.2521619644662234,NMC,67
2794.183725560073,3.341589781700738,3.485605662214928,NMC,67
2981.3203796443163,3.303939649776252,3.7190493599636323,NMC,67
3355.5936878128027,3.0020708903750464,4.185936755461041,NMC,67
3567.8549154554717,2.4981487980921098,4.450722113049393,NMC,67
0.0,4.05882155332257,0.0,NMC,68
0.001649316382847,4.067026236098489,2.224177052288565e-06,NMC,68
0.003298632765694,4.068448241395421,4.44835410457713e-06,NMC,68
0.006597265531388,4.063800206465601,8.89670820915426e-06,NMC,68
0.0131945310627761,4.061168662894638,1.779341641830852e-05,NMC,68
0.0263890621255522,4.068050183029862,3.558683283661704e-05,NMC,68
0.0527781242511044,4.063636157177569,7.117366567323408e-05,NMC,68
0.1055562485022088,4.065722584332716,0.0001423473313464562,NMC,68
0.2111124970044177,4.056473408142394,0.0002846946626929124,NMC,68
0.4222249940088354,4.063632598467584,0.0005693893253858248,NMC,68
0.8444499880176709,4.059744814198438,0.0011387786507716497,NMC,68
1.6888999760353418,4.058558955049368,0.0022775573015433965,NMC,68
2.533349964053013,4.058530927545744,0.0034163359523151434,NMC,68
4.222249940088354,4.049866583124771,0.005693893253858637,NMC,68
5.911149916123696,4.044520646738219,0.00797145055540213,NMC,68
7.600049892159038,4.04130582235835,0.010249007856945623,NMC,68
9.28894986819438,4.041321182657475,0.012526565158489118,NMC,68
12.666749820265062,4.022498441732913,0.017081679761576103,NMC,68
16.044549772335746,4.017753075756829,0.02163679436466309,NMC,68
21.076941212052834,4.01225738433693,0.02842319973525132,NMC,68
25.606093507798217,4.001158525271217,0.034530964568780784,NMC,68
30.135245803543594,4.002099584224462,0.040638729402310246,NMC,68
34.664398099288974,3.9969198723564534,0.04674649423583962,NMC,68
39.19355039503435,3.9951064161643632,0.05285425906936908,NMC,68
48.25185498652511,3.9911311747096807,0.06506978873642792,NMC,68
57.31015957801587,3.9928652573903483,0.07728531840348674,NMC,68
69.00620045828107,3.9852536409127457,0.09305795365956174,NMC,68
80.70224133854627,3.990742113875529,0.10883058891563663,NMC,68
92.39828221881147,3.986140941285753,0.12460322417171162,NMC,68
104.09432309907668,3.983263455642094,0.1403758594277865,NMC,68
115.79036397934188,3.9927313236722433,0.1561484946838615,NMC,68
127.48640485960708,3.9851025766365975,0.17192112993993647,NMC,68
150.8784866201375,3.9890455459676644,0.20346640045208636,NMC,68
174.2705683806679,3.9721651376448337,0.23501167096423622,NMC,68
197.6626501411983,3.972725114530864,0.2665569414763861,NMC,68
221.0547319017287,3.969150287991306,0.298102211988536,NMC,68
244.4468136622591,3.967767224641682,0.3296474825006859,NMC,68
267.8388954227895,3.9584612655612768,0.36119275301283577,NMC,68
314.6230589438503,3.945245299885722,0.4242832940371356,NMC,68
361.4072224649111,3.9269009289888865,0.4873738350614354,NMC,68
408.1913859859719,3.919502583286225,0.5504643760857352,NMC,68
454.9755495070327,3.9096455109077284,0.613554917110035,NMC,68
501.75971302809353,3.900930198968046,0.6766454581343346,NMC,68
548.5438765491543,3.882820001402384,0.7397359991586344,NMC,68
595.3280400702151,3.8697136675065877,0.8028265401829342,NMC,68
642.1122035912759,3.8521877535627773,0.865917081207234,NMC,68
735.6805306333976,3.8305946523414187,0.9920981632558336,NMC,68
829.2488576755192,3.822444665101189,1.118279245304433,NMC,68
922.8171847176408,3.801448146728183,1.2444603273530326,NMC,68
1016.3855117597624,3.7785498958683488,1.3706414094016321,NMC,68
1109.953838801884,3.7462573618321615,1.4968224914502317,NMC,68
1203.5221658440057,3.7179332988070373,1.6230035734988313,NMC,68
1297.090492886127,3.6763142906865136,1.7491846555474306,NMC,68
1390.658819928249,3.655060192234035,1.8753657375960302,NMC,68
1484.2271469703703,3.6328148140985705,2.0015468196446298,NMC,68
1671.3638010546138,3.587104484226826,2.253908983741829,NMC,68
1858.500455138857,3.5559452421232924,2.506271147839028,NMC,68
2045.6371092231,3.527287539065749,2.758633311936227,NMC,68
2232.7737633073434,3.4988469950697576,3.010995476033426,NMC,68
2419.910417391586,3.4520891953259216,3.263357640130625,NMC,68
2607.04707147583,3.3953179964039477,3.515719804227824,NMC,68
2794.183725560073,3.3434711303783122,3.7680819683250233,NMC,68
2981.3203796443163,3.3021222123366076,4.020444132422222,NMC,68
3355.5936878128027,3.0110246831686243,4.52516846061662,NMC,68
3567.8549154554717,2.5044135787976325,4.81141223805275,NMC,68
0.0,4.063415000000203,0.0,NMC,69
0.001649316382847,4.058178735174674,1.9722928254057604e-06,NMC,69
0.003298632765694,4.057903177900559,3.944585650811521e-06,NMC,69
0.006597265531388,4.061047971936725,7.889171301623042e-06,NMC,69
0.0131945310627761,4.058477799536263,1.5778342603246083e-05,NMC,69
0.0263890621255522,4.068711959755898,3.1556685206492166e-05,NMC,69
0.0527781242511044,4.061716573188083,6.311337041298433e-05,NMC,69
0.1055562485022088,4.071519537570376,0.00012622674082595807,NMC,69
0.2111124970044177,4.064342266734229,0.00025245348165191614,NMC,69
0.4222249940088354,4.065736448467675,0.0005049069633038323,NMC,69
0.8444499880176709,4.057591958205626,0.0010098139266076645,NMC,69
1.6888999760353418,4.059300005877063,0.002019627853215415,NMC,69
2.533349964053013,4.053174536696062,0.003029441779823166,NMC,69
4.222249940088354,4.048074561459222,0.005049069633038667,NMC,69
5.911149916123696,4.0464128420864265,0.007068697486254168,NMC,69
7.600049892159038,4.029252916234819,0.009088325339469669,NMC,69
9.28894986819438,4.035885162033286,0.01110795319268517,NMC,69
12.666749820265062,4.024231273048009,0.015147208899116171,NMC,69
16.044549772335746,4.020256189937592,0.019186464605547175,NMC,69
21.076941212052834,4.011291567227955,0.025204321236580226,NMC,69
25.606093507798217,4.0098545287279315,0.03062039220451002,NMC,69
30.135245803543594,3.995311033851279,0.03603646317243982,NMC,69
34.664398099288974,4.004088911273181,0.041452534140369535,NMC,69
39.19355039503435,3.996356983618284,0.04686860510829933,NMC,69
48.25185498652511,3.9999413344323247,0.05770074704415884,NMC,69
57.31015957801587,3.988369365249731,0.06853288898001834,NMC,69
69.00620045828107,3.9881076418248584,0.08251930041308742,NMC,69
80.70224133854627,3.991912811849016,0.09650571184615639,NMC,69
92.39828221881147,3.9827147921014228,0.11049212327922547,NMC,69
104.09432309907668,3.9834483924535364,0.12447853471229445,NMC,69
115.79036397934188,3.9937564090619415,0.13846494614536353,NMC,69
127.48640485960708,3.9827862077653347,0.15245135757843256,NMC,69
150.8784866201375,3.988798115910709,0.18042418044457062,NMC,69
174.2705683806679,3.9790767474917663,0.20839700331070868,NMC,69
197.6626501411983,3.979090748618924,0.23636982617684674,NMC,69
221.0547319017287,3.9645251856159422,0.26434264904298477,NMC,69
244.4468136622591,3.969571647004126,0.2923154719091228,NMC,69
267.8388954227895,3.964596861349352,0.3202882947752609,NMC,69
314.6230589438503,3.940117968330768,0.3762339405075371,NMC,69
361.4072224649111,3.9334706760547857,0.43217958623981323,NMC,69
408.1913859859719,3.918414887675984,0.4881252319720893,NMC,69
454.9755495070327,3.9137562359403115,0.5440708777043655,NMC,69
501.75971302809353,3.8908793482557753,0.6000165234366416,NMC,69
548.5438765491543,3.8869631030271776,0.6559621691689177,NMC,69
595.3280400702151,3.862873992161813,0.7119078149011937,NMC,69
642.1122035912759,3.853319056066321,0.7678534606334698,NMC,69
735.6805306333976,3.837723169779528,0.8797447520980222,NMC,69
829.2488576755192,3.8140631496421213,0.9916360435625744,NMC,69
922.8171847176408,3.8035300554761258,1.1035273350271266,NMC,69
1016.3855117597624,3.777051407568565,1.2154186264916789,NMC,69
1109.953838801884,3.7595761376757104,1.327309917956231,NMC,69
1203.5221658440057,3.719012816624017,1.4392012094207833,NMC,69
1297.090492886127,3.6896428032984736,1.5510925008853356,NMC,69
1390.658819928249,3.659842177254327,1.6629837923498876,NMC,69
1484.2271469703703,3.6340431664193367,1.7748750838144398,NMC,69
1671.3638010546138,3.588911489249873,1.9986576667435443,NMC,69
1858.500455138857,3.562992812309766,2.222440249672649,NMC,69
2045.6371092231,3.5287781979293866,2.4462228326017534,NMC,69
2232.7737633073434,3.5006955967753357,2.6700054155308575,NMC,69
2419.910417391586,3.456549309798324,2.893787998459962,NMC,69
2607.04707147583,3.395959394760715,3.1175705813890664,NMC,69
2794.183725560073,3.356547208591592,3.341353164318171,NMC,69
2981.3203796443163,3.303202685600175,3.5651357472472753,NMC,69
3355.5936878128027,3.0063632733880623,4.012700913105484,NMC,69
3567.8549154554717,2.5067826054300455,4.266528074919523,NMC,69
0.0,4.068947259372883,0.0,NMC,70
0.001649316382847,4.0602364994803075,2.2154973773941053e-06,NMC,70
0.003298632765694,4.059078850558683,4.4309947547882106e-06,NMC,70
0.006597265531388,4.063455708574113,8.861989509576421e-06,NMC,70
0.0131945310627761,4.077110237110706,1.7723979019152842e-05,NMC,70
0.0263890621255522,4.065684225922365,3.5447958038305685e-05,NMC,70
0.0527781242511044,4.065777080259112,7.089591607661137e-05,NMC,70
0.1055562485022088,4.066019133284433,0.0001417918321532108,NMC,70
0.2111124970044177,4.065064856637743,0.0002835836643064216,NMC,70
0.4222249940088354,4.059943999009853,0.0005671673286128432,NMC,70
0.8444499880176709,4.0546850502306,0.0011343346572256865,NMC,70
1.6888999760353418,4.05672337006661,0.00226866931445147,NMC,70
2.533349964053013,4.050865981901733,0.0034030039716772533,NMC,70
4.222249940088354,4.049558272317056,0.00567167328612882,NMC,70
5.911149916123696,4.040958289289568,0.007940342600580385,NMC,70
7.600049892159038,4.04144432160844,0.010209011915031953,NMC,70
9.28894986819438,4.033202351502244,0.01247768122948352,NMC,70
12.666749820265062,4.025886588381808,0.017015019858386653,NMC,70
16.044549772335746,4.023563652916195,0.021552358487289786,NMC,70
21.076941212052834,4.016006540268153,0.02831228044808916,NMC,70
25.606093507798217,4.0157088433441,0.034396210212808656,NMC,70
30.135245803543594,4.003110527489437,0.040480139977528154,NMC,70
34.664398099288974,4.007612079617106,0.04656406974224756,NMC,70
39.19355039503435,4.002258514369263,0.05264799950696705,NMC,70
48.25185498652511,3.9909719677019337,0.06481585903640595,NMC,70
57.31015957801587,3.993590099541205,0.07698371856584484,NMC,70
69.00620045828107,3.991863822907754,0.09269480236129723,NMC,70
80.70224133854627,3.9860199805815544,0.10840588615674952,NMC,70
92.39828221881147,3.992052900138867,0.12411696995220192,NMC,70
104.09432309907668,3.9859815268535095,0.13982805374765422,NMC,70
115.79036397934188,3.974263803753801,0.1555391375431066,NMC,70
127.48640485960708,3.9814679116816816,0.171250221338559,NMC,70
150.8784866201375,3.9842307625876034,0.20267238892946365,NMC,70
174.2705683806679,3.982335971576319,0.23409455652036834,NMC,70
197.6626501411983,3.9797691435409956,0.26551672411127303,NMC,70
221.0547319017287,3.9695332059762087,0.29693889170217774,NMC,70
244.4468136622591,3.972562097917072,0.3283610592930824,NMC,70
267.8388954227895,3.965823492120631,0.3597832268839871,NMC,70
314.6230589438503,3.950096294280175,0.4226275620657966,NMC,70
361.4072224649111,3.932079908164354,0.485471897247606,NMC,70
408.1913859859719,3.9220578331694265,0.5483162324294153,NMC,70
454.9755495070327,3.914137065543785,0.6111605676112247,NMC,70
501.75971302809353,3.8882313665635704,0.674004902793034,NMC,70
548.5438765491543,3.880526777440029,0.7368492379748435,NMC,70
595.3280400702151,3.8675343435021396,0.7996935731566528,NMC,70
642.1122035912759,3.8542873020639217,0.8625379083384622,NMC,70
735.6805306333976,3.8280976525694537,0.9882265787020811,NMC,70
829.2488576755192,3.8158751447176327,1.1139152490656998,NMC,70
922.8171847176408,3.802446731827432,1.2396039194293185,NMC,70
1016.3855117597624,3.7854768763853066,1.3652925897929373,NMC,70
1109.953838801884,3.7468712988070094,1.490981260156556,NMC,70
1203.5221658440057,3.7191029505784146,1.6166699305201748,NMC,70
1297.090492886127,3.6754968944020563,1.7423586008837935,NMC,70
1390.658819928249,3.6504218689656165,1.8680472712474123,NMC,70
1484.2271469703703,3.626638831044992,1.993735941611031,NMC,70
1671.3638010546138,3.589214851873028,2.2451132823382687,NMC,70
1858.500455138857,3.5653916169012576,2.496490623065506,NMC,70
2045.6371092231,3.5430551652013773,2.7478679637927437,NMC,70
2232.7737633073434,3.493704015299162,2.999245304519981,NMC,70
2419.910417391586,3.4550292817402144,3.2506226452472182,NMC,70
2607.04707147583,3.392657171666155,3.501999985974456,NMC,70
2794.183725560073,3.352516482610721,3.753377326701693,NMC,70
2981.3203796443163,3.2999512039008194,4.004754667428931,NMC,70
3355.5936878128027,3.010618275652165,4.5075093488834055,NMC,70
3567.8549154554717,2.499661086848902,4.7926360826353775,NMC,70
0.0,4.065505593420886,0.0,NMC,71
0.001649316382847,4.065623844111193,2.1769124740265087e-06,NMC,71
0.003298632765694,4.050134549531474,4.3538249480530175e-06,NMC,71
0.006597265531388,4.068644235309477,8.707649896106035e-06,NMC,71
0.0131945310627761,4.064894130143105,1.741529979221207e-05,NMC,71
0.0263890621255522,4.060212377442591,3.483059958442414e-05,NMC,71
0.0527781242511044,4.058983346816463,6.966119916884828e-05,NMC,71
0.1055562485022088,4.063812184839635,0.00013932239833768482,NMC,71
0.2111124970044177,4.063102415423481,0.00027864479667536965,NMC,71
0.4222249940088354,4.06222932527464,0.0005572895933507393,NMC,71
0.8444499880176709,4.06564810458212,0.0011145791867014786,NMC,71
1.6888999760353418,4.0559441764123365,0.0022291583734030526,NMC,71
2.533349964053013,4.053416723355897,0.003343737560104626,NMC,71
4.222249940088354,4.036116918498241,0.005572895933507773,NMC,71
5.911149916123696,4.041485125641658,0.00780205430691092,NMC,71
7.600049892159038,4.040171202789198,0.010031212680314068,NMC,71
9.28894986819438,4.03406911052862,0.012260371053717216,NMC,71
12.666749820265062,4.028163150223796,0.016718687800523508,NMC,71
16.044549772335746,4.02323456913721,0.021177004547329806,NMC,71
21.076941212052834,4.021410730753166,0.027819196314317472,NMC,71
25.606093507798217,4.0127318043880456,0.03379716890460643,NMC,71
30.135245803543594,4.000229749780973,0.03977514149489539,NMC,71
34.664398099288974,4.002012770734606,0.04575311408518425,NMC,71
39.19355039503435,4.0011290898186695,0.05173108667547321,NMC,71
48.25185498652511,4.000097974767569,0.06368703185605104,NMC,71
57.31015957801587,3.9872688836347545,0.07564297703662885,NMC,71
69.00620045828107,3.9917426802933065,0.09108043800759351,NMC,71
80.70224133854627,3.9915158398311434,0.10651789897855807,NMC,71
92.39828221881147,3.985872317432093,0.12195535994952272,NMC,71
104.09432309907668,3.9865586417579104,0.13739282092048727,NMC,71
115.79036397934188,3.982674983029236,0.15283028189145195,NMC,71
127.48640485960708,3.9859132203317724,0.16826774286241658,NMC,71
150.8784866201375,3.9827320984800947,0.19914266480434578,NMC,71
174.2705683806679,3.9800408237986282,0.230017586746275,NMC,71
197.6626501411983,3.972907300206975,0.26089250868820424,NMC,71
221.0547319017287,3.969365851285851,0.29176743063013344,NMC,71
244.4468136622591,3.978834630570077,0.32264235257206264,NMC,71
267.8388954227895,3.970545143778161,0.35351727451399184,NMC,71
314.6230589438503,3.9463010345383647,0.4152671183978504,NMC,71
361.4072224649111,3.934085410634135,0.4770169622817088,NMC,71
408.1913859859719,3.921389397085685,0.5387668061655673,NMC,71
454.9755495070327,3.89538858727934,0.6005166500494257,NMC,71
501.75971302809353,3.8905302037508815,0.6622664939332841,NMC,71
548.5438765491543,3.8652106783131135,0.7240163378171426,NMC,71
595.3280400702151,3.875453288540478,0.785766181701001,NMC,71
642.1122035912759,3.8564009147665783,0.8475160255848594,NMC,71
735.6805306333976,3.8379637622871656,0.9710157133525764,NMC,71
829.2488576755192,3.8206272009014546,1.0945154011202933,NMC,71
922.8171847176408,3.7974448836979295,1.2180150888880101,NMC,71
1016.3855117597624,3.784054118321846,1.341514776655727,NMC,71
1109.953838801884,3.7525828552304272,1.4650144644234437,NMC,71
1203.5221658440057,3.7199400756673207,1.5885141521911608,NMC,71
1297.090492886127,3.6779726977273834,1.7120138399588776,NMC,71
1390.658819928249,3.6513034395111736,1.8355135277265944,NMC,71
1484.2271469703703,3.6228688676194736,1.9590132154943112,NMC,71
1671.3638010546138,3.592790308546164,2.206012591029745,NMC,71
1858.500455138857,3.5528149478266204,2.4530119665651786,NMC,71
2045.6371092231,3.5381290015414395,2.7000113421006127,NMC,71
2232.7737633073434,3.508762488517684,2.9470107176360463,NMC,71
2419.910417391586,3.4547704842577334,3.19401009317148,NMC,71
2607.04707147583,3.4056840756390976,3.4410094687069135,NMC,71
2794.183725560073,3.3451287232693376,3.6880088442423475,NMC,71
2981.3203796443163,3.297327005345949,3.935008219777781,NMC,71
3355.5936878128027,3.0069834007846095,4.429006970848649,NMC,71
3567.8549154554717,2.507747441979096,4.7091679630106755,NMC,71
0.0,4.059385038624363,0.0,NMC,72
0.001649316382847,4.064481628593053,2.1162505604926413e-06,NMC,72
0.003298632765694,4.0646473365094,4.232501120985283e-06,NMC,72
0.006597265531388,4.067538594855753,8.465002241970565e-06,NMC,72
0.0131945310627761,4.06086123444959,1.693000448394113e-05,NMC,72
0.0263890621255522,4.059876176547062,3.386000896788226e-05,NMC,72
0.0527781242511044,4.069264268856703,6.772001793576452e-05,NMC,72
0.1055562485022088,4.064536547817907,0.00013544003587151763,NMC,72
0.2111124970044177,4.058596584046769,0.00027088007174303527,NMC,72
0.4222249940088354,4.068184887983289,0.0005417601434860705,NMC,72
0.8444499880176709,4.060586985287188,0.001083520286972141,NMC,72
1.6888999760353418,4.052321717319813,0.002167040573944375,NMC,72
2.533349964053013,4.059893191029356,0.0032505608609166084,NMC,72
4.222249940088354,4.043419875941498,0.005417601434861075,NMC,72
5.911149916123696,4.046314888948733,0.007584642008805542,NMC,72
7.600049892159038,4.041681110421471,0.009751682582750009,NMC,72
9.28894986819438,4.038555157688009,0.011918723156694476,NMC,72
12.666749820265062,4.02451183976938,0.01625280430458341,NMC,72
16.044549772335746,4.013840794479608,0.020586885452472344,NMC,72
21.076941212052834,4.011112275585883,0.027043985688472043,NMC,72
25.606093507798217,4.007978662598234,0.03285537590087183,NMC,72
30.135245803543594,4.0013270406249335,0.03866676611327161,NMC,72
34.664398099288974,4.012014624077655,0.04447815632567131,NMC,72
39.19355039503435,3.997066378338703,0.05028954653807109,NMC,72
48.25185498652511,3.999650816646296,0.06191232696287057,NMC,72
57.31015957801587,3.9867074574725443,0.07353510738767004,NMC,72
69.00620045828107,3.9841487088629632,0.08854238757103924,NMC,72
80.70224133854627,3.990290350270425,0.10354966775440834,NMC,72
92.39828221881147,3.9847876786095178,0.11855694793777753,NMC,72
104.09432309907668,3.9880720546918886,0.13356422812114663,NMC,72
115.79036397934188,3.9890376820534548,0.14857150830451582,NMC,72
127.48640485960708,3.9888770758382908,0.16357878848788499,NMC,72
150.8784866201375,3.9887813876486513,0.1935933488546233,NMC,72
174.2705683806679,3.979456076611883,0.2236079092213616,NMC,72
197.6626501411983,3.971863533350905,0.25362246958809986,NMC,72
221.0547319017287,3.9827402907309897,0.28363702995483814,NMC,72
244.4468136622591,3.9679442270091703,0.31365159032157647,NMC,72
267.8388954227895,3.963547026130322,0.34366615068831474,NMC,72
314.6230589438503,3.9537839132682016,0.4036952714217914,NMC,72
361.4072224649111,3.932955527356726,0.463724392155268,NMC,72
408.1913859859719,3.9178267546381185,0.5237535128887446,NMC,72
454.9755495070327,3.9155009333782584,0.5837826336222212,NMC,72
501.75971302809353,3.894161261824854,0.6438117543556977,NMC,72
548.5438765491543,3.881033637468631,0.7038408750891744,NMC,72
595.3280400702151,3.866321557891395,0.7638699958226509,NMC,72
642.1122035912759,3.866477887594559,0.8238991165561275,NMC,72
735.6805306333976,3.8343188277235174,0.9439573580230808,NMC,72
829.2488576755192,3.824405349796569,1.064015599490034,NMC,72
922.8171847176408,3.801188343147537,1.184073840956987,NMC,72
1016.3855117597624,3.7853598357421587,1.3041320824239402,NMC,72
1109.953838801884,3.755099848880413,1.4241903238908935,NMC,72
1203.5221658440057,3.716633234270457,1.5442485653578466,NMC,72
1297.090492886127,3.6843303526503877,1.6643068068247997,NMC,72
1390.658819928249,3.6470576370372667,1.784365048291753,NMC,72
1484.2271469703703,3.6304739726103077,1.9044232897587061,NMC,72
1671.3638010546138,3.5840543020517077,2.1445397726926125,NMC,72
1858.500455138857,3.55940547287518,2.3846562556265187,NMC,72
2045.6371092231,3.530972384842032,2.6247727385604254,NMC,72
2232.7737633073434,3.4998005853283063,2.8648892214943316,NMC,72
2419.910417391586,3.4504554982043287,3.1050057044282378,NMC,72
2607.04707147583,3.398521001460029,3.345122187362144,NMC,72
2794.183725560073,3.350707315340339,3.5852386702960506,NMC,72
2981.3203796443163,3.2963689091516204,3.825355153229957,NMC,72
3355.5936878128027,3.0076194848152475,4.305588119097769,NMC,72
3567.8549154554717,2.5040559760964043,4.577942135974906,NMC,72
0.0,4.0632793290754305,0.0,NMC,73
0.001649316382847,4.0680824852508675,2.0960349062088768e-06,NMC,73
0.003298632765694,4.062513583534099,4.1920698124177535e-06,NMC,73
0.006597265531388,4.061913508750833,8.384139624835507e-06,NMC,73
0.0131945310627761,4.0705650843103935,1.6768279249671014e-05,NMC,73
0.0263890621255522,4.0641252510446435,3.353655849934203e-05,NMC,73
0.0527781242511044,4.054187184816854,6.707311699868406e-05,NMC,73
0.1055562485022088,4.057577714064999,0.0001341462339973568,NMC,73
0.2111124970044177,4.0613932479945465,0.0002682924679947136,NMC,73
0.4222249940088354,4.063830724812122,0.0005365849359894272,NMC,73
0.8444499880176709,4.063108290164673,0.0010731698719788545,NMC,73
1.6888999760353418,4.060556486789184,0.002146339743957801,NMC,73
2.533349964053013,4.054181375503397,0.003219509615936747,NMC,73
4.222249940088354,4.046913306351653,0.005365849359894639,NMC,73
5.911149916123696,4.036681525107347,0.007512189103852531,NMC,73
7.600049892159038,4.044209075156865,0.009658528847810424,NMC,73
9.28894986819438,4.031873954958684,0.011804868591768316,NMC,73
12.666749820265062,4.025528488667869,0.0160975480796841,NMC,73
16.044549772335746,4.017664896471361,0.020390227567599884,NMC,73
21.076941212052834,4.012443352141133,0.0267856458324363,NMC,73
25.606093507798217,4.0095812380056985,0.03254152227078913,NMC,73
30.135245803543594,3.9983843445703515,0.038297398709141964,NMC,73
34.664398099288974,4.002196780036338,0.04405327514749471,NMC,73
39.19355039503435,3.9939910342133436,0.04980915158584753,NMC,73
48.25185498652511,3.998225626025284,0.06132090446255311,NMC,73
57.31015957801587,3.992791140489917,0.07283265733925867,NMC,73
69.00620045828107,3.989915836122109,0.08769657926742394,NMC,73
80.70224133854627,4.000002045884062,0.10256050119558908,NMC,73
92.39828221881147,3.9879017737557665,0.11742442312375435,NMC,73
104.09432309907668,3.9907364728783588,0.1322883450519195,NMC,73
115.79036397934188,3.9781453882423854,0.14715226698008477,NMC,73
127.48640485960708,3.9798525344094586,0.16201618890825,NMC,73
150.8784866201375,3.978781178592725,0.1917440327645804,NMC,73
174.2705683806679,3.972563658679066,0.22147187662091083,NMC,73
197.6626501411983,3.9714027452725955,0.25119972047724126,NMC,73
221.0547319017287,3.9747691067244753,0.28092756433357163,NMC,73
244.4468136622591,3.969198486346153,0.31065540818990206,NMC,73
267.8388954227895,3.9611875371845264,0.3403832520462325,NMC,73
314.6230589438503,3.946855437554379,0.3998389397588934,NMC,73
361.4072224649111,3.944591764667885,0.45929462747155425,NMC,73
408.1913859859719,3.9191692800612494,0.5187503151842151,NMC,73
454.9755495070327,3.914076223109035,0.578206002896876,NMC,73
501.75971302809353,3.889251347956361,0.6376616906095367,NMC,73
548.5438765491543,3.8844464440735873,0.6971173783221976,NMC,73
595.3280400702151,3.8708178573328356,0.7565730660348584,NMC,73
642.1122035912759,3.8576739020944157,0.8160287537475193,NMC,73
735.6805306333976,3.8397047378803117,0.934940129172841,NMC,73
829.2488576755192,3.826319223773654,1.0538515045981627,NMC,73
922.8171847176408,3.801338979472641,1.1727628800234844,NMC,73
1016.3855117597624,3.7844752658627647,1.291674255448806,NMC,73
1109.953838801884,3.753833744219612,1.4105856308741276,NMC,73
1203.5221658440057,3.7109116768280512,1.5294970062994493,NMC,73
1297.090492886127,3.6965302412728414,1.648408381724771,NMC,73
1390.658819928249,3.657943177322148,1.7673197571500927,NMC,73
1484.2271469703703,3.6333078129955982,1.8862311325754142,NMC,73
1671.3638010546138,3.5925826276134405,2.1240538834260576,NMC,73
1858.500455138857,3.5601379285307693,2.361876634276701,NMC,73
2045.6371092231,3.5290725754248653,2.599699385127345,NMC,73
2232.7737633073434,3.4974160125573546,2.8375221359779874,NMC,73
2419.910417391586,3.459031775081749,3.075344886828631,NMC,73
2607.04707147583,3.4027375041284778,3.3131676376792742,NMC,73
2794.183725560073,3.348865930441833,3.5509903885299177,NMC,73
2981.3203796443163,3.2906952108583365,3.788813139380561,NMC,73
3355.5936878128027,3.0025507146999115,4.2644586410818475,NMC,73
3567.8549154554717,2.504239458584558,4.534210974230805,NMC,73
0.0,4.061620466246904,0.0,NMC,74
0.001649316382847,4.067330906999739,2.048895299855129e-06,NMC,74
0.003298632765694,4.065098999048612,4.097790599710258e-06,NMC,74
0.006597265531388,4.067193562865925,8.195581199420515e-06,NMC,74
0.0131945310627761,4.07755376921477,1.639116239884103e-05,NMC,74
0.0263890621255522,4.063347520001579,3.278232479768206e-05,NMC,74
0.0527781242511044,4.072403714538118,6.556464959536412e-05,NMC,74
0.1055562485022088,4.064778571669894,0.00013112929919071722,NMC,74
0.2111124970044177,4.0595593654111015,0.00026225859838143443,NMC,74
0.4222249940088354,4.067039196505623,0.0005245171967628689,NMC,74
0.8444499880176709,4.057089002816307,0.0010490343935257377,NMC,74
1.6888999760353418,4.053936028565054,0.0020980687870515652,NMC,74
2.533349964053013,4.053533647698331,0.0031471031805773925,NMC,74
4.222249940088354,4.037282324355927,0.005245171967629047,NMC,74
5.911149916123696,4.051317984330283,0.007343240754680702,NMC,74
7.600049892159038,4.035817826964495,0.009441309541732355,NMC,74
9.28894986819438,4.0365664015689395,0.011539378328784012,NMC,74
12.666749820265062,4.02537992388334,0.01573551590288732,NMC,74
16.044549772335746,4.0189897450789545,0.019931653476990628,NMC,74
21.076941212052834,4.013915717652231,0.026183239452307955,NMC,74
25.606093507798217,4.001688715235376,0.031809666830093605,NMC,74
30.135245803543594,4.006240098457294,0.03743609420787925,NMC,74
34.664398099288974,4.001945358683254,0.043062521585664815,NMC,74
39.19355039503435,3.995018056871214,0.04868894896345046,NMC,74
48.25185498652511,4.0027720574957195,0.05994180371902167,NMC,74
57.31015957801587,3.990679993946183,0.07119465847459287,NMC,74
69.00620045828107,3.98628375293707,0.08572429234940034,NMC,74
80.70224133854627,3.9836389673668693,0.1002539262242077,NMC,74
92.39828221881147,3.9865295652245725,0.11478356009901518,NMC,74
104.09432309907668,3.985204327598961,0.12931319397382254,NMC,74
115.79036397934188,3.983720669345639,0.14384282784863,NMC,74
127.48640485960708,3.978814409653389,0.15837246172343744,NMC,74
150.8784866201375,3.998325173004429,0.18743172947305228,NMC,74
174.2705683806679,3.9913245163466735,0.21649099722266713,NMC,74
197.6626501411983,3.9751302440238767,0.24555026497228194,NMC,74
221.0547319017287,3.975805619507757,0.2746095327218968,NMC,74
244.4468136622591,3.9645158012503234,0.3036688004715116,NMC,74
267.8388954227895,3.9617159085147446,0.33272806822112644,NMC,74
314.6230589438503,3.9403205992819466,0.39084660372035623,NMC,74
361.4072224649111,3.931998515545972,0.4489651392195859,NMC,74
408.1913859859719,3.922718188035079,0.5070836747188155,NMC,74
454.9755495070327,3.9142317876654236,0.5652022102180452,NMC,74
501.75971302809353,3.890211567730667,0.6233207457172749,NMC,74
548.5438765491543,3.8812790254072707,0.6814392812165045,NMC,74
595.3280400702151,3.870464293464748,0.7395578167157343,NMC,74
642.1122035912759,3.8527607323254647,0.7976763522149639,NMC,74
735.6805306333976,3.826704736038147,0.9139134232134234,NMC,74
829.2488576755192,3.8206207339677656,1.0301504942118827,NMC,74
922.8171847176408,3.8045097212528045,1.1463875652103421,NMC,74
1016.3855117597624,3.781916012935401,1.2626246362088014,NMC,74
1109.953838801884,3.752092526425344,1.3788617072072606,NMC,74
1203.5221658440057,3.724898342013176,1.4950987782057201,NMC,74
1297.090492886127,3.6873392700102428,1.6113358492041794,NMC,74
1390.658819928249,3.6502841584682986,1.7275729202026386,NMC,74
1484.2271469703703,3.631516152442972,1.8438099912010981,NMC,74
1671.3638010546138,3.5874690831637457,2.076284133198017,NMC,74
1858.500455138857,3.562404628828436,2.3087582751949354,NMC,74
2045.6371092231,3.5354116085572898,2.5412324171918543,NMC,74
2232.7737633073434,3.490527439947635,2.773706559188773,NMC,74
2419.910417391586,3.4547288067403144,3.0061807011856914,NMC,74
2607.04707147583,3.397006763326726,3.2386548431826103,NMC,74
2794.183725560073,3.3505023011064674,3.471128985179529,NMC,74
2981.3203796443163,3.2991909724120116,3.7036031271764474,NMC,74
3355.5936878128027,3.011347577943898,4.168551411170284,NMC,74
3567.8549154554717,2.4938883195917496,4.432237042490957,NMC,74
0.0,4.064804344224665,0.0,NMC,75
0.001649316382847,4.0755149753728865,1.8564689280237765e-06,NMC,75
0.003298632765694,4.063631533696,3.712937856047553e-06,NMC,75
0.006597265531388,4.056574849913257,7.425875712095106e-06,NMC,75
0.0131945310627761,4.062486201961222,1.4851751424190212e-05,NMC,75
0.0263890621255522,4.068569789320061,2.9703502848380424e-05,NMC,75
0.0527781242511044,4.059120178658032,5.940700569676085e-05,NMC,75
0.1055562485022088,4.0678201183471625,0.0001188140113935117,NMC,75
0.2111124970044177,4.059229460196686,0.0002376280227870234,NMC,75
0.4222249940088354,4.070897519806997,0.0004752560455740468,NMC,75
0.8444499880176709,4.061809443720815,0.0009505120911480936,NMC,75
1.6888999760353418,4.050427397630834,0.0019010241822962684,NMC,75
2.533349964053013,4.046151487709054,0.0028515362734444433,NMC,75
4.222249940088354,4.041784186321697,0.004752560455740793,NMC,75
5.911149916123696,4.046608273794819,0.006653584638037141,NMC,75
7.600049892159038,4.032055708281618,0.00855460882033349,NMC,75
9.28894986819438,4.041412967413236,0.01045563300262984,NMC,75
12.666749820265062,4.026853734726929,0.014257681367222538,NMC,75
16.044549772335746,4.019606166840091,0.018059729731815237,NMC,75
21.076941212052834,4.008055976237698,0.02372418467730047,NMC,75
25.606093507798217,4.004330859934825,0.028822194128237225,NMC,75
30.135245803543594,4.000857597266248,0.03392020357917398,NMC,75
34.664398099288974,4.004153850850038,0.03901821303011067,NMC,75
39.19355039503435,3.9941278026134674,0.04411622248104742,NMC,75
48.25185498652511,3.99501457189563,0.05431224138292086,NMC,75
57.31015957801587,3.9993876240565784,0.06450826028479428,NMC,75
69.00620045828107,3.998677597626595,0.0776733126064278,NMC,75
80.70224133854627,3.987655786907411,0.09083836492806123,NMC,75
92.39828221881147,3.9897726355093206,0.10400341724969475,NMC,75
104.09432309907668,3.9949136100044345,0.11716846957132818,NMC,75
115.79036397934188,3.979833308244256,0.13033352189296168,NMC,75
127.48640485960708,3.9899339084640095,0.1434985742145952,NMC,75
150.8784866201375,3.9718623723103272,0.16982867885786213,NMC,75
174.2705683806679,3.97424693335297,0.19615878350112909,NMC,75
197.6626501411983,3.9756554840802423,0.22248888814439602,NMC,75
221.0547319017287,3.959983326713881,0.24881899278766298,NMC,75
244.4468136622591,3.9761753577204253,0.2751490974309299,NMC,75
267.8388954227895,3.9583268922500814,0.3014792020741969,NMC,75
314.6230589438503,3.948737885137563,0.35413941136073085,NMC,75
361.4072224649111,3.9319096484224105,0.4067996206472647,NMC,75
408.1913859859719,3.912645913223055,0.45945982993379864,NMC,75
454.9755495070327,3.9065214823522414,0.5121200392203324,NMC,75
501.75971302809353,3.886934200063519,0.5647802485068664,NMC,75
548.5438765491543,3.8846709551801033,0.6174404577934003,NMC,75
595.3280400702151,3.865011874966399,0.6701006670799342,NMC,75
642.1122035912759,3.854981342432415,0.722760876366468,NMC,75
735.6805306333976,3.832792459900477,0.828081294939536,NMC,75
829.2488576755192,3.824712004095548,0.9334017135126037,NMC,75
922.8171847176408,3.802409115168629,1.0387221320856714,NMC,75
1016.3855117597624,3.7857190217861896,1.1440425506587393,NMC,75
1109.953838801884,3.749404282049991,1.2493629692318071,NMC,75
1203.5221658440057,3.7112386708232274,1.3546833878048747,NMC,75
1297.090492886127,3.6836626109779154,1.4600038063779426,NMC,75
1390.658819928249,3.6500377586905994,1.5653242249510104,NMC,75
1484.2271469703703,3.6337182716793595,1.670644643524078,NMC,75
1671.3638010546138,3.596366176729245,1.8812854806702137,NMC,75
1858.500455138857,3.5539938177093915,2.091926317816349,NMC,75
2045.6371092231,3.528876665388878,2.3025671549624853,NMC,75
2232.7737633073434,3.495852271667196,2.5132079921086206,NMC,75
2419.910417391586,3.4570433679325987,2.723848829254756,NMC,75
2607.04707147583,3.4019150544957824,2.9344896664008915,NMC,75
2794.183725560073,3.340236217363823,3.145130503547027,NMC,75
2981.3203796443163,3.300612159546983,3.3557713406931624,NMC,75
3355.5936878128027,3.0103153612216835,3.7770530149854338,NMC,75
3567.8549154554717,2.5011200267997182,4.015974047869728,NMC,75
0.0,4.064660856625411,0.0,NMC,76
0.001649316382847,4.064386962940564,1.883038765934466e-06,NMC,76
0.003298632765694,4.0648508748337315,3.766077531868932e-06,NMC,76
0.006597265531388,4.065465347063353,7.532155063737864e-06,NMC,76
0.0131945310627761,4.071114172909373,1.5064310127475727e-05,NMC,76
0.0263890621255522,4.062823783030882,3.0128620254951455e-05,NMC,76
0.0527781242511044,4.065205884934513,6.025724050990291e-05,NMC,76
0.1055562485022088,4.05490254398193,0.00012051448101979568,NMC,76
0.2111124970044177,4.050853088140856,0.00024102896203959137,NMC,76
0.4222249940088354,4.061367457233394,0.00048205792407918273,NMC,76
0.8444499880176709,4.065199506598776,0.0009641158481583655,NMC,76
1.6888999760353418,4.064083180908975,0.0019282316963168133,NMC,76
2.533349964053013,4.046986690408134,0.0028923475444752613,NMC,76
4.222249940088354,4.046296174850814,0.004820579240792156,NMC,76
5.911149916123696,4.043749205788424,0.006748810937109052,NMC,76
7.600049892159038,4.038902619195024,0.008677042633425947,NMC,76
9.28894986819438,4.029769121210951,0.010605274329742842,NMC,76
12.666749820265062,4.023037633686493,0.014461737722376633,NMC,76
16.044549772335746,4.020069902498782,0.018318201115010424,NMC,76
21.076941212052834,4.016047249096649,0.02406372590630997,NMC,76
25.606093507798217,4.003000217659233,0.029234698218479602,NMC,76
30.135245803543594,4.010536703525796,0.034405670530649246,NMC,76
34.664398099288974,3.996261957598773,0.0395766428428188,NMC,76
39.19355039503435,3.999538979382837,0.044747615154988436,NMC,76
48.25185498652511,3.992868734833476,0.05508955977932763,NMC,76
57.31015957801587,3.9953544777407477,0.06543150440366682,NMC,76
69.00620045828107,3.992672366031859,0.07878497534141146,NMC,76
80.70224133854627,3.9912895215917126,0.09213844627915602,NMC,76
92.39828221881147,3.9808560736741763,0.10549191721690067,NMC,76
104.09432309907668,3.9840787993918076,0.11884538815464522,NMC,76
115.79036397934188,3.984372557606118,0.13219885909238988,NMC,76
127.48640485960708,3.975604352839269,0.14555233003013449,NMC,76
150.8784866201375,3.9817842724616437,0.17225927190562368,NMC,76
174.2705683806679,3.970668622662347,0.1989662137811129,NMC,76
197.6626501411983,3.978135868730936,0.2256731556566021,NMC,76
221.0547319017287,3.9710860649652084,0.2523800975320913,NMC,76
244.4468136622591,3.964554692972226,0.2790870394075805,NMC,76
267.8388954227895,3.954078126642423,0.30579398128306967,NMC,76
314.6230589438503,3.936672710496675,0.35920786503404817,NMC,76
361.4072224649111,3.930280731395673,0.41262174878502655,NMC,76
408.1913859859719,3.9220400410153267,0.46603563253600494,NMC,76
454.9755495070327,3.8987853831228314,0.5194495162869833,NMC,76
501.75971302809353,3.890037130370205,0.5728634000379618,NMC,76
548.5438765491543,3.8766843544581717,0.6262772837889402,NMC,76
595.3280400702151,3.8732921651565264,0.6796911675399185,NMC,76
642.1122035912759,3.8619416909542155,0.733105051290897,NMC,76
735.6805306333976,3.8426359326783035,0.8399328187928539,NMC,76
829.2488576755192,3.822966658919423,0.9467605862948106,NMC,76
922.8171847176408,3.80215168729855,1.0535883537967674,NMC,76
1016.3855117597624,3.786163883988535,1.1604161212987243,NMC,76
1109.953838801884,3.7445743675816296,1.267243888800681,NMC,76
1203.5221658440057,3.7137178245456957,1.3740716563026378,NMC,76
1297.090492886127,3.682447668585607,1.4808994238045947,NMC,76
1390.658819928249,3.6607229936837515,1.5877271913065514,NMC,76
1484.2271469703703,3.632497906418013,1.6945549588085083,NMC,76
1671.3638010546138,3.5939412105606863,1.9082104938124218,NMC,76
1858.500455138857,3.559650442434052,2.1218660288163353,NMC,76
2045.6371092231,3.5303530178488525,2.3355215638202496,NMC,76
2232.7737633073434,3.492540778933702,2.5491770988241624,NMC,76
2419.910417391586,3.4530211347845556,2.762832633828076,NMC,76
2607.04707147583,3.394604699453558,2.97648816883199,NMC,76
2794.183725560073,3.3540822018943954,3.1901437038359033,NMC,76
2981.3203796443163,3.295308926276577,3.403799238839817,NMC,76
3355.5936878128027,3.0081895381436046,3.831110308847644,NMC,76
3567.8549154554717,2.4914986505468515,4.073450786583055,NMC,76
0.0,4.067662581126137,0.0,NMC,77
0.001649316382847,4.059080497452395,2.0747719365936925e-06,NMC,77
0.003298632765694,4.06742714605518,4.149543873187385e-06,NMC,77
0.006597265531388,4.061659299098102,8.29908774637477e-06,NMC,77
0.0131945310627761,4.067790772831475,1.659817549274954e-05,NMC,77
0.0263890621255522,4.057581605172758,3.319635098549908e-05,NMC,77
0.0527781242511044,4.0644652195680795,6.639270197099816e-05,NMC,77
0.1055562485022088,4.071936421837213,0.00013278540394198515,NMC,77
0.2111124970044177,4.062754988001538,0.0002655708078839703,NMC,77
0.4222249940088354,4.067541327964957,0.0005311416157679406,NMC,77
0.8444499880176709,4.053859218490895,0.0010622832315358812,NMC,77
1.6888999760353418,4.05542351443314,0.0021245664630718535,NMC,77
2.533349964053013,4.057028710011395,0.003186849694607825,NMC,77
4.222249940088354,4.041252243402955,0.005311416157679769,NMC,77
5.911149916123696,4.0297314074899075,0.007435982620751712,NMC,77
7.600049892159038,4.033061925768885,0.009560549083823656,NMC,77
9.28894986819438,4.03636615911297,0.0116851155468956,NMC,77
12.666749820265062,4.025852165415332,0.015934248473039488,NMC,77
16.044549772335746,4.017945021340932,0.020183381399183374,NMC,77
21.076941212052834,4.010380286831213,0.026513922126036628,NMC,77
25.606093507798217,4.013033525117677,0.032211408780204606,NMC,77
30.135245803543594,4.00489554687128,0.03790889543437259,NMC,77
34.664398099288974,4.001145847820237,0.04360638208854048,NMC,77
39.19355039503435,4.005752517776731,0.04930386874270846,NMC,77
48.25185498652511,3.991861131627026,0.06069884205104434,NMC,77
57.31015957801587,4.001143497282368,0.0720938153593802,NMC,77
69.00620045828107,3.988779418432244,0.08680695205043665,NMC,77
80.70224133854627,3.9879784208099283,0.101520088741493,NMC,77
92.39828221881147,3.9827517306359135,0.11623322543254945,NMC,77
104.09432309907668,3.9802397600742374,0.1309463621236058,NMC,77
115.79036397934188,3.9986239549345046,0.14565949881466225,NMC,77
127.48640485960708,3.986083560798876,0.16037263550571867,NMC,77
150.8784866201375,3.9904385934330175,0.18979890888783146,NMC,77
174.2705683806679,3.9805866195279473,0.21922518226994428,NMC,77
197.6626501411983,3.9761489494783033,0.24865145565205707,NMC,77
221.0547319017287,3.963277122545221,0.2780777290341699,NMC,77
244.4468136622591,3.970997409927124,0.3075040024162827,NMC,77
267.8388954227895,3.958259537291545,0.33693027579839546,NMC,77
314.6230589438503,3.9524879013173035,0.39578282256262115,NMC,77
361.4072224649111,3.9243022151950364,0.4546353693268468,NMC,77
408.1913859859719,3.9263288275387476,0.5134879160910724,NMC,77
454.9755495070327,3.907961962181151,0.5723404628552979,NMC,77
501.75971302809353,3.9068488671411545,0.6311930096195235,NMC,77
548.5438765491543,3.8762884332711884,0.6900455563837492,NMC,77
595.3280400702151,3.869289756498772,0.7488981031479748,NMC,77
642.1122035912759,3.8568242970542506,0.8077506499122004,NMC,77
735.6805306333976,3.8357291386743104,0.9254557434406516,NMC,77
829.2488576755192,3.8174807682639558,1.0431608369691028,NMC,77
922.8171847176408,3.811249441355211,1.1608659304975542,NMC,77
1016.3855117597624,3.7735807671692485,1.2785710240260053,NMC,77
1109.953838801884,3.7592892300573477,1.3962761175544565,NMC,77
1203.5221658440057,3.7159673768115336,1.5139812110829076,NMC,77
1297.090492886127,3.679848636472975,1.6316863046113588,NMC,77
1390.658819928249,3.6638516811408115,1.74939139813981,NMC,77
1484.2271469703703,3.620227785036113,1.8670964916682613,NMC,77
1671.3638010546138,3.5965260536278914,2.1025066787251636,NMC,77
1858.500455138857,3.559201422739932,2.337916865782066,NMC,77
2045.6371092231,3.533846402913831,2.5733270528389687,NMC,77
2232.7737633073434,3.4934266874709587,2.808737239895871,NMC,77
2419.910417391586,3.452934628291967,3.0441474269527733,NMC,77
2607.04707147583,3.4010501883707924,3.2795576140096756,NMC,77
2794.183725560073,3.353535214549654,3.514967801066578,NMC,77
2981.3203796443163,3.2995916021067515,3.75037798812348,NMC,77
3355.5936878128027,3.0034972675387395,4.221198362237285,NMC,77
3567.8549154554717,2.500752961637673,4.488214225852086,NMC,77
0.0,4.057978371143469,0.0,NMC,78
0.001649316382847,4.072941089326208,2.06969805650578e-06,NMC,78
0.003298632765694,4.0596846405749965,4.13939611301156e-06,NMC,78
0.006597265531388,4.053819876889989,8.27879222602312e-06,NMC,78
0.0131945310627761,4.065928105104131,1.655758445204624e-05,NMC,78
0.0263890621255522,4.0574621298342,3.311516890409248e-05,NMC,78
0.0527781242511044,4.075467541570317,6.623033780818496e-05,NMC,78
0.1055562485022088,4.064438527729396,0.00013246067561635877,NMC,78
0.2111124970044177,4.069224312481415,0.00026492135123271755,NMC,78
0.4222249940088354,4.058664628907754,0.0005298427024654351,NMC,78
0.8444499880176709,4.061095405940306,0.0010596854049308702,NMC,78
1.6888999760353418,4.061315347938561,0.002119370809861831,NMC,78
2.533349964053013,4.050123596976281,0.0031790562147927916,NMC,78
4.222249940088354,4.050917840589516,0.005298427024654713,NMC,78
5.911149916123696,4.036937971195465,0.007417797834516634,NMC,78
7.600049892159038,4.035187834621922,0.009537168644378554,NMC,78
9.28894986819438,4.029784367255498,0.011656539454240477,NMC,78
12.666749820265062,4.018144572933274,0.015895281073964318,NMC,78
16.044549772335746,4.015142052670184,0.02013402269368816,NMC,78
21.076941212052834,4.0011251237889764,0.026449082005946787,NMC,78
25.606093507798217,4.005189950831766,0.03213263538697961,NMC,78
30.135245803543594,4.006651164775851,0.037816188768012425,NMC,78
34.664398099288974,4.0016586909328105,0.04349974214904516,NMC,78
39.19355039503435,3.997621238731448,0.04918329553007797,NMC,78
48.25185498652511,3.9978515503414576,0.06055040229214352,NMC,78
57.31015957801587,3.991026139191828,0.07191750905420906,NMC,78
69.00620045828107,3.986977824920122,0.08659466458995355,NMC,78
80.70224133854627,3.986345660815504,0.10127182012569792,NMC,78
92.39828221881147,3.9864816055498284,0.11594897566144241,NMC,78
104.09432309907668,3.9820891180255127,0.1306261311971868,NMC,78
115.79036397934188,3.9820413004244384,0.14530328673293127,NMC,78
127.48640485960708,3.9842191934220303,0.15998044226867575,NMC,78
150.8784866201375,3.9827376438491857,0.1893347533401646,NMC,78
174.2705683806679,3.985499407182678,0.21868906441165348,NMC,78
197.6626501411983,3.9682609010867655,0.24804337548314234,NMC,78
221.0547319017287,3.9702539301115136,0.2773976865546312,NMC,78
244.4468136622591,3.9759609285327064,0.30675199762612004,NMC,78
267.8388954227895,3.9626782148422803,0.33610630869760894,NMC,78
314.6230589438503,3.935616480976738,0.3948149308405868,NMC,78
361.4072224649111,3.9381773545952354,0.4535235529835645,NMC,78
408.1913859859719,3.917718080508557,0.5122321751265423,NMC,78
454.9755495070327,3.8990618399888195,0.57094079726952,NMC,78
501.75971302809353,3.887410593299516,0.6296494194124977,NMC,78
548.5438765491543,3.8850032245594304,0.6883580415554754,NMC,78
595.3280400702151,3.873535279708247,0.7470666636984532,NMC,78
642.1122035912759,3.854092954933614,0.8057752858414309,NMC,78
735.6805306333976,3.843893560174184,0.9231925301273864,NMC,78
829.2488576755192,3.812551731224553,1.040609774413342,NMC,78
922.8171847176408,3.7992612446650607,1.1580270186992974,NMC,78
1016.3855117597624,3.7756045940002245,1.275444262985253,NMC,78
1109.953838801884,3.7503409156977554,1.3928615072712083,NMC,78
1203.5221658440057,3.7106817735945863,1.5102787515571638,NMC,78
1297.090492886127,3.680127466424795,1.6276959958431192,NMC,78
1390.658819928249,3.6494449587869,1.7451132401290748,NMC,78
1484.2271469703703,3.6358896990386107,1.86253048441503,NMC,78
1671.3638010546138,3.5884030080789215,2.097364972986941,NMC,78
1858.500455138857,3.5602562960196353,2.332199461558852,NMC,78
2045.6371092231,3.5333882562125716,2.5670339501307633,NMC,78
2232.7737633073434,3.4973128482541083,2.801868438702674,NMC,78
2419.910417391586,3.457420338072918,3.0367029272745847,NMC,78
2607.04707147583,3.3964047712386907,3.271537415846496,NMC,78
2794.183725560073,3.348840071303714,3.506371904418407,NMC,78
2981.3203796443163,3.2973870978079978,3.7412063929903177,NMC,78
3355.5936878128027,3.0159694554297816,4.21087537013414,NMC,78
3567.8549154554717,2.5000838109115358,4.477238243196265,NMC,78
0.0,4.069486228040932,0.0,NMC,79
0.001649316382847,4.071120013775926,1.9086394314153843e-06,NMC,79
0.003298632765694,4.06121274554622,3.817278862830769e-06,NMC,79
0.006597265531388,4.063703731183285,7.634557725661537e-06,NMC,79
0.0131945310627761,4.066027804965053,1.5269115451323075e-05,NMC,79
0.0263890621255522,4.06895725155343,3.053823090264615e-05,NMC,79
0.0527781242511044,4.0623382979999185,6.10764618052923e-05,NMC,79
0.1055562485022088,4.06456282940262,0.00012215292361057433,NMC,79
0.2111124970044177,4.063297494204594,0.00024430584722114865,NMC,79
0.4222249940088354,4.058743189301089,0.0004886116944422973,NMC,79
0.8444499880176709,4.060148230410057,0.0009772233888845946,NMC,79
1.6888999760353418,4.06635659438059,0.0019544467777692725,NMC,79
2.533349964053013,4.051504169265462,0.0029316701666539506,NMC,79
4.222249940088354,4.046891301340247,0.004886116944423306,NMC,79
5.911149916123696,4.036912304764914,0.006840563722192662,NMC,79
7.600049892159038,4.034359302628237,0.008795010499962017,NMC,79
9.28894986819438,4.042188298644346,0.010749457277731373,NMC,79
12.666749820265062,4.019133388914095,0.014658350833270084,NMC,79
16.044549772335746,4.021268453984623,0.018567244388808794,NMC,79
21.076941212052834,4.007018299478787,0.024390881888595988,NMC,79
25.606093507798217,4.009300284146676,0.02963215563840451,NMC,79
30.135245803543594,4.003180029847387,0.034873429388213036,NMC,79
34.664398099288974,4.008558492299965,0.04011470313802148,NMC,79
39.19355039503435,4.002703099978349,0.045355976887829996,NMC,79
48.25185498652511,3.996186594235529,0.055838524387446964,NMC,79
57.31015957801587,3.997951398870125,0.06632107188706392,NMC,79
69.00620045828107,3.9949217307288123,0.07985608860531548,NMC,79
80.70224133854627,3.98949147652361,0.09339110532356697,NMC,79
92.39828221881147,3.981332241953081,0.10692612204181853,NMC,79
104.09432309907668,3.98652385371699,0.12046113876007,NMC,79
115.79036397934188,3.9810764059009256,0.13399615547832158,NMC,79
127.48640485960708,3.9804468135484705,0.1475311721965731,NMC,79
150.8784866201375,3.986483076091037,0.17460120563307616,NMC,79
174.2705683806679,3.986811704185688,0.2016712390695792,NMC,79
197.6626501411983,3.9734263783551302,0.22874127250608225,NMC,79
221.0547319017287,3.9740937487699326,0.2558113059425853,NMC,79
244.4468136622591,3.9686306225761916,0.2828813393790883,NMC,79
267.8388954227895,3.9609141034198707,0.3099513728155914,NMC,79
314.6230589438503,3.9432453617348275,0.36409143968859753,NMC,79
361.4072224649111,3.935363390712962,0.4182315065616036,NMC,79
408.1913859859719,3.9180589186999697,0.4723715734346097,NMC,79
454.9755495070327,3.9061076531473082,0.5265116403076158,NMC,79
501.75971302809353,3.890906001495871,0.5806517071806219,NMC,79
548.5438765491543,3.881835799417333,0.634791774053628,NMC,79
595.3280400702151,3.880031939092257,0.6889318409266341,NMC,79
642.1122035912759,3.8614285941888644,0.7430719077996402,NMC,79
735.6805306333976,3.843297448447817,0.8513520415456524,NMC,79
829.2488576755192,3.8234988906816265,0.9596321752916646,NMC,79
922.8171847176408,3.8009186439576648,1.0679123090376768,NMC,79
1016.3855117597624,3.779509720710644,1.176192442783689,NMC,79
1109.953838801884,3.7553344217993554,1.2844725765297011,NMC,79
1203.5221658440057,3.7136074706014868,1.3927527102757133,NMC,79
1297.090492886127,3.6893275270416175,1.5010328440217253,NMC,79
1390.658819928249,3.6541355523737,1.6093129777677375,NMC,79
1484.2271469703703,3.6232061396170367,1.7175931115137497,NMC,79
1671.3638010546138,3.585347453186486,1.934153379005774,NMC,79
1858.500455138857,3.5663964323903414,2.1507136464977985,NMC,79
2045.6371092231,3.528340108048552,2.3672739139898233,NMC,79
2232.7737633073434,3.493292076870163,2.5838341814818473,NMC,79
2419.910417391586,3.4476241970774413,2.8003944489738712,NMC,79
2607.04707147583,3.3930713645933017,3.0169547164658956,NMC,79
2794.183725560073,3.3466768719276017,3.23351498395792,NMC,79
2981.3203796443163,3.302627343944159,3.4500752514499444,NMC,79
3355.5936878128027,3.0131878330533546,3.883195786433993,NMC,79
3567.8549154554717,2.5004783970135938,4.128830979931621,NMC,79
0.0,4.063286778259331,0.0,NMC,80
0.001649316382847,4.071645425313059,2.0050210183884854e-06,NMC,80
0.003298632765694,4.065235610426638,4.010042036776971e-06,NMC,80
0.006597265531388,4.068877523862165,8.020084073553942e-06,NMC,80
0.0131945310627761,4.059592247338833,1.6040168147107883e-05,NMC,80
0.0263890621255522,4.054366915710312,3.2080336294215766e-05,NMC,80
0.0527781242511044,4.067194138856753,6.416067258843153e-05,NMC,80
0.1055562485022088,4.0703431895204405,0.00012832134517685228,NMC,80
0.2111124970044177,4.058864366855642,0.00025664269035370455,NMC,80
0.4222249940088354,4.04987862707746,0.0005132853807074091,NMC,80
0.8444499880176709,4.061380894303589,0.0010265707614148182,NMC,80
1.6888999760353418,4.056741108045787,0.002053141522829724,NMC,80
2.533349964053013,4.0503014539003335,0.0030797122842446296,NMC,80
4.222249940088354,4.048584769189321,0.005132853807074441,NMC,80
5.911149916123696,4.036570412469568,0.007185995329904252,NMC,80
7.600049892159038,4.0361113343632615,0.009239136852734064,NMC,80
9.28894986819438,4.032355248837926,0.011292278375563874,NMC,80
12.666749820265062,4.031168715912863,0.015398561421223497,NMC,80
16.044549772335746,4.023528110537878,0.01950484446688312,NMC,80
21.076941212052834,4.012915612738602,0.025622561306616318,NMC,80
25.606093507798217,4.010344343486338,0.031128506462376245,NMC,80
30.135245803543594,4.007288405351231,0.03663445161813617,NMC,80
34.664398099288974,3.99636127606604,0.04214039677389602,NMC,80
39.19355039503435,4.011757826183925,0.047646341929655944,NMC,80
48.25185498652511,3.999346458139722,0.05865823224117572,NMC,80
57.31015957801587,3.9933155664246494,0.06967012255269549,NMC,80
69.00620045828107,3.9987001104632043,0.08388862425482646,NMC,80
80.70224133854627,3.985041114673691,0.09810712595695734,NMC,80
92.39828221881147,3.9870287818207233,0.11232562765908831,NMC,80
104.09432309907668,3.9799174723381294,0.12654412936121917,NMC,80
115.79036397934188,3.990400724151581,0.14076263106335016,NMC,80
127.48640485960708,3.9771870649188954,0.1549811327654811,NMC,80
150.8784866201375,3.9887633523192667,0.18341813616974295,NMC,80
174.2705683806679,3.980184723448049,0.21185513957400479,NMC,80
197.6626501411983,3.975164196213575,0.24029214297826665,NMC,80
221.0547319017287,3.9722548770039183,0.2687291463825285,NMC,80
244.4468136622591,3.9627690536508484,0.29716614978679035,NMC,80
267.8388954227895,3.9669648061554446,0.3256031531910522,NMC,80
314.6230589438503,3.957806781407342,0.382477159999576,NMC,80
361.4072224649111,3.9297199860994256,0.43935116680809966,NMC,80
408.1913859859719,3.91899439339614,0.4962251736166234,NMC,80
454.9755495070327,3.903141818258484,0.553099180425147,NMC,80
501.75971302809353,3.8888584268361512,0.6099731872336708,NMC,80
548.5438765491543,3.8832297081026494,0.6668471940421945,NMC,80
595.3280400702151,3.8646099112314363,0.7237212008507181,NMC,80
642.1122035912759,3.8633303697122816,0.7805952076592418,NMC,80
735.6805306333976,3.8375464791909253,0.8943432212762893,NMC,80
829.2488576755192,3.8190125475004226,1.0080912348933366,NMC,80
922.8171847176408,3.7951800650585454,1.121839248510384,NMC,80
1016.3855117597624,3.783070141779398,1.2355872621274315,NMC,80
1109.953838801884,3.7466140804074786,1.349335275744479,NMC,80
1203.5221658440057,3.7115836217121285,1.4630832893615262,NMC,80
1297.090492886127,3.676409532018813,1.5768313029785737,NMC,80
1390.658819928249,3.6540824212519736,1.690579316595621,NMC,80
1484.2271469703703,3.6392850822695597,1.8043273302126683,NMC,80
1671.3638010546138,3.5826450895998327,2.031823357446763,NMC,80
1858.500455138857,3.553691538209686,2.259319384680858,NMC,80
2045.6371092231,3.531476511942139,2.4868154119149533,NMC,80
2232.7737633073434,3.4994508597086793,2.7143114391490477,NMC,80
2419.910417391586,3.455482143345059,2.941807466383142,NMC,80
2607.04707147583,3.39626594733018,3.169303493617237,NMC,80
2794.183725560073,3.3454140439330065,3.396799520851332,NMC,80
2981.3203796443163,3.302112660779838,3.624295548085427,NMC,80
3355.5936878128027,2.9910775277136508,4.079287602553616,NMC,80
3567.8549154554717,2.503187163496488,4.33732676789426,NMC,80
0.0,4.067976727012037,0.0,NMC,81
0.001649316382847,4.0661258171429,1.9169578066448136e-06,NMC,81
0.003298632765694,4.065539209552782,3.833915613289627e-06,NMC,81
0.006597265531388,4.062285431946559,7.667831226579255e-06,NMC,81
0.0131945310627761,4.065288056587665,1.533566245315851e-05,NMC,81
0.0263890621255522,4.071046780900404,3.067132490631702e-05,NMC,81
0.0527781242511044,4.058212049772806,6.134264981263404e-05,NMC,81
0.1055562485022088,4.0627021654358,0.00012268529962525775,NMC,81
0.2111124970044177,4.0644544739117645,0.0002453705992505155,NMC,81
0.4222249940088354,4.060353668123625,0.000490741198501031,NMC,81
0.8444499880176709,4.064366304465328,0.000981482397002062,NMC,81
1.6888999760353418,4.061715751346012,0.001962964794004208,NMC,81
2.533349964053013,4.053672682834768,0.0029444471910063537,NMC,81
4.222249940088354,4.047208982775224,0.0049074119850106455,NMC,81
5.911149916123696,4.042554093724981,0.006870376779014936,NMC,81
7.600049892159038,4.038479194749699,0.008833341573019227,NMC,81
9.28894986819438,4.03118052589065,0.01079630636702352,NMC,81
12.666749820265062,4.028389395435088,0.014722235955032102,NMC,81
16.044549772335746,4.017429805860687,0.018648165543040687,NMC,81
21.076941212052834,4.014441630943736,0.024497184055671924,NMC,81
25.606093507798217,4.013212767143856,0.029761300717040088,NMC,81
30.135245803543594,4.005805423937966,0.03502541737840825,NMC,81
34.664398099288974,4.001205010233105,0.04028953403977634,NMC,81
39.19355039503435,3.9980611158962427,0.0455536507011445,NMC,81
48.25185498652511,3.9948259987608097,0.05608188402388075,NMC,81
57.31015957801587,3.9997152221655052,0.066610117346617,NMC,81
69.00620045828107,3.9914937518638514,0.08020412338781026,NMC,81
80.70224133854627,3.9897607528561303,0.09379812942900342,NMC,81
92.39828221881147,4.001997191440991,0.10739213547019669,NMC,81
104.09432309907668,3.9874749461181547,0.12098614151138985,NMC,81
115.79036397934188,3.9827821882044145,0.13458014755258313,NMC,81
127.48640485960708,3.979802951691112,0.14817415359377636,NMC,81
150.8784866201375,3.9803034182836314,0.1753621656761628,NMC,81
174.2705683806679,3.9811685202564786,0.20255017775854922,NMC,81
197.6626501411983,3.973310544318454,0.22973818984093566,NMC,81
221.0547319017287,3.9741954986166563,0.2569262019233221,NMC,81
244.4468136622591,3.9724042563354507,0.2841142140057085,NMC,81
267.8388954227895,3.957945161978795,0.311302226088095,NMC,81
314.6230589438503,3.946362602919553,0.36567825025286793,NMC,81
361.4072224649111,3.941476011122838,0.4200542744176408,NMC,81
408.1913859859719,3.917027796783198,0.47443029858241365,NMC,81
454.9755495070327,3.9054009615197147,0.5288063227471865,NMC,81
501.75971302809353,3.8974101847772396,0.5831823469119594,NMC,81
548.5438765491543,3.874536709513251,0.6375583710767323,NMC,81
595.3280400702151,3.865262453207925,0.6919343952415051,NMC,81
642.1122035912759,3.86424977518741,0.746310419406278,NMC,81
735.6805306333976,3.8331716987753013,0.8550624677358238,NMC,81
829.2488576755192,3.825657640789707,0.9638145160653696,NMC,81
922.8171847176408,3.8018154460942415,1.0725665643949154,NMC,81
1016.3855117597624,3.7761214470007007,1.181318612724461,NMC,81
1109.953838801884,3.7515751332589984,1.2900706610540067,NMC,81
1203.5221658440057,3.7140502048761026,1.3988227093835526,NMC,81
1297.090492886127,3.6739084904806014,1.5075747577130982,NMC,81
1390.658819928249,3.657760942712759,1.616326806042644,NMC,81
1484.2271469703703,3.6340641848773845,1.7250788543721898,NMC,81
1671.3638010546138,3.5914970617645925,1.942582951031281,NMC,81
1858.500455138857,3.560198781389491,2.160087047690373,NMC,81
2045.6371092231,3.5445589091481664,2.3775911443494646,NMC,81
2232.7737633073434,3.4996042503644635,2.5950952410085555,NMC,81
2419.910417391586,3.457540912979975,2.8125993376676472,NMC,81
2607.04707147583,3.4027054301433255,3.0301034343267386,NMC,81
2794.183725560073,3.343809667297537,3.24760753098583,NMC,81
2981.3203796443163,3.299829927409661,3.4651116276449216,NMC,81
3355.5936878128027,3.006983039792774,3.9001198209631043,NMC,81
3567.8549154554717,2.5001488806588408,4.146825560146541,NMC,81
0.0,4.059984910016269,0.0,NMC,82
0.001649316382847,4.06270264894477,2.1628861971993186e-06,NMC,82
0.003298632765694,4.0729594341982835,4.325772394398637e-06,NMC,82
0.006597265531388,4.059914057203962,8.651544788797274e-06,NMC,82
0.0131945310627761,4.060262014316212,1.730308957759455e-05,NMC,82
0.0263890621255522,4.061309377647651,3.46061791551891e-05,NMC,82
0.0527781242511044,4.062222023490952,6.92123583103782e-05,NMC,82
0.1055562485022088,4.066771959284622,0.00013842471662074476,NMC,82
0.2111124970044177,4.070776158342265,0.0002768494332414895,NMC,82
0.4222249940088354,4.0613521862230355,0.000553698866482979,NMC,82
0.8444499880176709,4.06072873474374,0.001107397732965958,NMC,82
1.6888999760353418,4.065384352766935,0.0022147954659320107,NMC,82
2.533349964053013,4.052178004145284,0.0033221931988980636,NMC,82
4.222249940088354,4.043349799618817,0.005536988664830168,NMC,82
5.911149916123696,4.039536951128659,0.007751784130762273,NMC,82
7.600049892159038,4.031646603287579,0.009966579596694378,NMC,82
9.28894986819438,4.032737764865091,0.012181375062626483,NMC,82
12.666749820265062,4.02028849629655,0.016610965994490693,NMC,82
16.044549772335746,4.022464478694639,0.021040556926354904,NMC,82
21.076941212052834,4.014979989547418,0.027639951740513903,NMC,82
25.606093507798217,4.003332711561803,0.03357940707325706,NMC,82
30.135245803543594,4.002023776822658,0.039518862406000214,NMC,82
34.664398099288974,4.004742965872126,0.04545831773874329,NMC,82
39.19355039503435,3.9954398856346613,0.051397773071486436,NMC,82
48.25185498652511,3.990560225840387,0.06327668373697266,NMC,82
57.31015957801587,3.9985321933697886,0.07515559440245888,NMC,82
69.00620045828107,3.9821807153853426,0.09049358876478805,NMC,82
80.70224133854627,3.986392316839693,0.10583158312711713,NMC,82
92.39828221881147,3.9817671304569986,0.1211695774894463,NMC,82
104.09432309907668,3.988778214622869,0.1365075718517754,NMC,82
115.79036397934188,3.985232820054066,0.15184556621410455,NMC,82
127.48640485960708,3.986633320044046,0.16718356057643372,NMC,82
150.8784866201375,3.985606044039739,0.19785954930109198,NMC,82
174.2705683806679,3.975231464310363,0.22853553802575025,NMC,82
197.6626501411983,3.974177908984175,0.2592115267504085,NMC,82
221.0547319017287,3.9667016522986644,0.28988751547506675,NMC,82
244.4468136622591,3.967709398140451,0.320563504199725,NMC,82
267.8388954227895,3.9652840878474116,0.3512394929243833,NMC,82
314.6230589438503,3.9490687487760665,0.41259147037369986,NMC,82
361.4072224649111,3.9276662509923153,0.4739434478230164,NMC,82
408.1913859859719,3.9310111711926026,0.5352954252723329,NMC,82
454.9755495070327,3.91207748940268,0.5966474027216494,NMC,82
501.75971302809353,3.890876993929964,0.6579993801709659,NMC,82
548.5438765491543,3.8721413664378743,0.7193513576202825,NMC,82
595.3280400702151,3.874617985853789,0.780703335069599,NMC,82
642.1122035912759,3.863619877550216,0.8420553125189154,NMC,82
735.6805306333976,3.84380480543044,0.9647592674175486,NMC,82
829.2488576755192,3.825137806144604,1.0874632223161815,NMC,82
922.8171847176408,3.8007064963333668,1.2101671772148146,NMC,82
1016.3855117597624,3.780225790164421,1.3328711321134477,NMC,82
1109.953838801884,3.7561292408298734,1.4555750870120807,NMC,82
1203.5221658440057,3.7242237981811646,1.5782790419107138,NMC,82
1297.090492886127,3.687348310314419,1.7009829968093468,NMC,82
1390.658819928249,3.6612935521310566,1.8236869517079797,NMC,82
1484.2271469703703,3.6342085777503432,1.9463909066066127,NMC,82
1671.3638010546138,3.596615867290805,2.1917988164038786,NMC,82
1858.500455138857,3.5593448773641545,2.4372067262011448,NMC,82
2045.6371092231,3.5357829235722984,2.6826146359984113,NMC,82
2232.7737633073434,3.4937192371924954,2.928022545795677,NMC,82
2419.910417391586,3.460495602949086,3.173430455592943,NMC,82
2607.04707147583,3.402299982517858,3.4188383653902092,NMC,82
2794.183725560073,3.349617206174733,3.6642462751874754,NMC,82
2981.3203796443163,3.302803556316418,3.909654184984741,NMC,82
3355.5936878128027,3.002790642549406,4.400470004579273,NMC,82
3567.8549154554717,2.4994748828179687,4.678825864160578,NMC,82
0.0,4.062584628411826,0.0,NMC,83
0.001649316382847,4.059075175733425,1.8612460034940055e-06,NMC,83
0.003298632765694,4.065757483330377,3.722492006988011e-06,NMC,83
0.006597265531388,4.056123904167781,7.444984013976022e-06,NMC,83
0.0131945310627761,4.065374875021883,1.4889968027952044e-05,NMC,83
0.0263890621255522,4.064363697422892,2.9779936055904088e-05,NMC,83
0.0527781242511044,4.065475509545143,5.9559872111808175e-05,NMC,83
0.1055562485022088,4.067395562339951,0.00011911974422360633,NMC,83
0.2111124970044177,4.0576083751492105,0.00023823948844721267,NMC,83
0.4222249940088354,4.063277337615107,0.00047647897689442534,NMC,83
0.8444499880176709,4.066514632807597,0.0009529579537888507,NMC,83
1.6888999760353418,4.051760840418487,0.0019059159075777827,NMC,83
2.533349964053013,4.058313827630105,0.002858873861366715,NMC,83
4.222249940088354,4.0606130813853705,0.004764789768944578,NMC,83
5.911149916123696,4.043811263888472,0.006670705676522442,NMC,83
7.600049892159038,4.033418801352889,0.008576621584100306,NMC,83
9.28894986819438,4.031322422406693,0.01048253749167817,NMC,83
12.666749820265062,4.03207685665685,0.014294369306833896,NMC,83
16.044549772335746,4.014528310223436,0.018106201121989626,NMC,83
21.076941212052834,4.0116276367035315,0.02378523187230726,NMC,83
25.606093507798217,4.011137769444448,0.02889635954759318,NMC,83
30.135245803543594,4.003494627252939,0.0340074872228791,NMC,83
34.664398099288974,4.007236956568593,0.03911861489816495,NMC,83
39.19355039503435,4.006367486820331,0.04422974257345086,NMC,83
48.25185498652511,4.005796922851162,0.054451997924022624,NMC,83
57.31015957801587,3.9900873543851314,0.06467425327459438,NMC,83
69.00620045828107,3.996806576811105,0.07787318197711454,NMC,83
80.70224133854627,3.987334124576615,0.09107211067963461,NMC,83
92.39828221881147,3.993517633278726,0.10427103938215478,NMC,83
104.09432309907668,3.982717471130627,0.11746996808467486,NMC,83
115.79036397934188,3.9800110507280353,0.130668896787195,NMC,83
127.48640485960708,3.9820822735243944,0.14386782548971516,NMC,83
150.8784866201375,3.9870366287060417,0.17026568289475538,NMC,83
174.2705683806679,3.96794410913225,0.19666354029979563,NMC,83
197.6626501411983,3.9800101799627163,0.22306139770483588,NMC,83
221.0547319017287,3.971444289544808,0.2494592551098761,NMC,83
244.4468136622591,3.9728857524345598,0.27585711251491635,NMC,83
267.8388954227895,3.9600656584237632,0.3022549699199566,NMC,83
314.6230589438503,3.952710954077901,0.35505068473003715,NMC,83
361.4072224649111,3.9352254282879073,0.4078463995401176,NMC,83
408.1913859859719,3.9139590728640665,0.4606421143501981,NMC,83
454.9755495070327,3.907968012879373,0.5134378291602786,NMC,83
501.75971302809353,3.888534667907831,0.5662335439703591,NMC,83
548.5438765491543,3.887086015255475,0.6190292587804395,NMC,83
595.3280400702151,3.8669816511707142,0.67182497359052,NMC,83
642.1122035912759,3.8567485024258112,0.7246206884006005,NMC,83
735.6805306333976,3.83247741482264,0.8302121180207614,NMC,83
829.2488576755192,3.825848147084011,0.9358035476409224,NMC,83
922.8171847176408,3.7941162381697673,1.0413949772610833,NMC,83
1016.3855117597624,3.7742186614692086,1.1469864068812443,NMC,83
1109.953838801884,3.751167305850027,1.2525778365014053,NMC,83
1203.5221658440057,3.714255257968816,1.3581692661215663,NMC,83
1297.090492886127,3.6794678660568496,1.463760695741727,NMC,83
1390.658819928249,3.6536747469084867,1.569352125361888,NMC,83
1484.2271469703703,3.6275695067711067,1.674943554982049,NMC,83
1671.3638010546138,3.5923375688122077,1.886126414222371,NMC,83
1858.500455138857,3.5515270462177186,2.097309273462693,NMC,83
2045.6371092231,3.533334924946155,2.308492132703015,NMC,83
2232.7737633073434,3.4953459465961103,2.5196749919433366,NMC,83
2419.910417391586,3.450310338173846,2.7308578511836585,NMC,83
2607.04707147583,3.4025864352294017,2.9420407104239805,NMC,83
2794.183725560073,3.3415981739909397,3.1532235696643025,NMC,83
2981.3203796443163,3.3046267773819493,3.364406428904624,NMC,83
3355.5936878128027,3.003287594208003,3.786772147385268,NMC,83
3567.8549154554717,2.497015987513914,4.026307973110036,NMC,83
0.0,4.061741669324717,0.0,NMC,84
0.001649316382847,4.071890436463867,1.955291744382732e-06,NMC,84
0.003298632765694,4.058436089957355,3.910583488765464e-06,NMC,84
0.006597265531388,4.060402039305606,7.821166977530928e-06,NMC,84
0.0131945310627761,4.063755741926133,1.5642333955061857e-05,NMC,84
0.0263890621255522,4.065045633139482,3.1284667910123714e-05,NMC,84
0.0527781242511044,4.05935517503562,6.256933582024743e-05,NMC,84
0.1055562485022088,4.066986621608079,0.0001251386716404843,NMC,84
0.2111124970044177,4.059949564650184,0.0002502773432809686,NMC,84
0.4222249940088354,4.064031092184964,0.0005005546865619372,NMC,84
0.8444499880176709,4.057210611650183,0.0010011093731238745,NMC,84
1.6888999760353418,4.056254577492475,0.002002218746247835,NMC,84
2.533349964053013,4.048416277226083,0.0030033281193717946,NMC,84
4.222249940088354,4.048917960422059,0.005005546865619714,NMC,84
5.911149916123696,4.045993430274706,0.007007765611867634,NMC,84
7.600049892159038,4.036955018077183,0.009009984358115555,NMC,84
9.28894986819438,4.033379841092052,0.011012203104363474,NMC,84
12.666749820265062,4.021004410122888,0.015016640596859313,NMC,84
16.044549772335746,4.017551942647726,0.019021078089355152,NMC,84
21.076941212052834,4.01780087909131,0.024987061049880827,NMC,84
25.606093507798217,4.0047691240239445,0.03035644571435398,NMC,84
30.135245803543594,4.003487717525899,0.03572583037882714,NMC,84
34.664398099288974,3.997228574946317,0.041095215043300215,NMC,84
39.19355039503435,4.006402635928667,0.04646459970777337,NMC,84
48.25185498652511,3.9978315889323444,0.057203369036719603,NMC,84
57.31015957801587,3.9911337729346474,0.06794213836566583,NMC,84
69.00620045828107,3.9954782650179195,0.08180798752170786,NMC,84
80.70224133854627,3.989493435854463,0.0956738366777498,NMC,84
92.39828221881147,3.9878486561508053,0.10953968583379182,NMC,84
104.09432309907668,3.9887662976355194,0.12340553498983377,NMC,84
115.79036397934188,3.992906923707823,0.1372713841458758,NMC,84
127.48640485960708,3.981645389098506,0.1511372333019178,NMC,84
150.8784866201375,3.983800684231097,0.17886893161400177,NMC,84
174.2705683806679,3.9806724612606263,0.20660062992608574,NMC,84
197.6626501411983,3.983252770753213,0.2343323282381697,NMC,84
221.0547319017287,3.9718364797238,0.2620640265502537,NMC,84
244.4468136622591,3.962426909019528,0.2897957248623376,NMC,84
267.8388954227895,3.9654866588067095,0.3175274231744216,NMC,84
314.6230589438503,3.951535813550477,0.3729908197985896,NMC,84
361.4072224649111,3.9405092971791715,0.42845421642275755,NMC,84
408.1913859859719,3.9194049340358474,0.4839176130469255,NMC,84
454.9755495070327,3.905498689107725,0.5393810096710935,NMC,84
501.75971302809353,3.900424894574832,0.5948444062952614,NMC,84
548.5438765491543,3.8813178099999637,0.6503078029194294,NMC,84
595.3280400702151,3.864016736962911,0.7057711995435972,NMC,84
642.1122035912759,3.854660072001197,0.7612345961677652,NMC,84
735.6805306333976,3.8427867792110297,0.8721613894161011,NMC,84
829.2488576755192,3.8259053028332315,0.983088182664437,NMC,84
922.8171847176408,3.7931793527057365,1.0940149759127729,NMC,84
1016.3855117597624,3.7835242027073037,1.2049417691611088,NMC,84
1109.953838801884,3.7421473966320593,1.3158685624094446,NMC,84
1203.5221658440057,3.7192332273692057,1.4267953556577806,NMC,84
1297.090492886127,3.6809696844726107,1.5377221489061164,NMC,84
1390.658819928249,3.6567233191242368,1.6486489421544523,NMC,84
1484.2271469703703,3.6283862409024397,1.759575735402788,NMC,84
1671.3638010546138,3.587584020064564,1.9814293218994599,NMC,84
1858.500455138857,3.561738499390073,2.203282908396132,NMC,84
2045.6371092231,3.531365029206005,2.425136494892804,NMC,84
2232.7737633073434,3.502884999011778,2.646990081389475,NMC,84
2419.910417391586,3.4486566469405724,2.868843667886147,NMC,84
2607.04707147583,3.3986112209587263,3.0906972543828184,NMC,84
2794.183725560073,3.347156584950566,3.3125508408794904,NMC,84
2981.3203796443163,3.2908385304219943,3.534404427376162,NMC,84
3355.5936878128027,3.008012198979122,3.9781116003695054,NMC,84
3567.8549154554717,2.4985796272113365,4.2297507827475,NMC,84
0.0,4.0637210169537195,0.0,NMC,85
0.001649316382847,4.065789274055196,2.141953399476817e-06,NMC,85
0.003298632765694,4.0592910936720585,4.283906798953634e-06,NMC,85
0.006597265531388,4.060780029902696,8.567813597907268e-06,NMC,85
0.0131945310627761,4.066441430741164,1.7135627195814535e-05,NMC,85
0.0263890621255522,4.067310806627508,3.427125439162907e-05,NMC,85
0.0527781242511044,4.067845577859364,6.854250878325814e-05,NMC,85
0.1055562485022088,4.065533450789853,0.00013708501756650476,NMC,85
0.2111124970044177,4.063159107050725,0.0002741700351330095,NMC,85
0.4222249940088354,4.058477202618717,0.000548340070266019,NMC,85
0.8444499880176709,4.055825825461706,0.001096680140532038,NMC,85
1.6888999760353418,4.054410810260295,0.00219336028106417,NMC,85
2.533349964053013,4.056127530390766,0.0032900404215963014,NMC,85
4.222249940088354,4.046524878658964,0.0054834007026605645,NMC,85
5.911149916123696,4.044219752283704,0.007676760983724827,NMC,85
7.600049892159038,4.033010656534082,0.00987012126478909,NMC,85
9.28894986819438,4.0354039396776775,0.012063481545853355,NMC,85
12.666749820265062,4.026940094742041,0.01645020210798188,NMC,85
16.044549772335746,4.019795596379988,0.020836922670110405,NMC,85
21.076941212052834,4.014500063884531,0.02737244736622316,NMC,85
25.606093507798217,4.014028059137208,0.033254419592724696,NMC,85
30.135245803543594,4.008227781440697,0.03913639181922623,NMC,85
34.664398099288974,4.012185500478288,0.04501836404572768,NMC,85
39.19355039503435,3.993361139433753,0.0509003362722292,NMC,85
48.25185498652511,3.990589906365691,0.06266428072523218,NMC,85
57.31015957801587,3.986543964039611,0.07442822517823515,NMC,85
69.00620045828107,3.9905147685573144,0.0896177757001666,NMC,85
80.70224133854627,3.987665429411952,0.10480732622209794,NMC,85
92.39828221881147,3.9808695272739842,0.1199968767440294,NMC,85
104.09432309907668,3.998878555093582,0.13518642726596075,NMC,85
115.79036397934188,3.9912459214328715,0.1503759777878922,NMC,85
127.48640485960708,3.9827080406927995,0.16556552830982363,NMC,85
150.8784866201375,3.990370404932979,0.19594462935368642,NMC,85
174.2705683806679,3.979538365528028,0.22632373039754922,NMC,85
197.6626501411983,3.9803617362294763,0.25670283144141204,NMC,85
221.0547319017287,3.968594269164184,0.2870819324852748,NMC,85
244.4468136622591,3.9698522861646914,0.3174610335291376,NMC,85
267.8388954227895,3.9589137545710367,0.3478401345730004,NMC,85
314.6230589438503,3.9475175547112964,0.4085983366607261,NMC,85
361.4072224649111,3.92582408130482,0.4693565387484517,NMC,85
408.1913859859719,3.905589676173213,0.5301147408361773,NMC,85
454.9755495070327,3.902248461701619,0.5908729429239029,NMC,85
501.75971302809353,3.8893541397760116,0.6516311450116284,NMC,85
548.5438765491543,3.8864468084342216,0.7123893470993541,NMC,85
595.3280400702151,3.869456956321004,0.7731475491870796,NMC,85
642.1122035912759,3.861317543701155,0.8339057512748053,NMC,85
735.6805306333976,3.8436248775742903,0.9554221554502565,NMC,85
829.2488576755192,3.815008970847428,1.0769385596257077,NMC,85
922.8171847176408,3.8023352255641076,1.198454963801159,NMC,85
1016.3855117597624,3.7772823568678873,1.31997136797661,NMC,85
1109.953838801884,3.741555382733512,1.4414877721520614,NMC,85
1203.5221658440057,3.7251405408193574,1.5630041763275124,NMC,85
1297.090492886127,3.673697479258863,1.6845205805029637,NMC,85
1390.658819928249,3.654577603129113,1.8060369846784148,NMC,85
1484.2271469703703,3.6366357045335067,1.927553388853866,NMC,85
1671.3638010546138,3.594859748072227,2.170586197204768,NMC,85
1858.500455138857,3.5589910319703186,2.4136190055556708,NMC,85
2045.6371092231,3.528045428372258,2.656651813906574,NMC,85
2232.7737633073434,3.497054530953365,2.8996846222574755,NMC,85
2419.910417391586,3.4480167199888636,3.142717430608378,NMC,85
2607.04707147583,3.3983308846385847,3.38575023895928,NMC,85
2794.183725560073,3.351618741428409,3.6287830473101828,NMC,85
2981.3203796443163,3.2991429478261343,3.871815855661085,NMC,85
3355.5936878128027,2.998854484287402,4.35788147236289,NMC,85
3567.8549154554717,2.4958310379563633,4.633543354373376,NMC,85
0.0,4.079000533051226,0.0,NMC,86
0.001649316382847,4.068315835918281,2.1099218306005905e-06,NMC,86
0.003298632765694,4.059878903987937,4.219843661201181e-06,NMC,86
0.006597265531388,4.060592437551648,8.439687322402362e-06,NMC,86
0.0131945310627761,4.069246963703917,1.6879374644804724e-05,NMC,86
0.0263890621255522,4.0581384255649695,3.375874928960945e-05,NMC,86
0.0527781242511044,4.057992957265497,6.75174985792189e-05,NMC,86
0.1055562485022088,4.068719477173622,0.0001350349971584264,NMC,86
0.2111124970044177,4.056370658347768,0.0002700699943168528,NMC,86
0.4222249940088354,4.059874922717681,0.0005401399886337056,NMC,86
0.8444499880176709,4.0546214255055,0.0010802799772674113,NMC,86
1.6888999760353418,4.051948134834764,0.002160559954534915,NMC,86
2.533349964053013,4.053350459877058,0.0032408399318024188,NMC,86
4.222249940088354,4.04648020086952,0.005401399886337426,NMC,86
5.911149916123696,4.045997713235754,0.007561959840872432,NMC,86
7.600049892159038,4.030092366336663,0.009722519795407438,NMC,86
9.28894986819438,4.035317607203582,0.011883079749942446,NMC,86
12.666749820265062,4.027054900933474,0.016204199659012458,NMC,86
16.044549772335746,4.016696448485657,0.020525319568082474,NMC,86
21.076941212052834,4.015308890872097,0.026963109593825207,NMC,86
25.606093507798217,4.003401672162173,0.032757120616993714,NMC,86
30.135245803543594,4.000074286119062,0.03855113164016223,NMC,86
34.664398099288974,3.99723606053688,0.04434514266333066,NMC,86
39.19355039503435,3.9973858436793055,0.05013915368649917,NMC,86
48.25185498652511,3.9937932939021654,0.061727175732836106,NMC,86
57.31015957801587,4.000155341251148,0.07331519777917303,NMC,86
69.00620045828107,3.9892763474848185,0.08827759810546483,NMC,86
80.70224133854627,3.986145723728446,0.10323999843175653,NMC,86
92.39828221881147,3.987988543491427,0.11820239875804833,NMC,86
104.09432309907668,3.980466458992564,0.13316479908434004,NMC,86
115.79036397934188,3.983497440804618,0.14812719941063182,NMC,86
127.48640485960708,3.981827840957879,0.1630895997369236,NMC,86
150.8784866201375,3.985733108810037,0.1930144003895071,NMC,86
174.2705683806679,3.9802736235514096,0.2229392010420906,NMC,86
197.6626501411983,3.973868731368289,0.2528640016946741,NMC,86
221.0547319017287,3.972074810933961,0.2827888023472576,NMC,86
244.4468136622591,3.960584595727044,0.3127136029998411,NMC,86
267.8388954227895,3.9548443686902637,0.3426384036524246,NMC,86
314.6230589438503,3.9499695916018984,0.4024880049575917,NMC,86
361.4072224649111,3.935355886528242,0.46233760626275866,NMC,86
408.1913859859719,3.9312653580110606,0.5221872075679257,NMC,86
454.9755495070327,3.903115882084019,0.5820368088730927,NMC,86
501.75971302809353,3.8958705633361035,0.6418864101782596,NMC,86
548.5438765491543,3.881331065298289,0.7017360114834267,NMC,86
595.3280400702151,3.86818129355441,0.7615856127885937,NMC,86
642.1122035912759,3.851516973329297,0.8214352140937606,NMC,86
735.6805306333976,3.84697056964288,0.9411344167040948,NMC,86
829.2488576755192,3.828640052654383,1.0608336193144288,NMC,86
922.8171847176408,3.7942243613665445,1.1805328219247628,NMC,86
1016.3855117597624,3.780845437923279,1.3002320245350967,NMC,86
1109.953838801884,3.756267577168246,1.4199312271454307,NMC,86
1203.5221658440057,3.720317073107485,1.5396304297557648,NMC,86
1297.090492886127,3.685274527611817,1.6593296323660987,NMC,86
1390.658819928249,3.6564820723215403,1.7790288349764327,NMC,86
1484.2271469703703,3.628686146752775,1.8987280375867668,NMC,86
1671.3638010546138,3.5967493188469057,2.1381264428074345,NMC,86
1858.500455138857,3.5625504656145943,2.3775248480281026,NMC,86
2045.6371092231,3.524081326967044,2.616923253248771,NMC,86
2232.7737633073434,3.5031471319997953,2.856321658469439,NMC,86
2419.910417391586,3.448581837529867,3.0957200636901065,NMC,86
2607.04707147583,3.4032298323852253,3.3351184689107747,NMC,86
2794.183725560073,3.34662894790382,3.574516874131443,NMC,86
2981.3203796443163,3.3036497404296026,3.8139152793521105,NMC,86
3355.5936878128027,3.0083814393841855,4.292712089793446,NMC,86
3567.8549154554717,2.501505047176332,4.564251621353954,NMC,86
0.0,4.0579652415771275,0.0,NMC,87
0.001649316382847,4.05865422562488,2.062681672410898e-06,NMC,87
0.003298632765694,4.068580905645967,4.125363344821796e-06,NMC,87
0.006597265531388,4.063381916118419,8.250726689643592e-06,NMC,87
0.0131945310627761,4.066953524570696,1.6501453379287184e-05,NMC,87
0.0263890621255522,4.061954960601874,3.300290675857437e-05,NMC,87
0.0527781242511044,4.06421283842672,6.600581351714874e-05,NMC,87
0.1055562485022088,4.054278784261679,0.00013201162703428636,NMC,87
0.2111124970044177,4.059684001047653,0.0002640232540685727,NMC,87
0.4222249940088354,4.061638514169943,0.0005280465081371454,NMC,87
0.8444499880176709,4.061393709512115,0.0010560930162742909,NMC,87
1.6888999760353418,4.052022422088298,0.002112186032548672,NMC,87
2.533349964053013,4.0526072281154,0.003168279048823053,NMC,87
4.222249940088354,4.049073157146197,0.0052804650813718145,NMC,87
5.911149916123696,4.045705630896812,0.007392651113920576,NMC,87
7.600049892159038,4.0361143428055515,0.009504837146469339,NMC,87
9.28894986819438,4.03683272051749,0.0116170231790181,NMC,87
12.666749820265062,4.020665092068534,0.015841395244115625,NMC,87
16.044549772335746,4.015326314250119,0.020065767309213146,NMC,87
21.076941212052834,4.0183383356676865,0.026359418241840026,NMC,87
25.606093507798217,4.009558814325141,0.032023704081204266,NMC,87
30.135245803543594,4.010764395168511,0.037687989920568515,NMC,87
34.664398099288974,3.9989153890614935,0.04335227575993267,NMC,87
39.19355039503435,3.9988196679986623,0.04901656159929691,NMC,87
48.25185498652511,3.9988387049419347,0.06034513327802531,NMC,87
57.31015957801587,3.9858760436500233,0.07167370495675371,NMC,87
69.00620045828107,3.984702540531568,0.08630110417160132,NMC,87
80.70224133854627,3.9878575115716277,0.10092850338644885,NMC,87
92.39828221881147,3.9939447852217436,0.11555590260129647,NMC,87
104.09432309907668,3.986587612990913,0.130183301816144,NMC,87
115.79036397934188,3.990830789346896,0.1448107010309916,NMC,87
127.48640485960708,3.9806334623243638,0.1594381002458392,NMC,87
150.8784866201375,3.982940013038898,0.18869289867553435,NMC,87
174.2705683806679,3.976313285630982,0.21794769710522952,NMC,87
197.6626501411983,3.983511136852186,0.24720249553492465,NMC,87
221.0547319017287,3.9739130000923915,0.2764572939646198,NMC,87
244.4468136622591,3.96661598249792,0.30571209239431496,NMC,87
267.8388954227895,3.957203407812928,0.3349668908240101,NMC,87
314.6230589438503,3.9461298172958488,0.3934764876834005,NMC,87
361.4072224649111,3.9392548869053576,0.45198608454279077,NMC,87
408.1913859859719,3.9186662818748386,0.510495681402181,NMC,87
454.9755495070327,3.9131417648220728,0.5690052782615713,NMC,87
501.75971302809353,3.895131228369488,0.6275148751209616,NMC,87
548.5438765491543,3.8822436581520083,0.686024471980352,NMC,87
595.3280400702151,3.868521915863259,0.7445340688397423,NMC,87
642.1122035912759,3.850216937576516,0.8030436656991325,NMC,87
735.6805306333976,3.84047691864512,0.9200628594179132,NMC,87
829.2488576755192,3.828625397310457,1.0370820531366938,NMC,87
922.8171847176408,3.8064227408800537,1.1541012468554743,NMC,87
1016.3855117597624,3.7749033939842205,1.2711204405742549,NMC,87
1109.953838801884,3.756643392179088,1.3881396342930357,NMC,87
1203.5221658440057,3.7159143916954718,1.5051588280118162,NMC,87
1297.090492886127,3.685396620945141,1.6221780217305968,NMC,87
1390.658819928249,3.6552786908669734,1.7391972154493773,NMC,87
1484.2271469703703,3.633043737694221,1.8562164091681579,NMC,87
1671.3638010546138,3.5918939100155884,2.090254796605719,NMC,87
1858.500455138857,3.5611523511400156,2.32429318404328,NMC,87
2045.6371092231,3.5343381190332033,2.5583315714808417,NMC,87
2232.7737633073434,3.4953463257868354,2.792369958918403,NMC,87
2419.910417391586,3.4561752295765764,3.026408346355964,NMC,87
2607.04707147583,3.3944004677871678,3.260446733793525,NMC,87
2794.183725560073,3.354290969392312,3.494485121231086,NMC,87
2981.3203796443163,3.2996107810601725,3.7285235086686472,NMC,87
3355.5936878128027,3.0083945100943073,4.19660028354377,NMC,87
3567.8549154554717,2.4993326474668995,4.462060172607748,NMC,87
0.0,4.070258802799749,0.0,NMC,88
0.001649316382847,4.069292437299872,2.0786381018173634e-06,NMC,88
0.003298632765694,4.051698918999658,4.157276203634727e-06,NMC,88
0.006597265531388,4.065826298772465,8.314552407269454e-06,NMC,88
0.0131945310627761,4.071834269266828,1.6629104814538907e-05,NMC,88
0.0263890621255522,4.062808181926073,3.3258209629077815e-05,NMC,88
0.0527781242511044,4.065940844121897,6.651641925815563e-05,NMC,88
0.1055562485022088,4.059877481065706,0.0001330328385163001,NMC,88
0.2111124970044177,4.066515773029457,0.0002660656770326002,NMC,88
0.4222249940088354,4.0557540378568255,0.0005321313540652004,NMC,88
0.8444499880176709,4.064652700714442,0.0010642627081304007,NMC,88
1.6888999760353418,4.059565265698936,0.002128525416260892,NMC,88
2.533349964053013,4.0479351232189575,0.0031927881243913837,NMC,88
4.222249940088354,4.050760661345218,0.005321313540652367,NMC,88
5.911149916123696,4.047687712395382,0.007449838956913349,NMC,88
7.600049892159038,4.035306536702924,0.009578364373174332,NMC,88
9.28894986819438,4.038568538704372,0.011706889789435316,NMC,88
12.666749820265062,4.025581756301847,0.01596394062195728,NMC,88
16.044549772335746,4.022898841852589,0.020220991454479247,NMC,88
21.076941212052834,4.0114554024445885,0.026563328618316014,NMC,88
25.606093507798217,4.005398670237297,0.03227143206576916,NMC,88
30.135245803543594,4.0064714265072086,0.0379795355132223,NMC,88
34.664398099288974,4.004568719830264,0.04368763896067536,NMC,88
39.19355039503435,3.9991602338851266,0.0493957424081285,NMC,88
48.25185498652511,3.9947652141635874,0.060811949303034706,NMC,88
57.31015957801587,3.9811705143800653,0.0722281561979409,NMC,88
69.00620045828107,3.9969890551148946,0.0869687095975053,NMC,88
80.70224133854627,3.9919546261697687,0.10170926299706962,NMC,88
92.39828221881147,3.9920190251520835,0.11644981639663401,NMC,88
104.09432309907668,3.9942429109343043,0.13119036979619833,NMC,88
115.79036397934188,3.9883372261180763,0.14593092319576273,NMC,88
127.48640485960708,3.9830192034818115,0.16067147659532713,NMC,88
150.8784866201375,3.977451933998186,0.19015258339445584,NMC,88
174.2705683806679,3.9869789148148382,0.21963369019358456,NMC,88
197.6626501411983,3.9644892114999,0.24911479699271327,NMC,88
221.0547319017287,3.9772188298738644,0.27859590379184196,NMC,88
244.4468136622591,3.9691521006493007,0.3080770105909707,NMC,88
267.8388954227895,3.9616893561128843,0.3375581173900994,NMC,88
314.6230589438503,3.9375816203415313,0.39652033098835693,NMC,88
361.4072224649111,3.932514227607434,0.45548254458661436,NMC,88
408.1913859859719,3.914996099905322,0.5144447581848718,NMC,88
454.9755495070327,3.9031159362009373,0.5734069717831293,NMC,88
501.75971302809353,3.8997500624579344,0.6323691853813866,NMC,88
548.5438765491543,3.8820076992176835,0.6913313989796441,NMC,88
595.3280400702151,3.8605214590219825,0.7502936125779015,NMC,88
642.1122035912759,3.8548106678894647,0.809255826176159,NMC,88
735.6805306333976,3.839873864037319,0.9271802533726738,NMC,88
829.2488576755192,3.8212750838803937,1.0451046805691888,NMC,88
922.8171847176408,3.8014077868463216,1.1630291077657036,NMC,88
1016.3855117597624,3.7835876551364636,1.2809535349622185,NMC,88
1109.953838801884,3.751969180030971,1.3988779621587333,NMC,88
1203.5221658440057,3.710241976783132,1.5168023893552482,NMC,88
1297.090492886127,3.683109191525833,1.634726816551763,NMC,88
1390.658819928249,3.6578999526633478,1.752651243748278,NMC,88
1484.2271469703703,3.6218324289278376,1.8705756709447927,NMC,88
1671.3638010546138,3.5798840337522138,2.1064245253378227,NMC,88
1858.500455138857,3.5584150111157578,2.342273379730852,NMC,88
2045.6371092231,3.52917340117734,2.5781222341238825,NMC,88
2232.7737633073434,3.499644919960841,2.8139710885169116,NMC,88
2419.910417391586,3.4635007862559246,3.0498199429099415,NMC,88
2607.04707147583,3.403821489249425,3.285668797302971,NMC,88
2794.183725560073,3.350354117012519,3.521517651696001,NMC,88
2981.3203796443163,3.2965607894505102,3.7573665060890304,NMC,88
3355.5936878128027,3.0062368512480426,4.22906421487509,NMC,88
3567.8549154554717,2.5153104952357896,4.496577640379884,NMC,88
0.0,4.0604427372221465,0.0,NMC,89
0.001649316382847,4.060943985474734,1.8580420178368432e-06,NMC,89
0.003298632765694,4.065300702040476,3.7160840356736865e-06,NMC,89
0.006597265531388,4.074130375725316,7.432168071347373e-06,NMC,89
0.0131945310627761,4.058825373777707,1.4864336142694746e-05,NMC,89
0.0263890621255522,4.0582859767024555,2.9728672285389492e-05,NMC,89
0.0527781242511044,4.06854073946981,5.9457344570778984e-05,NMC,89
0.1055562485022088,4.070750168971397,0.00011891468914154797,NMC,89
0.2111124970044177,4.063356927927398,0.00023782937828309593,NMC,89
0.4222249940088354,4.065143773979478,0.00047565875656619186,NMC,89
0.8444499880176709,4.060648839066234,0.0009513175131323837,NMC,89
1.6888999760353418,4.0519556072095755,0.0019026350262648488,NMC,89
2.533349964053013,4.053010681625876,0.0028539525393973136,NMC,89
4.222249940088354,4.0508804507027225,0.004756587565662243,NMC,89
5.911149916123696,4.043884358813806,0.0066592225919271724,NMC,89
7.600049892159038,4.041138601683455,0.008561857618192103,NMC,89
9.28894986819438,4.0340014829631015,0.010464492644457032,NMC,89
12.666749820265062,4.0321428714333285,0.01426976269698689,NMC,89
16.044549772335746,4.024103149365772,0.018075032749516752,NMC,89
21.076941212052834,4.0148355774574265,0.023744287504057125,NMC,89
25.606093507798217,4.009635837570308,0.02884661678314351,NMC,89
30.135245803543594,4.004956599370404,0.033948946062229896,NMC,89
34.664398099288974,4.009291620123697,0.03905127534131621,NMC,89
39.19355039503435,3.999225238054521,0.04415360462040259,NMC,89
48.25185498652511,3.9967279148351125,0.05435826317857528,NMC,89
57.31015957801587,3.9870045802473975,0.06456292173674796,NMC,89
69.00620045828107,3.9883300275948623,0.07773912954252832,NMC,89
80.70224133854627,3.986019553686192,0.09091533734830858,NMC,89
92.39828221881147,3.9860888512516173,0.10409154515408892,NMC,89
104.09432309907668,3.9794105332234153,0.11726775295986917,NMC,89
115.79036397934188,3.9906629331955137,0.1304439607656495,NMC,89
127.48640485960708,3.9858302750577543,0.14362016857142984,NMC,89
150.8784866201375,3.9798595299923716,0.16997258418299047,NMC,89
174.2705683806679,3.9742787007326186,0.19632499979455106,NMC,89
197.6626501411983,3.970811307158412,0.22267741540611166,NMC,89
221.0547319017287,3.9604003303297763,0.24902983101767226,NMC,89
244.4468136622591,3.9788247705777633,0.2753822466292329,NMC,89
267.8388954227895,3.9620541715827446,0.3017346622407935,NMC,89
314.6230589438503,3.9494053767082975,0.3544394934639148,NMC,89
361.4072224649111,3.937985379355154,0.407144324687036,NMC,89
408.1913859859719,3.916195839095297,0.4598491559101572,NMC,89
454.9755495070327,3.9136866811550113,0.5125539871332784,NMC,89
501.75971302809353,3.8986964173436447,0.5652588183563996,NMC,89
548.5438765491543,3.8803952545678233,0.6179636495795209,NMC,89
595.3280400702151,3.8677726362684703,0.6706684808026421,NMC,89
642.1122035912759,3.861797893126139,0.7233733120257633,NMC,89
735.6805306333976,3.829611007212516,0.8287829744720058,NMC,89
829.2488576755192,3.809234028102461,0.9341926369182482,NMC,89
922.8171847176408,3.7969978150018453,1.0396022993644907,NMC,89
1016.3855117597624,3.783567795649273,1.145011961810733,NMC,89
1109.953838801884,3.747057129575506,1.2504216242569755,NMC,89
1203.5221658440057,3.714563146329546,1.3558312867032178,NMC,89
1297.090492886127,3.684912423824001,1.4612409491494602,NMC,89
1390.658819928249,3.6543278228099183,1.5666506115957026,NMC,89
1484.2271469703703,3.6274668069825395,1.672060274041945,NMC,89
1671.3638010546138,3.594820991684977,1.88287959893443,NMC,89
1858.500455138857,3.547209039460463,2.093698923826915,NMC,89
2045.6371092231,3.5207625528069695,2.3045182487194,NMC,89
2232.7737633073434,3.490948019849785,2.5153375736118844,NMC,89
2419.910417391586,3.4542950641785675,2.726156898504369,NMC,89
2607.04707147583,3.399410497447411,2.936976223396854,NMC,89
2794.183725560073,3.3423929013458844,3.147795548289339,NMC,89
2981.3203796443163,3.3049082521869377,3.358614873181824,NMC,89
3355.5936878128027,3.011918827785332,3.7802535229667935,NMC,89
3567.8549154554717,2.497827603683833,4.019377006986835,NMC,89
0.0,4.072711698463422,0.0,NMC,90
0.001649316382847,4.064444957136645,1.9059635803982443e-06,NMC,90
0.003298632765694,4.069170800130063,3.8119271607964885e-06,NMC,90
0.006597265531388,4.068202718466615,7.623854321592977e-06,NMC,90
0.0131945310627761,4.066902771403577,1.5247708643185954e-05,NMC,90
0.0263890621255522,4.059784984084435,3.0495417286371908e-05,NMC,90
0.0527781242511044,4.060878500284458,6.0990834572743816e-05,NMC,90
0.1055562485022088,4.057108667916141,0.00012198166914547737,NMC,90
0.2111124970044177,4.067661382362511,0.00024396333829095475,NMC,90
0.4222249940088354,4.058805098192303,0.0004879266765819095,NMC,90
0.8444499880176709,4.05653570618481,0.000975853353163819,NMC,90
1.6888999760353418,4.058374759033595,0.0019517067063277212,NMC,90
2.533349964053013,4.052763012464874,0.0029275600594916235,NMC,90
4.222249940088354,4.0481884098734815,0.004879266765819428,NMC,90
5.911149916123696,4.036543359835435,0.006830973472147232,NMC,90
7.600049892159038,4.04494937125224,0.008782680178475036,NMC,90
9.28894986819438,4.028977530284797,0.01073438688480284,NMC,90
12.666749820265062,4.020175793094189,0.014637800297458448,NMC,90
16.044549772335746,4.0157126909796075,0.01854121371011406,NMC,90
21.076941212052834,4.021248862926275,0.024356686657670604,NMC,90
25.606093507798217,4.021048562839927,0.029590612310471547,NMC,90
30.135245803543594,4.005336746730821,0.03482453796327249,NMC,90
34.664398099288974,4.004357880333077,0.040058463616073355,NMC,90
39.19355039503435,3.9976930518738714,0.04529238926887429,NMC,90
48.25185498652511,3.98583174441607,0.055760240574476094,NMC,90
57.31015957801587,3.984884631720305,0.06622809188007789,NMC,90
69.00620045828107,3.9832872025374346,0.0797441329407713,NMC,90
80.70224133854627,3.9881187382067025,0.09326017400146461,NMC,90
92.39828221881147,3.9861149283732877,0.10677621506215802,NMC,90
104.09432309907668,3.9914395189168,0.12029225612285133,NMC,90
115.79036397934188,3.998404020843567,0.13380829718354473,NMC,90
127.48640485960708,3.9787291163594736,0.14732433824423813,NMC,90
150.8784866201375,3.9758028049759266,0.17435642036562485,NMC,90
174.2705683806679,3.98244760095529,0.20138850248701157,NMC,90
197.6626501411983,3.9805851262630627,0.22842058460839829,NMC,90
221.0547319017287,3.9812453366434846,0.255452666729785,NMC,90
244.4468136622591,3.960883839695349,0.28248474885117175,NMC,90
267.8388954227895,3.9585350911159476,0.30951683097255844,NMC,90
314.6230589438503,3.937196736358815,0.363580995215332,NMC,90
361.4072224649111,3.9291385144992845,0.41764515945810543,NMC,90
408.1913859859719,3.9080949125019537,0.47170932370087887,NMC,90
454.9755495070327,3.900895234308863,0.5257734879436523,NMC,90
501.75971302809353,3.890672715770832,0.5798376521864258,NMC,90
548.5438765491543,3.87969231224546,0.6339018164291992,NMC,90
595.3280400702151,3.8595098801115055,0.6879659806719727,NMC,90
642.1122035912759,3.8609558125413335,0.7420301449147461,NMC,90
735.6805306333976,3.8399103297406683,0.850158473400293,NMC,90
829.2488576755192,3.810738304532562,0.9582868018858399,NMC,90
922.8171847176408,3.8062931808132556,1.066415130371387,NMC,90
1016.3855117597624,3.7792099652466433,1.1745434588569337,NMC,90
1109.953838801884,3.751616379967192,1.2826717873424807,NMC,90
1203.5221658440057,3.7048668803731775,1.3908001158280274,NMC,90
1297.090492886127,3.6805424768337462,1.4989284443135744,NMC,90
1390.658819928249,3.6582630396493463,1.6070567727991212,NMC,90
1484.2271469703703,3.6208171538079625,1.7151851012846682,NMC,90
1671.3638010546138,3.587632673623374,1.931441758255762,NMC,90
1858.500455138857,3.5547303541848954,2.1476984152268557,NMC,90
2045.6371092231,3.525715192699907,2.3639550721979496,NMC,90
2232.7737633073434,3.496599055170126,2.580211729169043,NMC,90
2419.910417391586,3.454884402791061,2.796468386140137,NMC,90
2607.04707147583,3.3900427930911237,3.0127250431112307,NMC,90
2794.183725560073,3.3555020201322185,3.2289817000823247,NMC,90
2981.3203796443163,3.2966672402349055,3.445238357053418,NMC,90
3355.5936878128027,2.998509935768935,3.8777516709956057,NMC,90
3567.8549154554717,2.5022206016847126,4.12304249186237,NMC,90
0.0,4.069880467043885,0.0,NMC,91
0.001649316382847,4.065721906135711,1.8416017411787336e-06,NMC,91
0.003298632765694,4.061483528024123,3.6832034823574673e-06,NMC,91
0.006597265531388,4.05592537332339,7.3664069647149345e-06,NMC,91
0.0131945310627761,4.061720312374389,1.4732813929429869e-05,NMC,91
0.0263890621255522,4.069655193590034,2.9465627858859738e-05,NMC,91
0.0527781242511044,4.0573620378545066,5.8931255717719476e-05,NMC,91
0.1055562485022088,4.068868619759897,0.00011786251143542903,NMC,91
0.2111124970044177,4.062765923045967,0.00023572502287085806,NMC,91
0.4222249940088354,4.058999944661991,0.00047145004574171613,NMC,91
0.8444499880176709,4.050752003894366,0.0009429000914834323,NMC,91
1.6888999760353418,4.054866880611935,0.0018858001829669452,NMC,91
2.533349964053013,4.0596664712073425,0.002828700274450458,NMC,91
4.222249940088354,4.057901680457108,0.004714500457417483,NMC,91
5.911149916123696,4.0362213279354595,0.006600300640384508,NMC,91
7.600049892159038,4.039235473475168,0.008486100823351534,NMC,91
9.28894986819438,4.031449176636526,0.01037190100631856,NMC,91
12.666749820265062,4.020788426154502,0.01414350137225261,NMC,91
16.044549772335746,4.01685039579581,0.01791510173818666,NMC,91
21.076941212052834,4.015251600881641,0.023534193947577244,NMC,91
25.606093507798217,4.008048219533911,0.02859137693602882,NMC,91
30.135245803543594,4.002412199617332,0.033648559924480397,NMC,91
34.664398099288974,4.008943000180403,0.03870574291293189,NMC,91
39.19355039503435,3.9977864874246123,0.04376292590138346,NMC,91
48.25185498652511,3.9977668438923595,0.053877291878286535,NMC,91
57.31015957801587,3.9864280893453143,0.0639916578551896,NMC,91
69.00620045828107,3.9782800671537997,0.07705128029877024,NMC,91
80.70224133854627,3.9926607805484418,0.0901109027423508,NMC,91
92.39828221881147,3.9876170018121004,0.10317052518593145,NMC,91
104.09432309907668,3.9876294196990973,0.116230147629512,NMC,91
115.79036397934188,3.989851621535728,0.12928977007309264,NMC,91
127.48640485960708,3.9784377660921435,0.14234939251667328,NMC,91
150.8784866201375,3.9999754095766025,0.16846863740383447,NMC,91
174.2705683806679,3.9795183711078947,0.1945878822909957,NMC,91
197.6626501411983,3.980130071717801,0.22070712717815688,NMC,91
221.0547319017287,3.9747083015550064,0.24682637206531807,NMC,91
244.4468136622591,3.9711075912627414,0.27294561695247926,NMC,91
267.8388954227895,3.9587681853009493,0.2990648618396405,NMC,91
314.6230589438503,3.946140239145453,0.351303351613963,NMC,91
361.4072224649111,3.9448010207990953,0.4035418413882854,NMC,91
408.1913859859719,3.910154949581637,0.4557803311626078,NMC,91
454.9755495070327,3.8988261157142325,0.5080188209369302,NMC,91
501.75971302809353,3.892944136829245,0.5602573107112526,NMC,91
548.5438765491543,3.8753358849196804,0.6124958004855751,NMC,91
595.3280400702151,3.8740549160298876,0.6647342902598974,NMC,91
642.1122035912759,3.8604800313350736,0.7169727800342198,NMC,91
735.6805306333976,3.8314586471344314,0.8214497595828647,NMC,91
829.2488576755192,3.8192887294468005,0.9259267391315096,NMC,91
922.8171847176408,3.812752220318962,1.0304037186801545,NMC,91
1016.3855117597624,3.7823324327574044,1.1348806982287991,NMC,91
1109.953838801884,3.751845625531071,1.239357677777444,NMC,91
1203.5221658440057,3.707070320254169,1.3438346573260889,NMC,91
1297.090492886127,3.684694001486632,1.4483116368747335,NMC,91
1390.658819928249,3.6520724508455853,1.5527886164233784,NMC,91
1484.2271469703703,3.6272581600788385,1.6572655959720233,NMC,91
1671.3638010546138,3.589735144001668,1.8662195550693128,NMC,91
1858.500455138857,3.5615362567678415,2.0751735141666026,NMC,91
2045.6371092231,3.5331361971665363,2.2841274732638923,NMC,91
2232.7737633073434,3.5060430144175356,2.4930814323611816,NMC,91
2419.910417391586,3.4517949684952063,2.7020353914584714,NMC,91
2607.04707147583,3.401676966311686,2.910989350555761,NMC,91
2794.183725560073,3.341919139295725,3.1199433096530504,NMC,91
2981.3203796443163,3.3037504909485707,3.32889726875034,NMC,91
3355.5936878128027,2.9945284073781355,3.7468051869449193,NMC,91
3567.8549154554717,2.492091643187259,3.9838128650816693,NMC,91
0.0,4.069470276558112,0.0,NMC,92
0.001649316382847,4.056630301541763,2.281085766813056e-06,NMC,92
0.003298632765694,4.065721019665039,4.562171533626112e-06,NMC,92
0.006597265531388,4.059441625167264,9.124343067252223e-06,NMC,92
0.0131945310627761,4.066098014804308,1.8248686134504446e-05,NMC,92
0.0263890621255522,4.069935210845371,3.649737226900889e-05,NMC,92
0.0527781242511044,4.063852023147648,7.299474453801779e-05,NMC,92
0.1055562485022088,4.056148205660651,0.0001459894890760233,NMC,92
0.2111124970044177,4.061981343118636,0.0002919789781520466,NMC,92
0.4222249940088354,4.05633363202011,0.0005839579563040932,NMC,92
0.8444499880176709,4.063200531955208,0.0011679159126081863,NMC,92
1.6888999760353418,4.057243875139728,0.0023358318252164724,NMC,92
2.533349964053013,4.051563262915328,0.0035037477378247585,NMC,92
4.222249940088354,4.047604545259692,0.005839579563041331,NMC,92
5.911149916123696,4.046073365336029,0.008175411388257902,NMC,92
7.600049892159038,4.042092010002859,0.010511243213474474,NMC,92
9.28894986819438,4.031540647776974,0.012847075038691046,NMC,92
12.666749820265062,4.033244513361137,0.01751873868912419,NMC,92
16.044549772335746,4.019812358788365,0.022190402339557335,NMC,92
21.076941212052834,4.012867488243779,0.029150447486477618,NMC,92
25.606093507798217,4.011977366389873,0.035414488118705935,NMC,92
30.135245803543594,4.017719792712551,0.04167852875093425,NMC,92
34.664398099288974,4.001786021658005,0.04794256938316247,NMC,92
39.19355039503435,4.002754337558744,0.05420661001539078,NMC,92
48.25185498652511,3.9966384866692772,0.06673469127984732,NMC,92
57.31015957801587,3.986693980107654,0.07926277254430385,NMC,92
69.00620045828107,3.987027207340221,0.0954389729734676,NMC,92
80.70224133854627,3.988230758522426,0.11161517340263125,NMC,92
92.39828221881147,3.9889463781115997,0.127791373831795,NMC,92
104.09432309907668,3.9805511586071427,0.14396757426095866,NMC,92
115.79036397934188,3.977412231838225,0.16014377469012242,NMC,92
127.48640485960708,3.9809920245585317,0.17631997511928613,NMC,92
150.8784866201375,3.9906305026565323,0.20867237597761354,NMC,92
174.2705683806679,3.9861087521289273,0.24102477683594095,NMC,92
197.6626501411983,3.9866613535065962,0.27337717769426834,NMC,92
221.0547319017287,3.9754526298097934,0.30572957855259575,NMC,92
244.4468136622591,3.965224805747202,0.33808197941092316,NMC,92
267.8388954227895,3.965920712210971,0.3704343802692506,NMC,92
314.6230589438503,3.9462615954182656,0.43513918198590545,NMC,92
361.4072224649111,3.9333519051643484,0.4998439837025603,NMC,92
408.1913859859719,3.924699124691854,0.564548785419215,NMC,92
454.9755495070327,3.9133974179376367,0.6292535871358699,NMC,92
501.75971302809353,3.894405048159913,0.6939583888525247,NMC,92
548.5438765491543,3.881423578729271,0.7586631905691795,NMC,92
595.3280400702151,3.8694534285307522,0.8233679922858343,NMC,92
642.1122035912759,3.8519881314575866,0.8880727940024892,NMC,92
735.6805306333976,3.837261684548044,1.017482397435799,NMC,92
829.2488576755192,3.812675978750612,1.1468920008691086,NMC,92
922.8171847176408,3.8081225392405624,1.276301604302418,NMC,92
1016.3855117597624,3.77439235991409,1.4057112077357277,NMC,92
1109.953838801884,3.7611631204398295,1.5351208111690373,NMC,92
1203.5221658440057,3.7130967623121127,1.664530414602347,NMC,92
1297.090492886127,3.678395476715431,1.7939400180356566,NMC,92
1390.658819928249,3.6577100467808825,1.9233496214689663,NMC,92
1484.2271469703703,3.630408220384308,2.052759224902276,NMC,92
1671.3638010546138,3.596490654386597,2.311578431768895,NMC,92
1858.500455138857,3.560633025389103,2.570397638635514,NMC,92
2045.6371092231,3.540835647799008,2.829216845502134,NMC,92
2232.7737633073434,3.498687964008269,3.0880360523687527,NMC,92
2419.910417391586,3.4549039441695917,3.346855259235372,NMC,92
2607.04707147583,3.4027777052255606,3.6056744661019913,NMC,92
2794.183725560073,3.3444112087798112,3.8644936729686106,NMC,92
2981.3203796443163,3.3018789434214195,4.12331287983523,NMC,92
3355.5936878128027,3.0043684463682676,4.6409512935684685,NMC,92
3567.8549154554717,2.501632877946829,4.934519022754645,NMC,92
0.0,4.0668509705890274,0.0,NMC,93
0.001649316382847,4.071030130209116,1.969897062553048e-06,NMC,93
0.003298632765694,4.067293832706578,3.939794125106096e-06,NMC,93
0.006597265531388,4.06478177665349,7.879588250212191e-06,NMC,93
0.0131945310627761,4.070878858119628,1.5759176500424383e-05,NMC,93
0.0263890621255522,4.068530006485693,3.1518353000848765e-05,NMC,93
0.0527781242511044,4.058241404704296,6.303670600169753e-05,NMC,93
0.1055562485022088,4.054139370925491,0.00012607341200338446,NMC,93
0.2111124970044177,4.0579765456050065,0.0002521468240067689,NMC,93
0.4222249940088354,4.061974861324485,0.0005042936480135379,NMC,93
0.8444499880176709,4.062268582243048,0.0010085872960270757,NMC,93
1.6888999760353418,4.063878463908035,0.0020171745920542377,NMC,93
2.533349964053013,4.053850759223103,0.0030257618880813993,NMC,93
4.222249940088354,4.038796910266972,0.0050429364801357224,NMC,93
5.911149916123696,4.030865662726692,0.007060111072190046,NMC,93
7.600049892159038,4.036953620291621,0.009077285664244369,NMC,93
9.28894986819438,4.035281705714149,0.011094460256298693,NMC,93
12.666749820265062,4.0302067847255545,0.015128809440407339,NMC,93
16.044549772335746,4.020730425917805,0.019163158624515987,NMC,93
21.076941212052834,4.01292204942189,0.025173705307865883,NMC,93
25.606093507798217,4.017028548031596,0.030583197322880836,NMC,93
30.135245803543594,4.002574672749405,0.035992689337895796,NMC,93
34.664398099288974,3.990354682568349,0.04140218135291067,NMC,93
39.19355039503435,3.9977433673306373,0.046811673367925626,NMC,93
48.25185498652511,3.9924496017531443,0.057630657397955455,NMC,93
57.31015957801587,3.991704790924517,0.06844964142798528,NMC,93
69.00620045828107,3.9937806932838913,0.08241906343406741,NMC,93
80.70224133854627,3.989593444441325,0.09638848544014944,NMC,93
92.39828221881147,3.994438393819411,0.11035790744623158,NMC,93
104.09432309907668,3.9820850646287,0.12432732945231362,NMC,93
115.79036397934188,3.98740222942776,0.13829675145839576,NMC,93
127.48640485960708,3.9848688813010997,0.15226617346447785,NMC,93
150.8784866201375,3.9839217245472103,0.18020501747664203,NMC,93
174.2705683806679,3.97657449394044,0.2081438614888062,NMC,93
197.6626501411983,3.986388162254807,0.23608270550097035,NMC,93
221.0547319017287,3.973405234879724,0.26402154951313456,NMC,93
244.4468136622591,3.9641584512391663,0.2919603935252987,NMC,93
267.8388954227895,3.9605193492783495,0.31989923753746285,NMC,93
314.6230589438503,3.951930781566016,0.3757769255617913,NMC,93
361.4072224649111,3.9344325604106842,0.4316546135861197,NMC,93
408.1913859859719,3.925999610006997,0.48753230161044797,NMC,93
454.9755495070327,3.914807151049985,0.5434099896347763,NMC,93
501.75971302809353,3.8848587641545036,0.5992876776591046,NMC,93
548.5438765491543,3.8788989463328547,0.655165365683433,NMC,93
595.3280400702151,3.869857871768703,0.7110430537077613,NMC,93
642.1122035912759,3.859966975242669,0.7669207417320897,NMC,93
735.6805306333976,3.839610946168461,0.8786761177807465,NMC,93
829.2488576755192,3.8199371520940577,0.9904314938294031,NMC,93
922.8171847176408,3.801682432505809,1.10218686987806,NMC,93
1016.3855117597624,3.7803102097305716,1.2139422459267164,NMC,93
1109.953838801884,3.750165714024622,1.325697621975373,NMC,93
1203.5221658440057,3.7226890249130142,1.4374529980240298,NMC,93
1297.090492886127,3.6756275012414505,1.5492083740726865,NMC,93
1390.658819928249,3.6525354429473453,1.6609637501213432,NMC,93
1484.2271469703703,3.6332015655298666,1.77271912617,NMC,93
1671.3638010546138,3.5880936795148224,1.9962298782673131,NMC,93
1858.500455138857,3.5656318570035257,2.2197406303646265,NMC,93
2045.6371092231,3.5314323802607235,2.4432513824619404,NMC,93
2232.7737633073434,3.5037158320209745,2.6667621345592534,NMC,93
2419.910417391586,3.4538228872779317,2.890272886656567,NMC,93
2607.04707147583,3.391198998290425,3.11378363875388,NMC,93
2794.183725560073,3.346948485855829,3.337294390851193,NMC,93
2981.3203796443163,3.300774426830872,3.5608051429485066,NMC,93
3355.5936878128027,3.008636067924827,4.007826647143133,NMC,93
3567.8549154554717,2.5052834113026172,4.261345482689667,NMC,93
0.0,4.0639141786045725,0.0,NMC,94
0.001649316382847,4.061494684213831,2.137307169956227e-06,NMC,94
0.003298632765694,4.068563504127608,4.274614339912454e-06,NMC,94
0.006597265531388,4.061110955057972,8.549228679824907e-06,NMC,94
0.0131945310627761,4.062060013469314,1.7098457359649815e-05,NMC,94
0.0263890621255522,4.064123370087158,3.419691471929963e-05,NMC,94
0.0527781242511044,4.066152014603993,6.839382943859926e-05,NMC,94
0.1055562485022088,4.05591190710709,0.000136787658877187,NMC,94
0.2111124970044177,4.063738774561542,0.000273575317754374,NMC,94
0.4222249940088354,4.06137621820113,0.000547150635508748,NMC,94
0.8444499880176709,4.053872859362115,0.001094301271017496,NMC,94
1.6888999760353418,4.047401625519762,0.0021886025420350856,NMC,94
2.533349964053013,4.058054926963848,0.0032829038130526753,NMC,94
4.222249940088354,4.043814622800431,0.005471506355087854,NMC,94
5.911149916123696,4.035287771079532,0.007660108897123033,NMC,94
7.600049892159038,4.0302667404299815,0.009848711439158211,NMC,94
9.28894986819438,4.042183905567502,0.012037313981193391,NMC,94
12.666749820265062,4.026359425885911,0.016414519065263748,NMC,94
16.044549772335746,4.014433724943061,0.020791724149334105,NMC,94
21.076941212052834,4.0179816127586685,0.02731307227756119,NMC,94
25.606093507798217,4.0064019527288615,0.03318228559296562,NMC,94
30.135245803543594,4.010062991688224,0.03905149890837005,NMC,94
34.664398099288974,3.9997129471979185,0.044920712223774396,NMC,94
39.19355039503435,3.9920732411062714,0.05078992553917882,NMC,94
48.25185498652511,3.9946869792895696,0.06252835216998759,NMC,94
57.31015957801587,3.995381570541379,0.07426677880079635,NMC,94
69.00620045828107,3.987501355329336,0.08942338082905062,NMC,94
80.70224133854627,3.97762849986154,0.10457998285730477,NMC,94
92.39828221881147,3.989174269872522,0.11973658488555904,NMC,94
104.09432309907668,3.9880774896868543,0.1348931869138132,NMC,94
115.79036397934188,3.9839851061976255,0.15004978894206747,NMC,94
127.48640485960708,3.9914319187914318,0.1652063909703217,NMC,94
150.8784866201375,3.9851475764952102,0.1955195950268301,NMC,94
174.2705683806679,3.9819380247026,0.22583279908333853,NMC,94
197.6626501411983,3.9722850927820814,0.256146003139847,NMC,94
221.0547319017287,3.972832427597103,0.28645920719635537,NMC,94
244.4468136622591,3.9643753868654175,0.3167724112528638,NMC,94
267.8388954227895,3.961520690443609,0.3470856153093722,NMC,94
314.6230589438503,3.937550583926505,0.40771202342238916,NMC,94
361.4072224649111,3.927227939348527,0.468338431535406,NMC,94
408.1913859859719,3.9220005795025883,0.5289648396484229,NMC,94
454.9755495070327,3.9063558253621187,0.5895912477614397,NMC,94
501.75971302809353,3.8875313294158813,0.6502176558744566,NMC,94
548.5438765491543,3.8752832029012465,0.7108440639874734,NMC,94
595.3280400702151,3.8716651082002573,0.7714704721004902,NMC,94
642.1122035912759,3.8600432452192615,0.832096880213507,NMC,94
735.6805306333976,3.842304911223864,0.9533496964395408,NMC,94
829.2488576755192,3.8217092005651785,1.0746025126655745,NMC,94
922.8171847176408,3.7933630324082768,1.1958553288916083,NMC,94
1016.3855117597624,3.7825709043209663,1.3171081451176418,NMC,94
1109.953838801884,3.7498383892550486,1.4383609613436756,NMC,94
1203.5221658440057,3.7058445168422836,1.5596137775697092,NMC,94
1297.090492886127,3.6817243425151407,1.680866593795743,NMC,94
1390.658819928249,3.657222861700496,1.8021194100217766,NMC,94
1484.2271469703703,3.6274430317816577,1.9233722262478103,NMC,94
1671.3638010546138,3.5894238775375342,2.1658778586998775,NMC,94
1858.500455138857,3.5628275305046144,2.408383491151945,NMC,94
2045.6371092231,3.5278441048276488,2.6508891236040126,NMC,94
2232.7737633073434,3.5027166380491086,2.8933947560560798,NMC,94
2419.910417391586,3.4567444547383017,3.1359003885081473,NMC,94
2607.04707147583,3.3974963100541644,3.3784060209602145,NMC,94
2794.183725560073,3.3426819442126496,3.620911653412282,NMC,94
2981.3203796443163,3.3058090237919497,3.863417285864349,NMC,94
3355.5936878128027,3.0039494389365817,4.348428550768484,NMC,94
3567.8549154554717,2.4992735016877856,4.623492479352808,NMC,94
0.0,4.05636490692213,0.0,NMC,95
0.001649316382847,4.06658961121672,2.0756532028482973e-06,NMC,95
0.003298632765694,4.062519365531624,4.151306405696595e-06,NMC,95
0.006597265531388,4.064478507054728,8.30261281139319e-06,NMC,95
0.0131945310627761,4.064546075370365,1.660522562278638e-05,NMC,95
0.0263890621255522,4.057079186598865,3.321045124557276e-05,NMC,95
0.0527781242511044,4.071374903472984,6.642090249114551e-05,NMC,95
0.1055562485022088,4.073441315731128,0.00013284180498227986,NMC,95
0.2111124970044177,4.059850223861911,0.0002656836099645597,NMC,95
0.4222249940088354,4.0563087653437435,0.0005313672199291194,NMC,95
0.8444499880176709,4.066157930874724,0.0010627344398582389,NMC,95
1.6888999760353418,4.053444234242589,0.0021254688797165684,NMC,95
2.533349964053013,4.050731691534767,0.0031882033195748984,NMC,95
4.222249940088354,4.047847127887618,0.005313672199291557,NMC,95
5.911149916123696,4.0440582953916815,0.007439141079008216,NMC,95
7.600049892159038,4.026976837290026,0.009564609958724875,NMC,95
9.28894986819438,4.030360309221191,0.011690078838441535,NMC,95
12.666749820265062,4.018887959608715,0.015941016597874853,NMC,95
16.044549772335746,4.01604937827921,0.02019195435730817,NMC,95
21.076941212052834,4.014882534576787,0.026525184002310728,NMC,95
25.606093507798217,4.005740268220115,0.03222509068281308,NMC,95
30.135245803543594,4.007963031332056,0.03792499736331544,NMC,95
34.664398099288974,4.0006746160998645,0.04362490404381771,NMC,95
39.19355039503435,3.992789961936653,0.04932481072432006,NMC,95
48.25185498652511,3.991178068234162,0.06072462408532469,NMC,95
57.31015957801587,3.9994409622532747,0.0721244374463293,NMC,95
69.00620045828107,3.9812165217199564,0.0868438235909457,NMC,95
80.70224133854627,3.9813236224080373,0.10156320973556199,NMC,95
92.39828221881147,3.981856283577213,0.11628259588017838,NMC,95
104.09432309907668,3.9865582521001643,0.13100198202479468,NMC,95
115.79036397934188,3.9845560256372057,0.14572136816941106,NMC,95
127.48640485960708,3.9995353128877333,0.16044075431402743,NMC,95
150.8784866201375,3.981267750773277,0.18987952660326013,NMC,95
174.2705683806679,3.985282215410208,0.2193182988924928,NMC,95
197.6626501411983,3.9702765644532785,0.2487570711817255,NMC,95
221.0547319017287,3.9738767092048763,0.27819584347095816,NMC,95
244.4468136622591,3.963645550648912,0.30763461576019085,NMC,95
267.8388954227895,3.962911002262099,0.33707338804942355,NMC,95
314.6230589438503,3.9480071635976364,0.395950932627889,NMC,95
361.4072224649111,3.9307718894263117,0.4548284772063544,NMC,95
408.1913859859719,3.9213651888717087,0.5137060217848197,NMC,95
454.9755495070327,3.897784323333254,0.5725835663632851,NMC,95
501.75971302809353,3.893137824675467,0.6314611109417505,NMC,95
548.5438765491543,3.8773870507743533,0.6903386555202159,NMC,95
595.3280400702151,3.8714850627516944,0.7492162000986813,NMC,95
642.1122035912759,3.8569277874193713,0.8080937446771466,NMC,95
735.6805306333976,3.837409004304181,0.9258488338340775,NMC,95
829.2488576755192,3.81834255398698,1.0436039229910081,NMC,95
922.8171847176408,3.8129461564036484,1.161359012147939,NMC,95
1016.3855117597624,3.7788126334501753,1.2791141013048697,NMC,95
1109.953838801884,3.7510421144526855,1.3968691904618005,NMC,95
1203.5221658440057,3.712640200224784,1.5146242796187313,NMC,95
1297.090492886127,3.676358567739493,1.6323793687756618,NMC,95
1390.658819928249,3.649637581163371,1.7501344579325926,NMC,95
1484.2271469703703,3.623045528653959,1.8678895470895234,NMC,95
1671.3638010546138,3.581458105845646,2.103399725403385,NMC,95
1858.500455138857,3.5594504907670172,2.3389099037172465,NMC,95
2045.6371092231,3.531574457360523,2.574420082031108,NMC,95
2232.7737633073434,3.5076544589167873,2.809930260344969,NMC,95
2419.910417391586,3.4549535655216705,3.0454404386588307,NMC,95
2607.04707147583,3.399888957248643,3.2809506169726923,NMC,95
2794.183725560073,3.3423203945106374,3.516460795286554,NMC,95
2981.3203796443163,3.2923398928520538,3.7519709736004154,NMC,95
3355.5936878128027,3.0093732197028666,4.2229913302281386,NMC,95
3567.8549154554717,2.500690443934765,4.490120609715738,NMC,95
0.0,4.060374012562448,0.0,NMC,96
0.001649316382847,4.063028142761762,2.101982669082741e-06,NMC,96
0.003298632765694,4.064530748160697,4.203965338165482e-06,NMC,96
0.006597265531388,4.064485713007621,8.407930676330963e-06,NMC,96
0.0131945310627761,4.065499096235543,1.6815861352661926e-05,NMC,96
0.0263890621255522,4.070421263260223,3.363172270532385e-05,NMC,96
0.0527781242511044,4.06634497807404,6.72634454106477e-05,NMC,96
0.1055562485022088,4.065562259912507,0.00013452689082128408,NMC,96
0.2111124970044177,4.056133152563984,0.00026905378164256816,NMC,96
0.4222249940088354,4.061956765921226,0.0005381075632851363,NMC,96
0.8444499880176709,4.055275963621446,0.0010762151265702726,NMC,96
1.6888999760353418,4.061849080698303,0.0021524302531406372,NMC,96
2.533349964053013,4.054605572286721,0.003228645379711002,NMC,96
4.222249940088354,4.0456847358962005,0.005381075632851731,NMC,96
5.911149916123696,4.037577480547416,0.007533505885992459,NMC,96
7.600049892159038,4.037291544382245,0.009685936139133189,NMC,96
9.28894986819438,4.0315430999429145,0.011838366392273918,NMC,96
12.666749820265062,4.03716985098636,0.016143226898555376,NMC,96
16.044549772335746,4.022935150292923,0.020448087404836834,NMC,96
21.076941212052834,4.013791915315841,0.02686165347398975,NMC,96
25.606093507798217,4.002728552695506,0.03263386293622743,NMC,96
30.135245803543594,4.007517003805453,0.03840607239846511,NMC,96
34.664398099288974,3.9993181198717718,0.044178281860702696,NMC,96
39.19355039503435,4.002676943993473,0.049950491322940375,NMC,96
48.25185498652511,3.990020488395973,0.06149491024741564,NMC,96
57.31015957801587,3.9912406782919394,0.0730393291718909,NMC,96
69.00620045828107,3.9868803268520088,0.08794542934944623,NMC,96
80.70224133854627,3.9899053506731432,0.10285152952700144,NMC,96
92.39828221881147,3.9865045277040574,0.11775762970455676,NMC,96
104.09432309907668,3.986626472271119,0.13266372988211197,NMC,96
115.79036397934188,3.9881642020647017,0.1475698300596673,NMC,96
127.48640485960708,3.98851989684398,0.1624759302372226,NMC,96
150.8784866201375,3.979293019948419,0.19228813059233316,NMC,96
174.2705683806679,3.9745105235386378,0.2221003309474437,NMC,96
197.6626501411983,3.9765460936290196,0.25191253130255425,NMC,96
221.0547319017287,3.9819415954990838,0.28172473165766476,NMC,96
244.4468136622591,3.9590892878133195,0.3115369320127753,NMC,96
267.8388954227895,3.9580208780979937,0.34134913236788583,NMC,96
314.6230589438503,3.9517637049485583,0.400973533078107,NMC,96
361.4072224649111,3.9267151397113853,0.46059793378832814,NMC,96
408.1913859859719,3.9226076072341773,0.5202223344985492,NMC,96
454.9755495070327,3.901272119985704,0.5798467352087703,NMC,96
501.75971302809353,3.8910632537469043,0.6394711359189914,NMC,96
548.5438765491543,3.8781206786181817,0.6990955366292124,NMC,96
595.3280400702151,3.8688733052677193,0.7587199373394335,NMC,96
642.1122035912759,3.8559387819361555,0.8183443380496547,NMC,96
735.6805306333976,3.8371066370617433,0.9375931394700969,NMC,96
829.2488576755192,3.8232072811339366,1.056841940890539,NMC,96
922.8171847176408,3.8018655341655543,1.1760907423109812,NMC,96
1016.3855117597624,3.7765010485759953,1.2953395437314235,NMC,96
1109.953838801884,3.7590273591248944,1.4145883451518655,NMC,96
1203.5221658440057,3.7126477811210434,1.5338371465723077,NMC,96
1297.090492886127,3.680985859699872,1.65308594799275,NMC,96
1390.658819928249,3.652874714484406,1.772334749413192,NMC,96
1484.2271469703703,3.6291146908411105,1.8915835508336343,NMC,96
1671.3638010546138,3.590414131030995,2.1300811536745186,NMC,96
1858.500455138857,3.5593871580315253,2.368578756515403,NMC,96
2045.6371092231,3.5317605259090863,2.6070763593562876,NMC,96
2232.7737633073434,3.4972728948355702,2.8455739621971716,NMC,96
2419.910417391586,3.4503767940441223,3.0840715650380557,NMC,96
2607.04707147583,3.4083895313901644,3.32256916787894,NMC,96
2794.183725560073,3.3495129762304043,3.5610667707198247,NMC,96
2981.3203796443163,3.2973259681522573,3.7995643735607088,NMC,96
3355.5936878128027,3.0119298184506818,4.276559579242478,NMC,96
3567.8549154554717,2.5044892281707956,4.547077368590418,NMC,96
0.0,4.0620611408502185,0.0,NMC,97
0.001649316382847,4.0618101385879255,1.96339845239472e-06,NMC,97
0.003298632765694,4.068983004700562,3.92679690478944e-06,NMC,97
0.006597265531388,4.063335177468637,7.85359380957888e-06,NMC,97
0.0131945310627761,4.067578024669467,1.570718761915776e-05,NMC,97
0.0263890621255522,4.064961247995117,3.141437523831552e-05,NMC,97
0.0527781242511044,4.067536035353944,6.282875047663104e-05,NMC,97
0.1055562485022088,4.063864734710548,0.0001256575009532515,NMC,97
0.2111124970044177,4.062330006212987,0.000251315001906503,NMC,97
0.4222249940088354,4.0607259572715195,0.000502630003813006,NMC,97
0.8444499880176709,4.061661423329832,0.001005260007626012,NMC,97
1.6888999760353418,4.052321657055158,0.00201052001525211,NMC,97
2.533349964053013,4.056903059941397,0.003015780022878208,NMC,97
4.222249940088354,4.041985132372697,0.005026300038130403,NMC,97
5.911149916123696,4.044892871004293,0.007036820053382599,NMC,97
7.600049892159038,4.047251767162458,0.009047340068634795,NMC,97
9.28894986819438,4.041675148945995,0.01105786008388699,NMC,97
12.666749820265062,4.03047512301499,0.015078900114391381,NMC,97
16.044549772335746,4.024660552540536,0.019099940144895772,NMC,97
21.076941212052834,4.010352183648835,0.025090658279599123,NMC,97
25.606093507798217,4.008601448751267,0.030482304600832184,NMC,97
30.135245803543594,4.00694202607669,0.03587395092206525,NMC,97
34.664398099288974,3.996910429238618,0.04126559724329824,NMC,97
39.19355039503435,3.9945189339266047,0.0466572435645313,NMC,97
48.25185498652511,3.998754287018582,0.05744053620699734,NMC,97
57.31015957801587,3.9946126323700506,0.06822382884946339,NMC,97
69.00620045828107,3.9877744248601044,0.08214716630144346,NMC,97
80.70224133854627,3.9900102671597573,0.09607050375342345,NMC,97
92.39828221881147,3.995257968421598,0.10999384120540354,NMC,97
104.09432309907668,3.986108875741703,0.12391717865738353,NMC,97
115.79036397934188,3.987019072119539,0.1378405161093636,NMC,97
127.48640485960708,3.976878631306054,0.15176385356134367,NMC,97
150.8784866201375,3.9792695724642577,0.17961052846530373,NMC,97
174.2705683806679,3.9847236963119177,0.2074572033692638,NMC,97
197.6626501411983,3.9774151741627892,0.23530387827322388,NMC,97
221.0547319017287,3.9680050049827793,0.26315055317718394,NMC,97
244.4468136622591,3.970025550569384,0.29099722808114403,NMC,97
267.8388954227895,3.964710757340932,0.31884390298510407,NMC,97
314.6230589438503,3.9445757953242704,0.3745372527930243,NMC,97
361.4072224649111,3.933262813797356,0.4302306026009445,NMC,97
408.1913859859719,3.918769389753125,0.4859239524088646,NMC,97
454.9755495070327,3.9070080680930404,0.5416173022167847,NMC,97
501.75971302809353,3.8946487409933734,0.5973106520247049,NMC,97
548.5438765491543,3.872223843565114,0.653004001832625,NMC,97
595.3280400702151,3.8738049216806054,0.7086973516405451,NMC,97
642.1122035912759,3.8608503720640415,0.7643907014484653,NMC,97
735.6805306333976,3.8426542223156477,0.8757774010643057,NMC,97
829.2488576755192,3.8275919111940637,0.9871641006801459,NMC,97
922.8171847176408,3.804108625901806,1.0985508002959863,NMC,97
1016.3855117597624,3.7766563741997725,1.2099374999118264,NMC,97
1109.953838801884,3.7453405250116614,1.3213241995276668,NMC,97
1203.5221658440057,3.711392715534099,1.4327108991435071,NMC,97
1297.090492886127,3.679149198302435,1.5440975987593473,NMC,97
1390.658819928249,3.655568738130724,1.6554842983751876,NMC,97
1484.2271469703703,3.637820527476163,1.766870997991028,NMC,97
1671.3638010546138,3.588193212487313,1.9896443972227085,NMC,97
1858.500455138857,3.551332667881167,2.212417796454389,NMC,97
2045.6371092231,3.5295654690203597,2.43519119568607,NMC,97
2232.7737633073434,3.4960843519642193,2.6579645949177504,NMC,97
2419.910417391586,3.4537482845795093,2.8807379941494307,NMC,97
2607.04707147583,3.3961791346021224,3.1035113933811114,NMC,97
2794.183725560073,3.34255134204962,3.3262847926127916,NMC,97
2981.3203796443163,3.3050377546103724,3.5490581918444724,NMC,97
3355.5936878128027,3.014548377602753,3.9946049903078333,NMC,97
3567.8549154554717,2.5023817049035566,4.247287477543926,NMC,97
0.0,4.0689082588258545,0.0,NMC,98
0.001649316382847,4.060243968967082,2.049109297060664e-06,NMC,98
0.003298632765694,4.0677282648208175,4.098218594121328e-06,NMC,98
0.006597265531388,4.059828369713037,8.196437188242655e-06,NMC,98
0.0131945310627761,4.063917643131131,1.639287437648531e-05,NMC,98
0.0263890621255522,4.056293508646756,3.278574875297062e-05,NMC,98
0.0527781242511044,4.051440181466626,6.557149750594124e-05,NMC,98
0.1055562485022088,4.059031297251721,0.00013114299501187145,NMC,98
0.2111124970044177,4.065674155337339,0.0002622859900237429,NMC,98
0.4222249940088354,4.064709293861176,0.0005245719800474858,NMC,98
0.8444499880176709,4.059922044070569,0.0010491439600949716,NMC,98
1.6888999760353418,4.056085254566778,0.0020982879201900326,NMC,98
2.533349964053013,4.057505833351872,0.003147431880285094,NMC,98
4.222249940088354,4.047285053236587,0.005245719800475216,NMC,98
5.911149916123696,4.038669592774437,0.007344007720665337,NMC,98
7.600049892159038,4.033439669593209,0.009442295640855459,NMC,98
9.28894986819438,4.037036939185191,0.011540583561045582,NMC,98
12.666749820265062,4.02930330627117,0.015737159401425824,NMC,98
16.044549772335746,4.019194899553737,0.01993373524180607,NMC,98
21.076941212052834,4.0096024042483,0.026185974165045613,NMC,98
25.606093507798217,4.008356278342508,0.031812989195961254,NMC,98
30.135245803543594,4.011411001903208,0.0374400042268769,NMC,98
34.664398099288974,3.9933473007327502,0.04306701925779245,NMC,98
39.19355039503435,4.001381641780199,0.04869403428870809,NMC,98
48.25185498652511,3.993114007423477,0.05994806435053929,NMC,98
57.31015957801587,3.993394644212459,0.07120209441237048,NMC,98
69.00620045828107,3.996076788596854,0.0857332458371703,NMC,98
80.70224133854627,3.981568836736548,0.10026439726197003,NMC,98
92.39828221881147,3.995022091652786,0.11479554868676987,NMC,98
104.09432309907668,3.9827042891692725,0.1293267001115696,NMC,98
115.79036397934188,3.985244679641983,0.14385785153636943,NMC,98
127.48640485960708,3.9832604355392958,0.15838900296116923,NMC,98
150.8784866201375,3.981473617740269,0.1874513058107688,NMC,98
174.2705683806679,3.9719959089314556,0.21651360866036837,NMC,98
197.6626501411983,3.974372816160791,0.24557591150996794,NMC,98
221.0547319017287,3.9666883133768853,0.2746382143595675,NMC,98
244.4468136622591,3.965753847257325,0.303700517209167,NMC,98
267.8388954227895,3.9603980334074738,0.3327628200587666,NMC,98
314.6230589438503,3.947819715573352,0.3908874257579658,NMC,98
361.4072224649111,3.93455146495178,0.44901203145716495,NMC,98
408.1913859859719,3.926456358478919,0.507136637156364,NMC,98
454.9755495070327,3.906452420537663,0.5652612428555632,NMC,98
501.75971302809353,3.8926910650950064,0.6233858485547623,NMC,98
548.5438765491543,3.878981900338916,0.6815104542539615,NMC,98
595.3280400702151,3.8592337698072305,0.7396350599531606,NMC,98
642.1122035912759,3.8560933867757434,0.7977596656523597,NMC,98
735.6805306333976,3.84263832927003,0.9140088770507581,NMC,98
829.2488576755192,3.8279575156253802,1.0302580884491563,NMC,98
922.8171847176408,3.7990254712270777,1.1465072998475545,NMC,98
1016.3855117597624,3.7830090457329755,1.262756511245953,NMC,98
1109.953838801884,3.744791562846135,1.379005722644351,NMC,98
1203.5221658440057,3.716545324186673,1.4952549340427492,NMC,98
1297.090492886127,3.686558092242618,1.6115041454411476,NMC,98
1390.658819928249,3.6556306698143333,1.7277533568395458,NMC,98
1484.2271469703703,3.62796637836856,1.844002568237944,NMC,98
1671.3638010546138,3.5893974670842606,2.0765009910347407,NMC,98
1858.500455138857,3.5574835778623966,2.308999413831537,NMC,98
2045.6371092231,3.530394277139248,2.541497836628334,NMC,98
2232.7737633073434,3.4994214326190534,2.77399625942513,NMC,98
2419.910417391586,3.4453967581365483,3.0064946822219265,NMC,98
2607.04707147583,3.39467620195639,3.238993105018723,NMC,98
2794.183725560073,3.3471104192239336,3.4714915278155196,NMC,98
2981.3203796443163,3.290201940105809,3.703989950612316,NMC,98
3355.5936878128027,3.007371115805466,4.168986796205909,NMC,98
3567.8549154554717,2.4910207694980704,4.432699968215579,NMC,98
0.0,4.061420570618729,0.0,NMC,99
0.001649316382847,4.064976533568385,1.8915903406155892e-06,NMC,99
0.003298632765694,4.067191471688243,3.7831806812311783e-06,NMC,99
0.006597265531388,4.056180595161006,7.566361362462357e-06,NMC,99
0.0131945310627761,4.062213303114794,1.5132722724924713e-05,NMC,99
0.0263890621255522,4.055871369091305,3.0265445449849427e-05,NMC,99
0.0527781242511044,4.065059758364607,6.053089089969885e-05,NMC,99
0.1055562485022088,4.0756510751326385,0.00012106178179938753,NMC,99
0.2111124970044177,4.065472503723548,0.00024212356359877506,NMC,99
0.4222249940088354,4.050269091561506,0.0004842471271975501,NMC,99
0.8444499880176709,4.059490633212201,0.0009684942543951002,NMC,99
1.6888999760353418,4.05490544224142,0.001936988508790283,NMC,99
2.533349964053013,4.0544878651291025,0.002905482763185466,NMC,99
4.222249940088354,4.045688932696368,0.004842471271975832,NMC,99
5.911149916123696,4.0505785725887025,0.006779459780766196,NMC,99
7.600049892159038,4.0437949217789315,0.008716448289556563,NMC,99
9.28894986819438,4.035641170403279,0.010653436798346929,NMC,99
12.666749820265062,4.026054926516662,0.014527413815927658,NMC,99
16.044549772335746,4.025185731027476,0.01840139083350839,NMC,99
21.076941212052834,4.026618358925021,0.02417300817543615,NMC,99
25.606093507798217,4.007324953233911,0.029367463783171184,NMC,99
30.135245803543594,4.013731169100442,0.03456191939090622,NMC,99
34.664398099288974,4.002511206276985,0.039756374998641174,NMC,99
39.19355039503435,4.002806419129662,0.04495083060637621,NMC,99
48.25185498652511,3.9924474897543805,0.0553397418218462,NMC,99
57.31015957801587,3.9959205428336064,0.06572865303731618,NMC,99
69.00620045828107,3.989914693598219,0.07914276701971937,NMC,99
80.70224133854627,3.9887120122821935,0.09255688100212246,NMC,99
92.39828221881147,3.9819653437327003,0.10597099498452565,NMC,99
104.09432309907668,3.9855474348587605,0.11938510896692875,NMC,99
115.79036397934188,3.985427886029905,0.13279922294933194,NMC,99
127.48640485960708,3.9756520263914825,0.1462133369317351,NMC,99
150.8784866201375,3.984460582564498,0.17304156489654138,NMC,99
174.2705683806679,3.9769639719330727,0.19986979286134768,NMC,99
197.6626501411983,3.969673333900087,0.22669802082615395,NMC,99
221.0547319017287,3.971723557553781,0.25352624879096025,NMC,99
244.4468136622591,3.97074654046448,0.2803544767557665,NMC,99
267.8388954227895,3.9502791018778276,0.3071827047205728,NMC,99
314.6230589438503,3.9468521323507257,0.36083916065018545,NMC,99
361.4072224649111,3.934519100404269,0.41449561657979805,NMC,99
408.1913859859719,3.9195011909269413,0.4681520725094106,NMC,99
454.9755495070327,3.9054483242973337,0.5218085284390231,NMC,99
501.75971302809353,3.893767331021754,0.5754649843686357,NMC,99
548.5438765491543,3.877939251516963,0.6291214402982483,NMC,99
595.3280400702151,3.8700232210671683,0.6827778962278609,NMC,99
642.1122035912759,3.8611855330054725,0.7364343521574734,NMC,99
735.6805306333976,3.8414401710319255,0.8437472640166986,NMC,99
829.2488576755192,3.8171873264143983,0.9510601758759238,NMC,99
922.8171847176408,3.805026102134746,1.058373087735149,NMC,99
1016.3855117597624,3.7801834854328797,1.165685999594374,NMC,99
1109.953838801884,3.7480572067823927,1.2729989114535991,NMC,99
1203.5221658440057,3.7128218965811373,1.3803118233128244,NMC,99
1297.090492886127,3.68756505287744,1.4876247351720495,NMC,99
1390.658819928249,3.6545929941702773,1.5949376470312746,NMC,99
1484.2271469703703,3.6281700313997964,1.7022505588904997,NMC,99
1671.3638010546138,3.600471194568436,1.91687638260895,NMC,99
1858.500455138857,3.550722558533909,2.1315022063274003,NMC,99
2045.6371092231,3.5258547751767506,2.346128030045851,NMC,99
2232.7737633073434,3.5019104253018725,2.5607538537643006,NMC,99
2419.910417391586,3.462077022099566,2.7753796774827513,NMC,99
2607.04707147583,3.400499550487224,2.9900055012012015,NMC,99
2794.183725560073,3.3463028235148546,3.2046313249196516,NMC,99
2981.3203796443163,3.296821402691745,3.419257148638102,NMC,99
3355.5936878128027,3.008622915733515,3.8485087960750026,NMC,99
3567.8549154554717,2.498869820169778,4.091949831446881,NMC,99
0.0,4.05288685524124,0.0,NMC,100
0.001649316382847,4.069946232248933,2.21215700350473e-06,NMC,100
0.003298632765694,4.068394929182512,4.42431400700946e-06,NMC,100
0.006597265531388,4.068871835571499,8.84862801401892e-06,NMC,100
0.0131945310627761,4.0620047729748485,1.769725602803784e-05,NMC,100
0.0263890621255522,4.063394403292457,3.539451205607568e-05,NMC,100
0.0527781242511044,4.065903440209307,7.078902411215137e-05,NMC,100
0.1055562485022088,4.060245506403488,0.00014157804822429083,NMC,100
0.2111124970044177,4.053086027579291,0.00028315609644858166,NMC,100
0.4222249940088354,4.057836003037304,0.0005663121928971633,NMC,100
0.8444499880176709,4.067786324378688,0.0011326243857943267,NMC,100
1.6888999760353418,4.055240120041091,0.00226524877158875,NMC,100
2.533349964053013,4.0493016596727,0.0033978731573831734,NMC,100
4.222249940088354,4.051767261937719,0.005663121928972019,NMC,100
5.911149916123696,4.040158264704025,0.007928370700560865,NMC,100
7.600049892159038,4.042910213453434,0.010193619472149713,NMC,100
9.28894986819438,4.029572588431206,0.012458868243738559,NMC,100
12.666749820265062,4.020516245258423,0.01698936578691625,NMC,100
16.044549772335746,4.026818622835725,0.021519863330093945,NMC,100
21.076941212052834,4.009255876248155,0.028269593147565837,NMC,100
25.606093507798217,4.012756928517748,0.03434434998329059,NMC,100
30.135245803543594,4.005244276666211,0.04041910681901535,NMC,100
34.664398099288974,4.000667167314076,0.04649386365474002,NMC,100
39.19355039503435,3.9928635122914766,0.052568620490464776,NMC,100
48.25185498652511,3.999038463035851,0.0647181341619142,NMC,100
57.31015957801587,3.996935066886167,0.07686764783336363,NMC,100
69.00620045828107,3.9901588727796,0.09255504354205969,NMC,100
80.70224133854627,3.98454104160991,0.10824243925075566,NMC,100
92.39828221881147,3.9828180269691633,0.12392983495945174,NMC,100
104.09432309907668,3.982374671388609,0.1396172306681477,NMC,100
115.79036397934188,3.9848071953024817,0.15530462637684378,NMC,100
127.48640485960708,3.987603685855438,0.17099202208553982,NMC,100
150.8784866201375,3.9842910972085455,0.20236681350293187,NMC,100
174.2705683806679,3.979384376861047,0.23374160492032392,NMC,100
197.6626501411983,3.9698827866365165,0.26511639633771594,NMC,100
221.0547319017287,3.9618648299915105,0.296491187755108,NMC,100
244.4468136622591,3.974686256545425,0.32786597917250004,NMC,100
267.8388954227895,3.9568669107593175,0.35924077058989207,NMC,100
314.6230589438503,3.9365329577663655,0.4219903534246763,NMC,100
361.4072224649111,3.9314353014985493,0.4847399362594604,NMC,100
408.1913859859719,3.922193798837449,0.5474895190942445,NMC,100
454.9755495070327,3.9121306678700023,0.6102391019290285,NMC,100
501.75971302809353,3.8978062099060167,0.6729886847638126,NMC,100
548.5438765491543,3.8708187260749995,0.7357382675985967,NMC,100
595.3280400702151,3.857858065516938,0.7984878504333808,NMC,100
642.1122035912759,3.854856730444882,0.8612374332681649,NMC,100
735.6805306333976,3.8355018396946585,0.9867365989377331,NMC,100
829.2488576755192,3.821614700596934,1.1122357646073013,NMC,100
922.8171847176408,3.7957377892556643,1.2377349302768694,NMC,100
1016.3855117597624,3.7802930001769273,1.3632340959464377,NMC,100
1109.953838801884,3.7491421855821128,1.4887332616160058,NMC,100
1203.5221658440057,3.7222781203128594,1.614232427285574,NMC,100
1297.090492886127,3.684400362910447,1.7397315929551422,NMC,100
1390.658819928249,3.650074548763269,1.8652307586247103,NMC,100
1484.2271469703703,3.627792826858129,1.9907299242942784,NMC,100
1671.3638010546138,3.588148967403299,2.241728255633415,NMC,100
1858.500455138857,3.560006607008533,2.4927265869725512,NMC,100
2045.6371092231,3.532144877281788,2.743724918311688,NMC,100
2232.7737633073434,3.501398883267618,2.994723249650824,NMC,100
2419.910417391586,3.4587356592084006,3.24572158098996,NMC,100
2607.04707147583,3.3996223084390564,3.4967199123290964,NMC,100
2794.183725560073,3.3441958548852497,3.747718243668233,NMC,100
2981.3203796443163,3.303610788402295,3.998716575007369,NMC,100
3355.5936878128027,2.9956400554627916,4.500713237685642,NMC,100
3567.8549154554717,2.497819073158002,4.785410077046265,NMC,100
